Player,Nation,Born,Min,MP,Gls,Ast,npxG,xAG,KP,PrgP,PrgC,Tkl,Int,Succ,Age,Squad,Comp,Pos,position_group,npxG_per90,xAG_per90,KP_per90,PrgP_per90,PrgC_per90,Tkl_per90,Int_per90,Succ_per90,npxG_per90_pct,xAG_per90_pct,KP_per90_pct,PrgP_per90_pct,PrgC_per90_pct,Tkl_per90_pct,Int_per90_pct,Succ_per90_pct,player_id,player_name,minutes_played,npxG_per90_scaled,xAG_per90_scaled,KP_per90_scaled,PrgP_per90_scaled,PrgC_per90_scaled,Tkl_per90_scaled,Int_per90_scaled,Succ_per90_scaled,cluster_id,cluster_name,gmm_probabilities_json,pca_x,pca_y
Aaron Cresswell,eng ENG,1989.0,824,18,0,0,0.2,1.3,9,36,6,11,8,1,34.0,West Ham,eng Premier League,DF,Defender,0.022,0.142,0.983,3.932,0.655,1.201,0.874,0.109,28.1,88.6,80.3,66.0,32.5,18.6,36.1,20.0,aaron_cresswell_eng_eng_1989_0,Aaron Cresswell,824,-0.7945704180115913,0.5206483040931507,0.07506167052684762,0.1823890086537439,-0.8108165224026677,-0.6004708823868996,0.14461530877502174,-0.9796290474024333,1,Stopper / Defensive Destroyer,"{""Defender Archetype 1 (Low PrgC)"": 0.0, ""Defender Archetype 2 (High xAG)"": 0.9959, ""Defender Archetype 3 (Low npxG)"": 0.0041}",-0.657,-0.012
Aaron Wan-Bissaka,eng ENG,1997.0,3154,36,2,5,1.2,3.5,33,149,110,70,66,64,26.0,West Ham,eng Premier League,DF,Defender,0.034,0.1,0.942,4.252,3.139,1.997,1.883,1.826,42.8,80.1,78.5,74.7,95.7,66.9,96.1,99.1,aaron_wan_bissaka_eng_eng_1997_0,Aaron Wan-Bissaka,3154,-0.7073004898870762,0.012796281990251911,0.01156315511665512,0.36949226397181256,1.1010818641248905,0.43691405569802694,2.227622450310467,1.684218434251891,0,Ball-Playing Defender,"{""Defender Archetype 1 (Low PrgC)"": 0.0, ""Defender Archetype 2 (High xAG)"": 0.9999, ""Defender Archetype 3 (Low npxG)"": 0.0001}",0.118,1.982
Aarón Martín,es ESP,1997.0,3085,36,0,8,0.9,5.5,65,90,50,71,19,12,27.0,Genoa,it Serie A,DF,Defender,0.026,0.16,1.896,2.626,1.459,2.071,0.554,0.35,33.3,92.4,97.2,26.9,62.1,69.8,9.2,54.3,aar_n_mart_n_es_esp_1997_0,Aarón Martín,3085,-0.7654804419700862,0.7382991707086789,1.4890651966123523,-0.5812261521131241,-0.19198950840582507,0.5333543640124548,-0.5160014259042074,-0.6057284981428572,0,Ball-Playing Defender,"{""Defender Archetype 1 (Low PrgC)"": 0.0, ""Defender Archetype 2 (High xAG)"": 1.0, ""Defender Archetype 3 (Low npxG)"": 0.0}",0.479,0.432
Abakar Sylla,ci CIV,2002.0,950,21,1,0,0.4,0.1,1,21,0,27,11,3,21.0,Strasbourg,fr Ligue 1,DF,Defender,0.038,0.009,0.095,1.989,0.0,2.558,1.042,0.284,47.0,17.1,8.5,10.3,0.7,89.2,54.3,46.8,abakar_sylla_ci_civ_2002_0,Abakar Sylla,950,-0.6782105138455711,-1.0875497658993627,-1.3002232486012226,-0.9536785697306546,-1.3149604206214884,1.1680358525141619,0.4914390944816172,-0.7081244991848988,1,Stopper / Defensive Destroyer,"{""Defender Archetype 1 (Low PrgC)"": 0.9018, ""Defender Archetype 2 (High xAG)"": 0.0013, ""Defender Archetype 3 (Low npxG)"": 0.0969}",-2.561,-0.277
Abdallah Sima,sn SEN,2001.0,1238,27,7,2,5.9,1.0,13,24,36,15,1,6,23.0,Brest,fr Ligue 1,"FW,MF",Forward,0.429,0.073,0.945,1.745,2.617,1.09,0.073,0.436,82.6,19.2,35.4,32.2,59.4,54.4,10.4,16.9,abdallah_sima_sn_sen_2001_0,Abdallah Sima,1238,2.1653346442115446,-0.3136800179330404,0.016209387951547253,-1.096344801910682,0.6993061162314183,-0.7451313448585414,-1.508990955218924,-0.4723034058759545,0,Clinical Finisher / Poacher,"{""Forward Archetype 1 (Low PrgC)"": 0.9904, ""Forward Archetype 2 (High PrgC)"": 0.0096}",1.245,-2.411
Abde Ezzalzouli,ma MAR,2001.0,1984,32,2,2,7.2,2.0,27,68,117,37,7,46,22.0,Betis,es La Liga,"FW,MF",Forward,0.327,0.091,1.225,3.085,5.307,1.678,0.318,2.087,68.3,29.5,53.4,73.8,94.0,87.4,55.7,88.7,abde_ezzalzouli_ma_mar_2001_0,Abde Ezzalzouli,1984,1.4235402551531666,-0.09602915131751225,0.4498577858748129,-0.31284992026626923,2.769759682962148,0.02117813201826345,-1.003206267730139,2.0891480747363285,1,Dynamic Winger / Dribbler,"{""Forward Archetype 1 (Low PrgC)"": 0.0004, ""Forward Archetype 2 (High PrgC)"": 0.9996}",2.95,-0.24
Abdel Abqar,ma MAR,1999.0,2463,29,0,1,0.9,0.3,8,79,16,36,39,3,25.0,Alavés,es La Liga,DF,Defender,0.033,0.011,0.292,2.887,0.585,1.315,1.425,0.11,41.4,20.6,37.2,35.7,27.7,25.5,82.9,20.3,abdel_abqar_ma_mar_1999_0,Abdel Abqar,2463,-0.7145729838974524,-1.063366336275415,-0.9951206257766395,-0.42862005949432425,-0.8646944962581142,-0.4519006776862947,1.2821147488008198,-0.9780775928411902,1,Stopper / Defensive Destroyer,"{""Defender Archetype 1 (Low PrgC)"": 0.993, ""Defender Archetype 2 (High xAG)"": 0.0001, ""Defender Archetype 3 (Low npxG)"": 0.0069}",-2.3,-0.406
Abdou Harroui,nl NED,1998.0,463,10,1,2,2.2,0.4,4,21,23,9,2,6,26.0,Hellas Verona,it Serie A,"MF,FW",Midfielder,0.428,0.078,0.778,4.082,4.471,1.749,0.389,1.166,99.2,41.6,32.5,44.1,97.8,42.6,14.7,77.4,abdou_harroui_nl_ned_1998_0,Abdou Harroui,463,2.158062150201168,-0.2532214438731714,-0.2424309065241145,0.2700936595840886,2.1263027380599584,0.11370869810372823,-0.856631929723185,0.660258423831475,0,Deep-Lying Playmaker,"{""Midfielder Archetype 1 (Low xAG)"": 0.0, ""Midfielder Archetype 2 (High xAG)"": 1.0}",1.926,-0.618
Abdoulaye Bamba,ci CIV,1990.0,1510,19,0,0,0.1,0.3,6,16,1,22,19,2,34.0,Angers,fr Ligue 1,DF,Defender,0.006,0.018,0.358,0.954,0.06,1.311,1.132,0.119,7.0,30.3,44.9,0.1,1.9,25.3,62.6,21.8,abdoulaye_bamba_ci_civ_1990_0,Abdoulaye Bamba,1510,-0.9109303221776113,-0.9787243325915984,-0.8929035034090127,-1.5588406611500332,-1.268779300173963,-0.45711366732491243,0.6772375511101502,-0.9641145017900027,1,Stopper / Defensive Destroyer,"{""Defender Archetype 1 (Low PrgC)"": 0.9892, ""Defender Archetype 2 (High xAG)"": 0.0011, ""Defender Archetype 3 (Low npxG)"": 0.0098}",-2.304,-1.2
Abdoulaye Doucouré,ml MLI,1993.0,2564,33,3,2,4.1,2.4,28,82,42,48,10,24,31.0,Everton,eng Premier League,MF,Midfielder,0.144,0.084,0.983,2.878,1.474,1.685,0.351,0.842,72.9,45.4,47.4,16.3,53.2,38.8,10.9,61.4,abdoulaye_doucour__ml_mli_1993_0,Abdoulaye Doucouré,2564,0.09267385125431181,-0.18067115500132863,0.07506167052684762,-0.4338823385501449,-0.18044422829394374,0.030300863885844614,-0.9350801669663437,0.15758714598872553,1,Box-to-Box / Pressing Engine,"{""Midfielder Archetype 1 (Low xAG)"": 0.852, ""Midfielder Archetype 2 (High xAG)"": 0.148}",0.255,-0.631
Abdoulaye Niakhate Ndiaye,sn SEN,2002.0,1707,22,1,0,1.0,0.0,1,39,5,49,11,2,22.0,Brest,fr Ligue 1,DF,Defender,0.053,0.0,0.053,2.056,0.264,2.583,0.58,0.105,64.6,4.3,4.5,11.4,10.5,90.0,11.0,18.4,abdoulaye_niakhate_ndiaye_sn_sen_2002_0,Abdoulaye Niakhate Ndiaye,1707,-0.5691231036899274,-1.1963751992071265,-1.3652705082897125,-0.914503825648434,-1.111763490652376,1.2006170377555232,-0.4623263162115202,-0.9858348656474055,1,Stopper / Defensive Destroyer,"{""Defender Archetype 1 (Low PrgC)"": 0.9511, ""Defender Archetype 2 (High xAG)"": 0.0018, ""Defender Archetype 3 (Low npxG)"": 0.0471}",-2.308,-0.68
Abdoulaye Touré,gn GUI,1994.0,2324,28,10,1,2.2,0.4,7,109,17,61,34,17,30.0,Le Havre,fr Ligue 1,MF,Midfielder,0.085,0.015,0.271,4.221,0.658,2.362,1.317,0.658,49.4,3.6,3.2,47.9,13.9,73.6,82.7,45.1,abdoulaye_tour__gn_gui_1994_0,Abdoulaye Touré,2324,-0.3364032953578871,-1.01499947702752,-1.0276442556208845,0.35136663611287483,-0.8085074663802915,0.9125993602218939,1.0591566008465796,-0.12788049327999637,1,Box-to-Box / Pressing Engine,"{""Midfielder Archetype 1 (Low xAG)"": 0.999, ""Midfielder Archetype 2 (High xAG)"": 0.001}",-1.922,0.621
Abdukodir Khusanov,uz UZB,2004.0,1478,19,0,0,0.2,0.4,4,68,3,20,29,1,20.0,"Manchester City, Lens","eng Premier League, fr Ligue 1",DF,Defender,0.012,0.024,0.244,4.141,0.183,1.218,1.766,0.061,14.3,37.2,30.8,72.3,7.1,20.5,94.8,12.2,abdukodir_khusanov_uz_uzb_2004_0,Abdukodir Khusanov,1478,-0.8672953581153539,-0.9061740437197559,-1.0694603511349137,0.3045908222833576,-1.1741080032565354,-0.5783156764227745,1.9860844566933733,-1.0540988663421,1,Stopper / Defensive Destroyer,"{""Defender Archetype 1 (Low PrgC)"": 0.897, ""Defender Archetype 2 (High xAG)"": 0.0001, ""Defender Archetype 3 (Low npxG)"": 0.1029}",-2.648,0.197
Abdul Fatawu Issahaku,gh GHA,2004.0,579,11,0,2,0.4,1.6,6,17,42,21,4,29,20.0,Leicester City,eng Premier League,FW,Forward,0.062,0.249,0.933,2.642,6.528,3.264,0.622,4.508,0.9,88.1,34.4,63.2,97.6,99.1,89.8,99.6,abdul_fatawu_issahaku_gh_gha_2004_0,Abdul Fatawu Issahaku,579,-0.5036706575965411,1.8144617889743457,-0.0023755433880211087,-0.5718709893472207,3.709545484069293,2.0881285237301896,-0.3756203697848713,5.845219567505763,1,Dynamic Winger / Dribbler,"{""Forward Archetype 1 (Low PrgC)"": 0.0, ""Forward Archetype 2 (High PrgC)"": 1.0}",4.322,2.622
Abdul Mumin,gh GHA,1998.0,2017,24,2,1,0.6,0.2,1,40,12,37,23,5,26.0,Rayo Vallecano,es La Liga,DF,Defender,0.027,0.009,0.045,1.785,0.535,1.651,1.026,0.223,34.6,17.1,4.3,6.3,25.1,48.3,52.6,37.6,abdul_mumin_gh_gha_1998_0,Abdul Mumin,2017,-0.75820794795971,-1.0875497658993627,-1.3776604625160915,-1.0729568949959236,-0.9031787632977187,-0.014009548042406055,0.4584082577476557,-0.8027632274207251,1,Stopper / Defensive Destroyer,"{""Defender Archetype 1 (Low PrgC)"": 0.9841, ""Defender Archetype 2 (High xAG)"": 0.0002, ""Defender Archetype 3 (Low npxG)"": 0.0157}",-2.274,-0.896
Abdón Prats,es ESP,1992.0,456,24,2,0,1.5,0.1,3,7,0,2,1,1,31.0,Mallorca,es La Liga,"FW,MF",Forward,0.296,0.02,0.592,1.382,0.0,0.395,0.197,0.197,59.4,2.7,11.3,20.4,0.3,12.4,32.5,4.4,abd_n_prats_es_esp_1992_0,Abdón Prats,456,1.1980929408315026,-0.9545409029676508,-0.5304973422874266,-1.3085900571621163,-1.3149604206214884,-1.6508882945683705,-1.2530019705307227,-0.8431010460130444,0,Clinical Finisher / Poacher,"{""Forward Archetype 1 (Low PrgC)"": 0.9992, ""Forward Archetype 2 (High PrgC)"": 0.0008}",-0.55,-3.155
Abel,es ESP,2000.0,2074,35,2,0,0.5,1.0,16,77,50,61,18,18,23.0,Osasuna,es La Liga,DF,Defender,0.022,0.043,0.694,3.341,2.17,2.647,0.781,0.781,28.1,54.3,68.6,50.9,82.9,91.1,26.9,83.6,abel_es_esp_2000_0,Abel,2074,-0.7945704180115913,-0.6764314622922539,-0.3725254259010943,-0.16316731601181414,0.35525676889735275,1.2840248719734062,-0.0473764297411292,0.06294841775289929,0,Ball-Playing Defender,"{""Defender Archetype 1 (Low PrgC)"": 0.0, ""Defender Archetype 2 (High xAG)"": 0.0076, ""Defender Archetype 3 (Low npxG)"": 0.9924}",-0.768,0.743
Abel Ruiz,es ESP,2000.0,1346,23,4,0,3.0,0.5,8,23,21,6,5,7,24.0,Girona,es La Liga,FW,Forward,0.201,0.033,0.535,1.538,1.404,0.401,0.334,0.468,28.5,5.8,7.9,25.3,30.6,12.6,58.8,19.8,abel_ruiz_es_esp_2000_0,Abel Ruiz,1346,0.5072060098457585,-0.7973486104119917,-0.618775766150377,-1.2173772201945579,-0.23432220214939029,-1.6430688101104438,-0.9701754309961775,-0.4226568599161767,0,Clinical Finisher / Poacher,"{""Forward Archetype 1 (Low PrgC)"": 0.9935, ""Forward Archetype 2 (High PrgC)"": 0.0065}",-0.202,-2.465
Abner,br BRA,2000.0,1090,19,1,1,0.6,1.1,11,66,31,29,5,6,24.0,Lyon,fr Ligue 1,DF,Defender,0.05,0.091,0.908,5.45,2.56,2.394,0.413,0.495,61.2,76.9,77.7,90.5,90.6,82.6,3.8,68.4,abner_br_bra_2000_0,Abner,1090,-0.590940585721056,-0.09602915131751225,-0.041094150345455556,1.0699600760688326,0.655434051806269,0.9543032773308358,-0.8070856746222429,-0.3807675867626143,0,Ball-Playing Defender,"{""Defender Archetype 1 (Low PrgC)"": 0.0, ""Defender Archetype 2 (High xAG)"": 0.1658, ""Defender Archetype 3 (Low npxG)"": 0.8342}",0.046,1.042
Achraf Hakimi,ma MAR,1998.0,2066,25,4,6,2.9,6.2,50,183,93,48,31,26,25.0,Paris S-G,fr Ligue 1,DF,Defender,0.126,0.27,2.178,7.972,4.051,2.091,1.35,1.133,95.6,99.2,99.3,99.1,98.4,70.5,78.9,94.0,achraf_hakimi_ma_mar_1998_0,Achraf Hakimi,2066,-0.0382310409324607,2.0683878000257954,1.9258110830922124,2.544567607044362,1.8030348949272794,0.5594193122055435,1.1272827016103755,0.6090604233104544,0,Ball-Playing Defender,"{""Defender Archetype 1 (Low PrgC)"": 0.0, ""Defender Archetype 2 (High xAG)"": 1.0, ""Defender Archetype 3 (Low npxG)"": 0.0}",2.468,3.32
Adam Armstrong,eng ENG,1997.0,1248,20,2,2,2.3,1.2,9,21,25,12,3,6,27.0,Southampton,eng Premier League,"FW,MF",Forward,0.166,0.087,0.649,1.514,1.803,0.865,0.216,0.433,19.3,27.8,14.4,24.2,42.8,41.5,35.9,16.6,adam_armstrong_eng_eng_1997_0,Adam Armstrong,1248,0.25266871948258957,-0.14439601056540743,-0.4422189184244761,-1.231409964343413,0.07278224882665472,-1.0383620120307884,-1.2137778519091436,-0.47695776955968366,0,Clinical Finisher / Poacher,"{""Forward Archetype 1 (Low PrgC)"": 0.9914, ""Forward Archetype 2 (High PrgC)"": 0.0086}",0.179,-1.948
Adam Aznou,ma MAR,2006.0,893,15,0,0,0.3,0.3,6,26,16,28,10,19,18.0,"Valladolid, Bayern Munich","es La Liga, de Bundesliga",DF,Defender,0.03,0.03,0.605,2.62,1.613,2.822,1.008,1.915,38.6,44.4,64.8,26.7,67.9,94.0,50.9,99.6,adam_aznou_ma_mar_2006_0,Adam Aznou,893,-0.7363904659285812,-0.8336237548479131,-0.5103636666695607,-0.5847343381503378,-0.07345796592384285,1.5120931686629318,0.421248566421949,1.8222978902025229,0,Ball-Playing Defender,"{""Defender Archetype 1 (Low PrgC)"": 0.0, ""Defender Archetype 2 (High xAG)"": 0.9884, ""Defender Archetype 3 (Low npxG)"": 0.0116}",-0.583,0.901
Adam Hložek,cz CZE,2002.0,1871,27,8,4,5.6,3.5,20,68,54,22,4,33,22.0,Hoffenheim,de Bundesliga,"FW,MF",Forward,0.269,0.168,0.962,3.271,2.598,1.058,0.192,1.587,53.1,65.2,37.7,76.9,59.0,51.6,31.3,76.7,adam_hlo_ek_cz_cze_2002_0,Adam Hložek,1871,1.001735602551344,0.8350328892044693,0.042538040682602675,-0.20409615311264184,0.6846820947563684,-0.7868352619674832,-1.2633241070100856,1.313420794114801,1,Dynamic Winger / Dribbler,"{""Forward Archetype 1 (Low PrgC)"": 0.6549, ""Forward Archetype 2 (High PrgC)"": 0.3451}",2.093,-0.934
Adam Marušić,me MNE,1992.0,2337,35,4,0,2.0,0.6,13,84,23,32,16,10,31.0,Lazio,it Serie A,DF,Defender,0.077,0.023,0.501,3.235,0.886,1.232,0.616,0.385,83.5,36.0,59.4,47.2,44.9,21.1,14.0,57.6,adam_maru_i__me_mne_1992_0,Adam Marušić,2337,-0.39458324744089723,-0.9182657585317296,-0.6714330716124879,-0.22514526933592457,-0.6330192086796943,-0.5600702126876124,-0.38800693356010685,-0.5514275884993503,1,Stopper / Defensive Destroyer,"{""Defender Archetype 1 (Low PrgC)"": 0.6367, ""Defender Archetype 2 (High xAG)"": 0.1202, ""Defender Archetype 3 (Low npxG)"": 0.2431}",-1.119,-0.906
Adam Masina,ma MAR,1994.0,1919,28,1,2,0.7,0.3,4,73,15,33,27,6,30.0,Torino,it Serie A,DF,Defender,0.033,0.014,0.188,3.424,0.703,1.548,1.266,0.281,41.4,25.9,21.3,53.3,34.6,40.4,74.1,46.3,adam_masina_ma_mar_1994_0,Adam Masina,1919,-0.7145729838974524,-1.0270911918394936,-1.1561900307195667,-0.11463740916369021,-0.7738716260446473,-0.14824403123681235,0.9538708087570776,-0.7127788628686279,1,Stopper / Defensive Destroyer,"{""Defender Archetype 1 (Low PrgC)"": 0.9795, ""Defender Archetype 2 (High xAG)"": 0.0001, ""Defender Archetype 3 (Low npxG)"": 0.0204}",-2.133,-0.18
Adam Obert,sk SVK,2002.0,1077,21,1,1,0.9,0.4,10,50,12,31,23,5,21.0,Cagliari,it Serie A,DF,Defender,0.075,0.033,0.836,4.178,1.003,2.591,1.922,0.418,82.5,47.3,75.8,72.9,49.9,90.4,96.4,60.6,adam_obert_sk_svk_2002_0,Adam Obert,1077,-0.4091282354616497,-0.7973486104119917,-0.15260373838286675,0.32622463617950925,-0.5429660238070195,1.2110430170327586,2.308135114849497,-0.5002295879783295,1,Stopper / Defensive Destroyer,"{""Defender Archetype 1 (Low PrgC)"": 0.0, ""Defender Archetype 2 (High xAG)"": 0.5732, ""Defender Archetype 3 (Low npxG)"": 0.4268}",-1.97,1.497
Adam Smith,eng ENG,1991.0,1590,25,0,0,0.7,0.4,8,49,15,24,15,6,33.0,Bournemouth,eng Premier League,DF,Defender,0.04,0.023,0.453,2.774,0.849,1.358,0.849,0.34,49.7,36.0,53.6,32.1,42.5,29.0,33.0,52.9,adam_smith_eng_eng_1991_0,Adam Smith,1590,-0.6636655258248185,-0.9182657585317296,-0.7457727969707619,-0.4946908965285173,-0.6614975662890017,-0.39586103907115405,0.09300462637820692,-0.6212430437552877,1,Stopper / Defensive Destroyer,"{""Defender Archetype 1 (Low PrgC)"": 0.5973, ""Defender Archetype 2 (High xAG)"": 0.0118, ""Defender Archetype 3 (Low npxG)"": 0.3908}",-1.486,-0.711
Adam Webster,eng ENG,1995.0,887,14,0,0,0.2,0.5,3,63,8,10,20,1,29.0,Brighton,eng Premier League,DF,Defender,0.02,0.051,0.304,6.392,0.812,1.015,2.029,0.101,25.1,58.6,39.2,96.0,41.0,10.0,97.9,17.0,adam_webster_eng_eng_1995_0,Adam Webster,887,-0.8091154060323437,-0.5796977437964637,-0.9765356944370709,1.6207452839113976,-0.6899759238983091,-0.8428749005826238,2.529028835507865,-0.9920406838923778,1,Stopper / Defensive Destroyer,"{""Defender Archetype 1 (Low PrgC)"": 0.0005, ""Defender Archetype 2 (High xAG)"": 0.0016, ""Defender Archetype 3 (Low npxG)"": 0.9979}",-2.27,1.126
Adam Wharton,eng ENG,2004.0,1318,20,0,2,0.4,3.0,26,107,14,34,20,2,20.0,Crystal Palace,eng Premier League,MF,Midfielder,0.027,0.205,1.775,7.307,0.956,2.322,1.366,0.137,10.4,86.6,84.4,93.5,27.4,72.0,85.8,4.5,adam_wharton_eng_eng_2004_0,Adam Wharton,1318,-0.75820794795971,1.282426337247499,1.3016671389383696,2.1557436545865003,-0.5791412348242478,0.8604694638357168,1.160313538344337,-0.9361883196876277,1,Box-to-Box / Pressing Engine,"{""Midfielder Archetype 1 (Low xAG)"": 0.1275, ""Midfielder Archetype 2 (High xAG)"": 0.8725}",-0.12,2.65
Adama Boiro,es ESP,2002.0,1101,18,0,0,0.3,0.5,5,46,25,20,12,8,22.0,Athletic Club,es La Liga,"DF,FW",Defender,0.025,0.041,0.409,3.76,2.044,1.635,0.981,0.654,32.0,53.3,50.5,62.0,79.5,47.9,48.1,78.7,adama_boiro_es_esp_2002_0,Adama Boiro,1101,-0.7727529359804625,-0.7006148919162014,-0.8139175452158465,0.08182100892028188,0.25827641595754913,-0.03486150659687696,0.365509029433389,-0.1340863115249686,1,Stopper / Defensive Destroyer,"{""Defender Archetype 1 (Low PrgC)"": 0.0, ""Defender Archetype 2 (High xAG)"": 0.0155, ""Defender Archetype 3 (Low npxG)"": 0.9845}",-0.987,0.186
Adama Traoré,es ESP,1996.0,1772,36,2,7,4.0,4.9,42,68,100,20,1,48,28.0,Fulham,eng Premier League,"FW,MF",Forward,0.203,0.249,2.133,3.454,5.079,1.016,0.051,2.438,29.3,88.1,91.9,80.5,92.9,49.9,7.6,94.2,adama_traor__es_esp_1996_0,Adama Traoré,1772,0.521750997866511,1.8144617889743457,1.8561175905688305,-0.09709647897762112,2.5942714252615504,-0.8415716531729693,-1.554408355728121,2.6337086257326408,1,Dynamic Winger / Dribbler,"{""Forward Archetype 1 (Low PrgC)"": 0.0, ""Forward Archetype 2 (High PrgC)"": 1.0}",4.651,0.292
Ademola Lookman,ng NGA,1997.0,2247,31,15,5,9.5,7.1,61,73,142,32,3,37,26.0,Atalanta,it Serie A,"MF,FW",Midfielder,0.381,0.284,2.443,2.924,5.688,1.282,0.12,1.482,98.0,97.5,96.2,17.4,99.5,16.9,1.5,86.3,ademola_lookman_ng_nga_1997_0,Ademola Lookman,2247,1.8162549317134844,2.237671807393428,2.3362283168410176,-0.4069862455981726,3.0630097978039346,-0.4949078422048908,-1.4119628723129123,1.1505180651842803,0,Deep-Lying Playmaker,"{""Midfielder Archetype 1 (Low xAG)"": 0.0, ""Midfielder Archetype 2 (High xAG)"": 1.0}",4.951,-0.103
Adnan Januzaj,be BEL,1995.0,598,18,2,1,0.8,1.1,17,41,24,10,2,14,29.0,Las Palmas,es La Liga,"MF,FW",Midfielder,0.12,0.166,2.559,6.171,3.612,1.505,0.301,2.107,66.5,77.8,97.2,84.1,94.2,29.2,8.6,96.7,adnan_januzaj_be_bel_1995_0,Adnan Januzaj,598,-0.08186600499471827,0.8108494595805217,2.5158826531235134,1.4915270982073563,1.4651430303195505,-0.20428366985195304,-1.038301531759973,2.1201771659611897,0,Deep-Lying Playmaker,"{""Midfielder Archetype 1 (Low xAG)"": 0.0, ""Midfielder Archetype 2 (High xAG)"": 1.0}",3.413,1.63
Ado Onaiwu,jp JPN,1995.0,957,31,4,1,4.0,1.1,10,33,17,11,3,11,28.0,Auxerre,fr Ligue 1,"MF,FW",Midfielder,0.376,0.103,0.94,3.103,1.599,1.034,0.282,1.034,97.8,53.7,44.8,21.2,58.0,10.4,7.6,72.5,ado_onaiwu_jp_jpn_1995_0,Ado Onaiwu,957,1.779892461661603,0.049071426426173126,0.008465666560060365,-0.30232536215462774,-0.08423356069493217,-0.8181131997991895,-1.0775256503815525,0.45546642174739205,0,Deep-Lying Playmaker,"{""Midfielder Archetype 1 (Low xAG)"": 0.0, ""Midfielder Archetype 2 (High xAG)"": 1.0}",1.234,-1.645
Adri Embarba,es ESP,1992.0,1607,35,1,1,2.1,2.7,20,45,47,41,13,20,32.0,Rayo Vallecano,es La Liga,"FW,MF",Forward,0.118,0.151,1.12,2.52,2.632,2.296,0.728,1.12,7.6,58.4,47.0,61.2,59.9,96.0,95.8,57.2,adri_embarba_es_esp_1992_0,Adri Embarba,1607,-0.09641099301547079,0.6294737374009148,0.28723963665358837,-0.6432041054372344,0.7108513963432997,0.8265850311847012,-0.15679107642237664,0.5888915140142948,1,Dynamic Winger / Dribbler,"{""Forward Archetype 1 (Low PrgC)"": 0.0599, ""Forward Archetype 2 (High PrgC)"": 0.9401}",0.796,0.444
Adrian Beck,de GER,1997.0,1598,32,4,1,3.3,1.2,21,69,37,36,9,40,27.0,Heidenheim,de Bundesliga,"MF,FW",Midfielder,0.186,0.068,1.183,3.886,2.084,2.028,0.507,2.253,81.9,35.1,59.9,39.5,70.6,56.8,24.2,97.9,adrian_beck_de_ger_1997_0,Adrian Beck,1598,0.3981185996901146,-0.3741385919929092,0.384810526186323,0.15549291570177165,0.2890638295892329,0.4773147253973142,-0.6130295088102193,2.3466895319026753,0,Deep-Lying Playmaker,"{""Midfielder Archetype 1 (Low xAG)"": 0.0001, ""Midfielder Archetype 2 (High xAG)"": 0.9999}",1.327,0.35
Adrian Bernabe,es ESP,2001.0,1453,21,1,1,1.3,1.1,22,115,37,29,7,15,23.0,Parma,it Serie A,MF,Midfielder,0.081,0.068,1.363,7.123,2.292,1.796,0.434,0.929,46.9,35.1,69.3,92.7,76.9,46.6,18.2,65.7,adrian_bernabe_es_esp_2001_0,Adrian Bernabe,1453,-0.36549327139939214,-0.3741385919929092,0.6635844962798507,2.048159282778611,0.449158380473988,0.17496132635748635,-0.7637327014089185,0.2925636928168714,0,Deep-Lying Playmaker,"{""Midfielder Archetype 1 (Low xAG)"": 0.6669, ""Midfielder Archetype 2 (High xAG)"": 0.3331}",0.664,1.27
Adrien Rabiot,fr FRA,1995.0,2485,29,9,4,7.3,3.8,28,168,79,49,21,26,29.0,Marseille,fr Ligue 1,MF,Midfielder,0.264,0.138,1.014,6.085,2.861,1.775,0.761,0.942,91.3,68.5,50.6,82.8,87.7,44.8,46.8,67.0,adrien_rabiot_fr_fra_1995_0,Adrien Rabiot,2485,0.9653731324994625,0.4722814448452558,0.12307274315406633,1.441243098340625,0.887109339384689,0.14759313075474315,-0.08866497565858106,0.31273260211303094,0,Deep-Lying Playmaker,"{""Midfielder Archetype 1 (Low xAG)"": 0.0, ""Midfielder Archetype 2 (High xAG)"": 1.0}",1.171,0.748
Adrien Tameze,cm CMR,1994.0,649,20,0,0,0.4,0.8,6,23,16,5,10,4,30.0,Torino,it Serie A,"MF,DF",Midfielder,0.055,0.111,0.832,3.19,2.219,0.693,1.387,0.555,30.5,58.0,37.6,23.1,74.3,2.3,87.6,36.8,adrien_tameze_cm_cmr_1994_0,Adrien Tameze,649,-0.5545781156691748,0.1458051449219635,-0.1587987154960563,-0.25145666461502797,0.3929713505961652,-1.2625205664913504,1.2036665115576612,-0.28768031308803094,1,Box-to-Box / Pressing Engine,"{""Midfielder Archetype 1 (Low xAG)"": 0.9658, ""Midfielder Archetype 2 (High xAG)"": 0.0342}",-0.335,-0.102
Adrien Thomasson,fr FRA,1993.0,2615,33,3,7,5.9,6.0,56,149,30,90,19,26,30.0,Lens,fr Ligue 1,MF,Midfielder,0.203,0.207,1.927,5.128,1.033,3.098,0.654,0.895,85.7,87.2,87.9,69.5,31.0,93.2,37.7,64.0,adrien_thomasson_fr_fra_1993_0,Adrien Thomasson,2615,0.521750997866511,1.3066097668714467,1.5370762692395712,0.8816874254050259,-0.5198754635832566,1.8717894537275543,-0.3095586963169483,0.23981423773460747,0,Deep-Lying Playmaker,"{""Midfielder Archetype 1 (Low xAG)"": 0.2661, ""Midfielder Archetype 2 (High xAG)"": 0.7339}",1.154,1.656
Adrien Truffert,fr FRA,2001.0,2752,33,2,2,2.3,3.2,39,104,69,61,27,16,22.0,Rennes,fr Ligue 1,"DF,MF",Defender,0.075,0.105,1.275,3.401,2.257,1.995,0.883,0.523,82.5,81.8,88.8,52.8,84.6,66.6,37.0,70.5,adrien_truffert_fr_fra_2001_0,Adrien Truffert,2752,-0.4091282354616497,0.07325485605012072,0.5272949997896814,-0.12808545563967647,0.422219393546265,0.4343075608787181,0.16319515443787508,-0.33732685904780874,0,Ball-Playing Defender,"{""Defender Archetype 1 (Low PrgC)"": 0.0, ""Defender Archetype 2 (High xAG)"": 0.951, ""Defender Archetype 3 (Low npxG)"": 0.049}",0.044,0.542
Adrià Altimira,es ESP,2001.0,1630,22,0,0,0.3,0.5,11,42,23,41,15,10,23.0,Leganés,es La Liga,"DF,FW",Defender,0.017,0.028,0.607,2.319,1.27,2.264,0.828,0.552,21.3,42.1,65.0,18.1,56.8,78.3,31.0,73.0,adri__altimira_es_esp_2001_0,Adrià Altimira,1630,-0.8309328880634725,-0.8578071844718607,-0.5072661781129659,-0.7607283376838962,-0.33746003781553063,0.7848811140757594,0.04965165316488246,-0.2923346767717601,1,Stopper / Defensive Destroyer,"{""Defender Archetype 1 (Low PrgC)"": 0.0, ""Defender Archetype 2 (High xAG)"": 0.0164, ""Defender Archetype 3 (Low npxG)"": 0.9836}",-1.341,-0.023
Adrià Pedrosa,es ESP,1998.0,2298,31,1,1,0.9,1.6,20,79,41,56,24,17,26.0,Sevilla,es La Liga,DF,Defender,0.035,0.063,0.783,3.094,1.606,2.193,0.94,0.666,44.1,65.4,73.3,42.9,67.4,75.2,42.6,79.0,adri__pedrosa_es_esp_1998_0,Adrià Pedrosa,2298,-0.7000279958766998,-0.43459716605277815,-0.23468718513262762,-0.3075876412104486,-0.07884576330938742,0.6923505479902952,0.2808675103026127,-0.11546885679005194,0,Ball-Playing Defender,"{""Defender Archetype 1 (Low PrgC)"": 0.0, ""Defender Archetype 2 (High xAG)"": 0.0296, ""Defender Archetype 3 (Low npxG)"": 0.9704}",-0.84,0.417
Aihen Muñoz,es ESP,1997.0,1098,21,0,0,0.2,0.3,3,38,26,24,14,7,26.0,Real Sociedad,es La Liga,DF,Defender,0.016,0.025,0.246,3.115,2.131,1.967,1.148,0.574,20.0,38.4,31.3,43.5,81.8,65.1,63.8,74.5,aihen_mu_oz_es_esp_1997_0,Aihen Muñoz,1098,-0.8382053820738488,-0.894082328907782,-1.0663628625783188,-0.2953089900802002,0.325239040606461,0.397816633408394,0.7102683878441116,-0.2582026764244131,1,Stopper / Defensive Destroyer,"{""Defender Archetype 1 (Low PrgC)"": 0.0, ""Defender Archetype 2 (High xAG)"": 0.029, ""Defender Archetype 3 (Low npxG)"": 0.971}",-1.443,0.263
Aimar Oroz,es ESP,2001.0,2966,37,5,4,3.5,2.9,41,163,74,35,20,49,22.0,Osasuna,es La Liga,MF,Midfielder,0.106,0.088,1.244,4.946,2.245,1.062,0.607,1.487,60.0,47.5,62.3,66.2,75.0,11.2,34.5,86.9,aimar_oroz_es_esp_2001_0,Aimar Oroz,2966,-0.18368092113998583,-0.13230429575343364,0.4792839271624629,0.7752724489428741,0.41298316945675984,-0.7816222723288655,-0.4065867792229602,1.1582753379904958,0,Deep-Lying Playmaker,"{""Midfielder Archetype 1 (Low xAG)"": 0.3858, ""Midfielder Archetype 2 (High xAG)"": 0.6142}",1.053,0.26
Aimen Moueffek,fr FRA,2001.0,1039,22,0,1,1.1,1.1,10,43,20,20,5,11,23.0,Saint-Étienne,fr Ligue 1,MF,Midfielder,0.095,0.095,0.866,3.725,1.732,1.732,0.433,0.953,55.1,50.9,40.3,35.8,62.5,41.7,18.1,68.2,aimen_moueffek_fr_fra_2001_0,Aimen Moueffek,1039,-0.2636783552541246,-0.047662292069617064,-0.10614141003394542,0.06135659036986829,0.018134589630416174,0.09155349213960275,-0.7657971287047911,0.32979860228670455,1,Box-to-Box / Pressing Engine,"{""Midfielder Archetype 1 (Low xAG)"": 0.9329, ""Midfielder Archetype 2 (High xAG)"": 0.0671}",0.234,-0.085
Ainsley Maitland-Niles,eng ENG,1997.0,1985,32,1,4,2.9,3.4,27,102,33,71,25,17,26.0,Lyon,fr Ligue 1,DF,Defender,0.131,0.154,1.224,4.625,1.496,3.219,1.134,0.771,95.9,91.4,87.7,81.4,63.6,97.5,63.0,83.0,ainsley_maitland_niles_eng_eng_1997_0,Ainsley Maitland-Niles,1985,-0.0018685708805793921,0.6657488818368362,0.44830904159651536,0.5875844959519365,-0.1635111507965177,2.0294823902957404,0.6813664057018953,0.04743387214046874,0,Ball-Playing Defender,"{""Defender Archetype 1 (Low PrgC)"": 0.0, ""Defender Archetype 2 (High xAG)"": 1.0, ""Defender Archetype 3 (Low npxG)"": 0.0}",-0.097,1.828
Aitor Paredes,es ESP,2000.0,1812,23,3,0,2.3,0.1,2,46,4,15,22,0,24.0,Athletic Club,es La Liga,DF,Defender,0.114,0.005,0.099,2.285,0.199,0.745,1.093,0.0,93.9,11.5,9.4,17.1,7.5,2.4,59.4,4.3,aitor_paredes_es_esp_2000_0,Aitor Paredes,1812,-0.12550096905697575,-1.1359166251472577,-1.2940282714880331,-0.780608058561441,-1.161793037803862,-1.1947517011893198,0.5967248865711192,-1.1487375945779261,1,Stopper / Defensive Destroyer,"{""Defender Archetype 1 (Low PrgC)"": 0.9998, ""Defender Archetype 2 (High xAG)"": 0.0002, ""Defender Archetype 3 (Low npxG)"": 0.0}",-2.131,-1.634
Aitor Ruibal,es ESP,1996.0,1313,29,1,3,0.9,2.4,20,50,21,32,14,14,28.0,Betis,es La Liga,"DF,FW",Defender,0.062,0.165,1.371,3.427,1.439,2.193,0.96,0.96,73.5,93.2,91.0,53.5,61.5,75.2,45.1,89.8,aitor_ruibal_es_esp_1996_0,Aitor Ruibal,1313,-0.5036706575965411,0.7987577447685479,0.6759744505062297,-0.11288331614508325,-0.20738321522166694,0.6923505479902952,0.32215605622006455,0.3406587842154059,0,Ball-Playing Defender,"{""Defender Archetype 1 (Low PrgC)"": 0.0, ""Defender Archetype 2 (High xAG)"": 1.0, ""Defender Archetype 3 (Low npxG)"": 0.0}",0.316,0.93
Akor Adams,ng NGA,2000.0,1209,19,3,1,4.7,1.0,12,11,11,4,1,8,24.0,"Sevilla, Montpellier","es La Liga, fr Ligue 1",FW,Forward,0.35,0.074,0.893,0.819,0.819,0.298,0.074,0.596,72.4,20.0,32.3,3.5,12.0,6.0,10.8,27.3,akor_adams_ng_nga_2000_0,Akor Adams,1209,1.5908076173918202,-0.3015883031210666,-0.06432531451991623,-1.6377748469873434,-0.6845881265127645,-1.7773032933048503,-1.5069265279230515,-0.22407067607706585,0,Clinical Finisher / Poacher,"{""Forward Archetype 1 (Low PrgC)"": 0.9998, ""Forward Archetype 2 (High PrgC)"": 0.0002}",0.687,-3.231
Alan Matturro,uy URU,2004.0,900,13,0,0,0.2,0.2,3,15,12,11,14,3,19.0,Genoa,it Serie A,DF,Defender,0.02,0.02,0.3,1.5,1.2,1.1,1.4,0.3,25.1,33.2,38.6,3.2,55.3,13.8,81.6,48.9,alan_matturro_uy_uru_2004_0,Alan Matturro,900,-0.8091154060323437,-0.9545409029676508,-0.9827306715502604,-1.2395957317635784,-0.39133801167097715,-0.7320988707619971,1.2305040664040046,-0.6833012262050099,1,Stopper / Defensive Destroyer,"{""Defender Archetype 1 (Low PrgC)"": 0.5445, ""Defender Archetype 2 (High xAG)"": 0.0127, ""Defender Archetype 3 (Low npxG)"": 0.4429}",-1.936,-0.827
Alassane Pléa,fr FRA,1993.0,1902,30,11,4,6.6,3.1,25,116,51,7,2,17,31.0,Gladbach,de Bundesliga,"MF,FW",Midfielder,0.312,0.147,1.183,5.489,2.413,0.331,0.095,0.804,95.2,72.4,59.9,74.6,80.9,0.3,1.2,57.9,alassane_pl_a_fr_fra_1993_0,Alassane Pléa,1902,1.3144528449975228,0.5811068781530196,0.384810526186323,1.092763285310722,0.5422903067098311,-1.7342961287862542,-1.463573554709727,0.09863187266148958,0,Deep-Lying Playmaker,"{""Midfielder Archetype 1 (Low xAG)"": 0.0, ""Midfielder Archetype 2 (High xAG)"": 1.0}",1.989,-1.084
Albert Grønbaek,dk DEN,2001.0,956,20,2,1,1.6,1.0,20,31,24,25,4,11,23.0,"Southampton, Rennes","eng Premier League, fr Ligue 1","MF,FW",Midfielder,0.151,0.094,1.883,2.918,2.259,2.354,0.377,1.036,75.0,50.4,87.4,17.2,75.8,73.1,13.3,72.7,albert_gr_nbaek_dk_den_2001_0,Albert Grønbaek,956,0.14358130932694563,-0.05975400688159086,1.4689315209944864,-0.4104944316353863,0.42375876422784897,0.9021733809446585,-0.8814050572736561,0.45856933086987817,0,Deep-Lying Playmaker,"{""Midfielder Archetype 1 (Low xAG)"": 0.02, ""Midfielder Archetype 2 (High xAG)"": 0.98}",1.157,0.329
Albert Guðmundsson,is ISL,1997.0,1273,24,6,1,2.9,1.8,15,37,35,9,6,15,27.0,Fiorentina,it Serie A,"FW,MF",Forward,0.205,0.127,1.06,2.616,2.474,0.636,0.424,1.06,29.7,47.0,42.6,62.7,57.2,27.5,72.6,55.3,albert_gu_mundsson_is_isl_1997_0,Albert Guðmundsson,1273,0.5362959858872633,0.33927258191354404,0.1943149799557457,-0.5870731288418136,0.5892411124981491,-1.3368056688416527,-0.7843769743676444,0.4958042403397115,0,Clinical Finisher / Poacher,"{""Forward Archetype 1 (Low PrgC)"": 0.9287, ""Forward Archetype 2 (High PrgC)"": 0.0713}",1.327,-1.244
Albert Sambi Lokonga,be BEL,1999.0,1471,22,0,2,0.9,1.0,19,93,24,22,9,4,24.0,Sevilla,es La Liga,MF,Midfielder,0.055,0.061,1.162,5.69,1.468,1.346,0.551,0.245,30.5,29.9,58.9,76.6,52.7,20.9,29.3,12.4,albert_sambi_lokonga_be_bel_1999_0,Albert Sambi Lokonga,1471,-0.5545781156691748,-0.45878059567672574,0.3522868963420779,1.2102875175573844,-0.1850623403386963,-0.4115000079870072,-0.5221947077918252,-0.7686312270733778,1,Box-to-Box / Pressing Engine,"{""Midfielder Archetype 1 (Low xAG)"": 0.9459, ""Midfielder Archetype 2 (High xAG)"": 0.0541}",-0.298,0.329
Alberto Dossena,it ITA,1998.0,1825,23,0,2,0.8,0.7,5,36,4,33,22,4,25.0,Como,it Serie A,DF,Defender,0.039,0.035,0.247,1.775,0.197,1.627,1.085,0.197,48.2,49.1,31.6,6.0,7.4,47.0,58.6,34.4,alberto_dossena_it_ita_1998_0,Alberto Dossena,1825,-0.6709380198351949,-0.7731651807880441,-1.0648141183000215,-1.0788038717246131,-1.1633324084854462,-0.04528748587411241,0.5802094682041384,-0.8431010460130444,1,Stopper / Defensive Destroyer,"{""Defender Archetype 1 (Low PrgC)"": 0.858, ""Defender Archetype 2 (High xAG)"": 0.0012, ""Defender Archetype 3 (Low npxG)"": 0.1408}",-2.127,-0.827
Alberto Grassi,it ITA,1995.0,2203,28,1,0,1.0,0.8,7,74,18,39,33,5,29.0,Empoli,it Serie A,MF,Midfielder,0.041,0.033,0.286,3.023,0.735,1.593,1.348,0.204,21.4,11.8,3.6,19.9,17.1,33.7,84.6,8.8,alberto_grassi_it_ita_1995_0,Alberto Grassi,2203,-0.6563930318144423,-0.7973486104119917,-1.0044130914464238,-0.349101175984145,-0.7492416951393003,-0.08959789780236307,1.1231538470186302,-0.8322408640843432,1,Box-to-Box / Pressing Engine,"{""Midfielder Archetype 1 (Low xAG)"": 0.9997, ""Midfielder Archetype 2 (High xAG)"": 0.0003}",-2.06,-0.173
Alberto Moleiro,es ESP,2003.0,2714,35,6,1,5.6,3.3,41,116,97,27,18,64,20.0,Las Palmas,es La Liga,"FW,MF",Forward,0.186,0.109,1.36,3.847,3.217,0.895,0.597,2.122,25.2,39.4,62.5,86.3,72.3,42.8,88.5,89.4,alberto_moleiro_es_esp_2003_0,Alberto Moleiro,2714,0.3981185996901146,0.1216217152980159,0.6589382634449588,0.13268970645988193,1.1611173207066738,-0.9992645897411554,-0.4272310521816861,2.1434489843798348,1,Dynamic Winger / Dribbler,"{""Forward Archetype 1 (Low PrgC)"": 0.003, ""Forward Archetype 2 (High PrgC)"": 0.997}",2.157,-0.086
Alberto Moreno,es ESP,1992.0,1727,24,0,0,0.4,1.2,19,81,23,25,14,3,32.0,Como,it Serie A,DF,Defender,0.021,0.063,0.99,4.221,1.199,1.303,0.73,0.156,26.7,65.4,80.5,74.1,55.2,24.7,22.0,29.1,alberto_moreno_es_esp_1992_0,Alberto Moreno,1727,-0.8018429120219674,-0.43459716605277815,0.08590288047492926,0.35136663611287483,-0.3921076970117692,-0.4675396466021479,-0.15266222183063147,-0.9067106830240097,1,Stopper / Defensive Destroyer,"{""Defender Archetype 1 (Low PrgC)"": 0.0, ""Defender Archetype 2 (High xAG)"": 0.6406, ""Defender Archetype 3 (Low npxG)"": 0.3594}",-0.794,-0.041
Aleix García,es ESP,1997.0,1455,28,3,4,1.0,4.9,32,120,27,13,11,4,27.0,Leverkusen,de Bundesliga,MF,Midfielder,0.062,0.303,1.979,7.423,1.67,0.804,0.68,0.247,35.2,98.3,89.7,94.0,60.9,4.5,39.9,12.6,aleix_garc_a_es_esp_1997_0,Aleix García,1455,-0.5036706575965411,2.46741438882093,1.6176109717110347,2.2235685846393003,-0.02958590149869362,-1.1178601040197085,-0.25588358662426086,-0.7655283179508917,0,Deep-Lying Playmaker,"{""Midfielder Archetype 1 (Low xAG)"": 0.0, ""Midfielder Archetype 2 (High xAG)"": 1.0}",1.773,1.426
Alejandro Balde,es ESP,2003.0,2284,32,0,4,0.5,3.4,26,93,107,18,5,46,20.0,Barcelona,es La Liga,DF,Defender,0.02,0.134,1.025,3.665,4.216,0.709,0.197,1.813,25.1,86.7,82.5,59.6,98.8,1.6,0.5,98.8,alejandro_balde_es_esp_2003_0,Alejandro Balde,2284,-0.8091154060323437,0.4239145855973606,0.14010893021533732,0.026274729997730367,1.9300329761579746,-1.2416686079368795,-1.2530019705307227,1.6640495249557312,0,Ball-Playing Defender,"{""Defender Archetype 1 (Low PrgC)"": 0.0, ""Defender Archetype 2 (High xAG)"": 1.0, ""Defender Archetype 3 (Low npxG)"": 0.0}",2.128,-0.1
Alejandro Francés,es ESP,2002.0,1173,18,0,0,0.2,0.3,4,63,18,36,17,7,21.0,Girona,es La Liga,DF,Defender,0.015,0.023,0.307,4.834,1.381,2.762,1.304,0.537,18.2,36.0,39.5,83.2,60.2,93.2,76.2,71.6,alejandro_franc_s_es_esp_2002_0,Alejandro Francés,1173,-0.845477876084225,-0.9182657585317296,-0.9718894616021789,0.70978630958155,-0.25202496498760835,1.433898324083666,1.032319046000236,-0.31560649519040596,1,Stopper / Defensive Destroyer,"{""Defender Archetype 1 (Low PrgC)"": 0.0947, ""Defender Archetype 2 (High xAG)"": 0.0207, ""Defender Archetype 3 (Low npxG)"": 0.8847}",-1.914,1.379
Alejandro Garnacho,ar ARG,2004.0,2199,36,6,2,7.3,4.5,37,56,141,30,13,26,20.0,Manchester Utd,eng Premier League,"MF,FW",Midfielder,0.299,0.184,1.514,2.292,5.771,1.228,0.532,1.064,94.4,82.3,75.5,6.6,99.7,15.8,27.2,74.8,alejandro_garnacho_ar_arg_2004_0,Alejandro Garnacho,2199,1.2199104228626314,1.0285003261960497,0.8974448823027545,-0.7765151748513585,3.126893681089679,-0.5652832023262301,-0.5614188264134045,0.5020100585846837,0,Deep-Lying Playmaker,"{""Midfielder Archetype 1 (Low xAG)"": 0.0, ""Midfielder Archetype 2 (High xAG)"": 1.0}",3.037,-0.41
Alejandro Jiménez,es ESP,2005.0,1266,22,0,1,0.8,1.3,12,37,55,24,15,26,19.0,Milan,it Serie A,"DF,FW",Defender,0.057,0.092,0.853,2.63,3.91,1.706,1.066,1.848,68.8,77.3,76.6,27.1,98.1,50.5,56.4,99.3,alejandro_jim_nez_es_esp_2005_0,Alejandro Jiménez,1266,-0.5400331276484224,-0.08393743650553845,-0.12627508565181134,-0.5788873614216483,1.6945092618755941,0.057669059488587526,0.5409853495825594,1.7183504345992384,0,Ball-Playing Defender,"{""Defender Archetype 1 (Low PrgC)"": 0.0, ""Defender Archetype 2 (High xAG)"": 1.0, ""Defender Archetype 3 (Low npxG)"": 0.0}",0.916,0.629
Alejo Véliz,ar ARG,2003.0,1127,27,1,0,2.3,0.6,3,8,2,1,4,1,20.0,Espanyol,es La Liga,FW,Forward,0.184,0.048,0.24,0.639,0.16,0.08,0.319,0.08,24.4,8.4,0.9,1.3,0.9,1.1,56.2,0.7,alejo_v_liz_ar_arg_2003_0,Alejo Véliz,1127,0.38357361166936205,-0.6159728882323849,-1.0756553282481032,-1.7430204281037573,-1.1918107660947537,-2.061411228609516,-1.0011418404342665,-1.0246212296784818,0,Clinical Finisher / Poacher,"{""Forward Archetype 1 (Low PrgC)"": 0.9941, ""Forward Archetype 2 (High PrgC)"": 0.0059}",-0.959,-3.256
Aleksandar Pavlovic,de GER,2004.0,1451,21,1,0,0.6,0.2,7,128,15,38,5,5,20.0,Bayern Munich,de Bundesliga,MF,Midfielder,0.037,0.012,0.434,7.939,0.93,2.357,0.31,0.31,18.6,2.7,10.1,95.4,25.5,73.3,9.0,16.3,aleksandar_pavlovic_de_ger_2004_0,Aleksandar Pavlovic,1451,-0.6854830078559474,-1.0512746214634412,-0.7751989382584121,2.5252725838396857,-0.5991530536848422,0.9060831231736219,-1.0197216860971199,-0.6677866805925793,1,Box-to-Box / Pressing Engine,"{""Midfielder Archetype 1 (Low xAG)"": 0.9811, ""Midfielder Archetype 2 (High xAG)"": 0.0189}",-1.232,1.167
Aleksandar Sedlar,rs SRB,1991.0,594,9,0,0,0.0,0.0,0,12,2,18,10,0,32.0,Alavés,es La Liga,DF,Defender,0.0,0.0,0.0,1.818,0.303,2.727,1.515,0.0,2.6,4.3,1.9,6.7,13.1,92.8,86.9,4.3,aleksandar_sedlar_rs_srb_1991_0,Aleksandar Sedlar,594,-0.9545652862398688,-1.1963751992071265,-1.4473539550394734,-1.0536618717912476,-1.0817457623614843,1.3882846647457607,1.4679132054293527,-1.1487375945779261,1,Stopper / Defensive Destroyer,"{""Defender Archetype 1 (Low PrgC)"": 0.9487, ""Defender Archetype 2 (High xAG)"": 0.0021, ""Defender Archetype 3 (Low npxG)"": 0.0492}",-3.218,0.185
Aleksandr Golovin,ru RUS,1996.0,1153,19,3,0,2.3,2.4,24,112,39,38,12,22,28.0,Monaco,fr Ligue 1,"MF,FW",Midfielder,0.18,0.187,1.873,8.742,3.044,2.966,0.937,1.717,80.8,83.3,86.9,97.0,89.4,89.7,61.8,90.9,aleksandr_golovin_ru_rus_1996_0,Aleksandr Golovin,1153,0.354483635627857,1.064775470631971,1.4534440782115128,2.994784815153465,1.027961756749642,1.69976079565317,0.2746742284149951,1.5151098870763982,0,Deep-Lying Playmaker,"{""Midfielder Archetype 1 (Low xAG)"": 0.0067, ""Midfielder Archetype 2 (High xAG)"": 0.9933}",2.077,3.386
Alessandro Bastoni,it ITA,1999.0,2333,32,1,5,0.8,2.3,27,162,62,46,21,7,25.0,Inter,it Serie A,DF,Defender,0.031,0.089,1.042,6.249,2.392,1.775,0.81,0.27,39.8,75.9,83.2,95.1,87.2,54.0,29.3,44.5,alessandro_bastoni_it_ita_1999_0,Alessandro Bastoni,2333,-0.7291179719182049,-0.12021258094145984,0.1664375829463929,1.5371335166911353,0.5261269145531973,0.14759313075474315,0.012491961839176008,-0.7298448630423015,0,Ball-Playing Defender,"{""Defender Archetype 1 (Low PrgC)"": 0.0, ""Defender Archetype 2 (High xAG)"": 0.5739, ""Defender Archetype 3 (Low npxG)"": 0.4261}",-0.224,1.212
Alessandro Bianco,it ITA,2002.0,2618,35,1,0,1.3,1.2,18,125,35,51,22,17,21.0,"Monza, Fiorentina",it Serie A,MF,Midfielder,0.045,0.041,0.619,4.297,1.203,1.753,0.756,0.584,23.8,17.1,21.3,50.2,41.3,43.0,46.1,39.6,alessandro_bianco_it_ita_2002_0,Alessandro Bianco,2618,-0.6273030557729373,-0.7006148919162014,-0.4886812467733974,0.39580365925091593,-0.3890289556486008,0.11892168774234567,-0.09898711213794403,-0.2426881308119825,1,Box-to-Box / Pressing Engine,"{""Midfielder Archetype 1 (Low xAG)"": 0.9936, ""Midfielder Archetype 2 (High xAG)"": 0.0064}",-0.965,0.151
Alessandro Buongiorno,it ITA,1999.0,1924,22,1,0,0.8,0.6,5,82,27,39,35,1,25.0,Napoli,it Serie A,DF,Defender,0.037,0.028,0.234,3.836,1.263,1.824,1.637,0.047,46.0,42.1,28.5,63.9,56.4,57.1,91.7,11.0,alessandro_buongiorno_it_ita_1999_0,Alessandro Buongiorno,1924,-0.6854830078559474,-0.8578071844718607,-1.0849477939178873,0.12625803205832326,-0.34284783520107537,0.21145225382781044,1.7197733355258091,-1.0758192301995027,1,Stopper / Defensive Destroyer,"{""Defender Archetype 1 (Low PrgC)"": 0.3683, ""Defender Archetype 2 (High xAG)"": 0.0076, ""Defender Archetype 3 (Low npxG)"": 0.6241}",-2.285,0.484
Alessandro Circati,au AUS,2003.0,540,6,0,0,0.3,0.0,1,10,1,7,3,0,20.0,Parma,it Serie A,DF,Defender,0.05,0.0,0.167,1.667,0.167,1.167,0.5,0.0,61.2,4.3,17.8,4.9,5.8,16.4,6.4,4.3,alessandro_circati_au_aus_2003_0,Alessandro Circati,540,-0.590940585721056,-1.1963751992071265,-1.1887136605638116,-1.1419512203944613,-1.186422968709209,-0.6447812943151503,-0.6274804998813275,-1.1487375945779261,1,Stopper / Defensive Destroyer,"{""Defender Archetype 1 (Low PrgC)"": 0.9981, ""Defender Archetype 2 (High xAG)"": 0.0006, ""Defender Archetype 3 (Low npxG)"": 0.0013}",-1.971,-1.809
Alessandro Deiola,it ITA,1995.0,1432,29,2,1,1.7,0.6,6,40,11,31,13,3,28.0,Cagliari,it Serie A,MF,Midfielder,0.107,0.038,0.377,2.514,0.691,1.948,0.817,0.189,60.4,15.0,7.5,9.8,15.4,53.6,52.2,7.8,alessandro_deiola_it_ita_1995_0,Alessandro Deiola,1432,-0.17640842712960958,-0.7368900363521228,-0.8634773621213625,-0.6467122914744483,-0.7831078501341524,0.37305493262495965,0.02694295291028393,-0.8555126825029888,1,Box-to-Box / Pressing Engine,"{""Midfielder Archetype 1 (Low xAG)"": 0.9825, ""Midfielder Archetype 2 (High xAG)"": 0.0175}",-1.565,-0.664
Alessandro Vogliacco,it ITA,1998.0,1487,22,2,0,1.4,0.1,4,47,11,20,12,1,25.0,"Genoa, Parma",it Serie A,DF,Defender,0.085,0.006,0.242,2.845,0.666,1.21,0.726,0.061,87.2,13.0,30.0,34.4,33.0,19.3,21.4,12.2,alessandro_vogliacco_it_ita_1998_0,Alessandro Vogliacco,1487,-0.3364032953578871,-1.1238249103352838,-1.0725578396915083,-0.45317736175482065,-0.8023499836539547,-0.5887416557000099,-0.16091993101412183,-1.0540988663421,1,Stopper / Defensive Destroyer,"{""Defender Archetype 1 (Low PrgC)"": 0.9987, ""Defender Archetype 2 (High xAG)"": 0.0009, ""Defender Archetype 3 (Low npxG)"": 0.0003}",-1.732,-1.213
Alessandro Zanoli,it ITA,2000.0,1711,31,1,0,0.4,1.6,19,27,65,29,12,20,23.0,Genoa,it Serie A,"FW,DF",Forward,0.021,0.084,0.999,1.42,3.419,1.525,0.631,1.052,0.2,25.7,40.6,21.1,76.1,80.3,90.2,54.5,alessandro_zanoli_it_ita_2000_0,Alessandro Zanoli,1711,-0.8018429120219674,-0.18067115500132863,0.09984157897960566,-1.2863715455930957,1.3165937595466766,-0.1782187216588644,-0.357040524122018,0.48339260384976707,1,Dynamic Winger / Dribbler,"{""Forward Archetype 1 (Low PrgC)"": 0.0279, ""Forward Archetype 2 (High PrgC)"": 0.9721}",0.538,-0.315
Alessio Romagnoli,it ITA,1995.0,2672,32,2,0,2.4,0.3,9,90,8,48,26,1,29.0,Lazio,it Serie A,DF,Defender,0.081,0.01,0.303,3.031,0.269,1.617,0.876,0.034,85.4,18.9,39.0,40.4,11.2,46.3,36.4,9.7,alessio_romagnoli_it_ita_1995_0,Alessio Romagnoli,2672,-0.36549327139939214,-1.0754580510873888,-0.9780844387153684,-0.34442359460119326,-1.1079150639484154,-0.058319959970656726,0.14874416336676693,-1.0959881394956623,1,Stopper / Defensive Destroyer,"{""Defender Archetype 1 (Low PrgC)"": 0.9945, ""Defender Archetype 2 (High xAG)"": 0.0025, ""Defender Archetype 3 (Low npxG)"": 0.003}",-2.015,-0.779
Alessio Zerbin,it ITA,1999.0,1520,20,1,1,1.9,2.1,24,54,53,53,15,21,25.0,"Venezia, Napoli",it Serie A,DF,Defender,0.112,0.124,1.421,3.197,3.138,3.138,0.888,1.243,93.6,85.5,92.2,45.4,95.6,96.7,37.6,95.3,alessio_zerbin_it_ita_1999_0,Alessio Zerbin,1520,-0.14004595707772827,0.30299743747762264,0.7534116644210986,-0.24736378090494515,1.1003121787840984,1.9239193501137317,0.17351729091723805,0.7797204250471905,0,Ball-Playing Defender,"{""Defender Archetype 1 (Low PrgC)"": 0.0, ""Defender Archetype 2 (High xAG)"": 0.9999, ""Defender Archetype 3 (Low npxG)"": 0.0001}",0.804,1.516
Alex Baena,es ESP,2001.0,2595,32,7,9,6.3,11.7,95,189,91,28,22,21,23.0,Villarreal,es La Liga,"MF,FW",Midfielder,0.218,0.406,3.295,6.555,3.156,0.971,0.763,0.728,88.1,99.7,99.8,87.1,90.7,8.6,47.3,51.2,alex_baena_es_esp_2001_0,Alex Baena,2595,0.6308384080221547,3.71286101445423,3.655758441950382,1.7160510045890385,1.1141665149183564,-0.9002177866074187,-0.08453612106683588,-0.019278673992982654,0,Deep-Lying Playmaker,"{""Midfielder Archetype 1 (Low xAG)"": 0.0, ""Midfielder Archetype 2 (High xAG)"": 1.0}",4.273,1.873
Alex Iwobi,ng NGA,1996.0,2981,38,9,6,4.7,7.0,59,213,144,44,14,48,28.0,Fulham,eng Premier League,"FW,MF",Forward,0.142,0.211,1.781,6.431,4.348,1.328,0.423,1.449,12.0,80.9,82.0,97.8,86.5,72.1,72.2,71.2,alex_iwobi_ng_nga_1996_0,Alex Iwobi,2981,0.07812886323355928,1.3549766261193419,1.310959604608154,1.643548493153287,2.0316314411425305,-0.434958461360787,-0.7864414016635171,1.0993200646632597,1,Dynamic Winger / Dribbler,"{""Forward Archetype 1 (Low PrgC)"": 0.0, ""Forward Archetype 2 (High PrgC)"": 1.0}",2.971,1.39
Alex Král,cz CZE,1998.0,2714,37,0,1,1.5,1.5,12,78,49,55,28,29,26.0,Espanyol,es La Liga,MF,Midfielder,0.05,0.05,0.398,2.587,1.625,1.824,0.929,0.962,27.4,22.2,9.0,11.1,60.0,48.6,61.2,68.7,alex_kr_l_cz_cze_1998_0,Alex Král,2714,-0.590940585721056,-0.5917894586084373,-0.8309537322771176,-0.6040293613550136,-0.06422174183433774,0.21145225382781044,0.2581588100480144,0.343761693337892,1,Box-to-Box / Pressing Engine,"{""Midfielder Archetype 1 (Low xAG)"": 0.9749, ""Midfielder Archetype 2 (High xAG)"": 0.0251}",-0.878,-0.144
Alex Scott,eng ENG,2003.0,755,20,0,0,0.7,0.9,12,52,15,27,10,6,20.0,Bournemouth,eng Premier League,MF,Midfielder,0.083,0.107,1.43,6.199,1.788,3.219,1.192,0.715,48.3,55.9,72.5,84.6,64.8,95.2,76.6,49.9,alex_scott_eng_eng_2003_0,Alex Scott,755,-0.35094828337863965,0.09743828567406831,0.7673503629257749,1.5078986330476871,0.0612369687147734,2.0294823902957404,0.8011031888625058,-0.03944758328914238,1,Box-to-Box / Pressing Engine,"{""Midfielder Archetype 1 (Low xAG)"": 0.997, ""Midfielder Archetype 2 (High xAG)"": 0.003}",-0.252,2.514
Alex Sola,es ESP,1999.0,1029,19,0,1,1.0,0.7,9,23,24,21,7,21,25.0,Getafe,es La Liga,"MF,FW",Midfielder,0.087,0.061,0.787,2.012,2.099,1.837,0.612,1.837,50.2,29.9,33.3,4.3,71.0,49.2,34.8,93.5,alex_sola_es_esp_1999_0,Alex Sola,1029,-0.3218583073371347,-0.45878059567672574,-0.22849220801943812,-0.9402305232546685,0.3006091097011144,0.2283944701533179,-0.39626464274359724,1.7012844344255647,1,Box-to-Box / Pressing Engine,"{""Midfielder Archetype 1 (Low xAG)"": 0.0583, ""Midfielder Archetype 2 (High xAG)"": 0.9417}",0.437,-0.252
Alexander Bernhardsson,se SWE,1998.0,1263,19,7,2,4.1,1.3,17,33,25,29,5,22,25.0,Holstein Kiel,de Bundesliga,"FW,MF",Forward,0.292,0.093,1.211,2.352,1.781,2.067,0.356,1.568,58.9,30.7,52.8,54.8,42.4,94.5,61.0,75.8,alexander_bernhardsson_se_swe_1998_0,Alexander Bernhardsson,1263,1.1690029647899975,-0.07184572169356465,0.4281753659786496,-0.7414333144792206,0.05584917132922866,0.5281413743738371,-0.9247580304869807,1.283943157451183,0,Clinical Finisher / Poacher,"{""Forward Archetype 1 (Low PrgC)"": 0.3851, ""Forward Archetype 2 (High PrgC)"": 0.6149}",1.251,-0.664
Alexander Isak,se SWE,1999.0,2756,34,23,6,17.2,4.3,41,88,83,12,3,42,24.0,Newcastle Utd,eng Premier League,FW,Forward,0.562,0.14,1.339,2.874,2.71,0.392,0.098,1.372,93.6,54.0,61.0,69.8,61.6,12.2,13.5,68.3,alexander_isak_se_swe_1999_0,Alexander Isak,2756,3.132576347591587,0.4964648744692034,0.6264146336007136,-0.43622112924162076,0.7708868529250829,-1.6547980367973338,-1.4573802728221092,0.9798580634475446,0,Clinical Finisher / Poacher,"{""Forward Archetype 1 (Low PrgC)"": 0.9986, ""Forward Archetype 2 (High PrgC)"": 0.0014}",2.987,-2.39
Alexander Prass,at AUT,2001.0,1566,23,0,1,0.9,2.8,18,63,28,42,9,20,23.0,Hoffenheim,de Bundesliga,DF,Defender,0.052,0.161,1.034,3.621,1.609,2.414,0.517,1.149,63.6,92.6,82.8,58.4,67.8,83.3,7.4,94.5,alexander_prass_at_aut_2001_0,Alexander Prass,1566,-0.5763955977003037,0.7503908855206527,0.15404762872001387,0.0005480323914958949,-0.07653670728701123,0.9803682255239244,-0.5923852358514934,0.6338836962903432,0,Ball-Playing Defender,"{""Defender Archetype 1 (Low PrgC)"": 0.0, ""Defender Archetype 2 (High xAG)"": 1.0, ""Defender Archetype 3 (Low npxG)"": 0.0}",0.479,0.76
Alexander Sørloth,no NOR,1995.0,1566,35,20,2,16.0,1.6,13,31,32,9,1,14,28.0,Atlético Madrid,es La Liga,FW,Forward,0.92,0.092,0.747,1.782,1.839,0.517,0.057,0.805,99.8,30.2,20.8,34.8,44.1,18.2,8.2,43.0,alexander_s_rloth_no_nor_1995_0,Alexander Sørloth,1566,5.736129203306286,-0.08393743650553845,-0.29044197915133324,-1.0747109880145302,0.10049092109517008,-1.49189211059053,-1.5420217919528854,0.10018332722273264,0,Clinical Finisher / Poacher,"{""Forward Archetype 1 (Low PrgC)"": 1.0, ""Forward Archetype 2 (High PrgC)"": 0.0}",2.474,-4.281
Alexandre Lacazette,fr FRA,1991.0,2051,30,15,2,11.7,3.4,26,66,24,13,8,14,33.0,Lyon,fr Ligue 1,FW,Forward,0.513,0.149,1.141,2.896,1.053,0.57,0.351,0.614,91.1,57.5,49.2,70.4,21.5,22.0,60.5,28.4,alexandre_lacazette_fr_fra_1991_0,Alexandre Lacazette,2051,2.77622414108315,0.6052903077769672,0.31976326649783315,-0.42335778043850364,-0.5044817567674148,-1.4228199978788454,-0.9350801669663437,-0.19614449397469083,0,Clinical Finisher / Poacher,"{""Forward Archetype 1 (Low PrgC)"": 0.9985, ""Forward Archetype 2 (High PrgC)"": 0.0015}",1.554,-2.365
Alexis Claude-Maurice,fr FRA,1998.0,2109,28,9,2,4.7,1.2,21,61,59,41,15,42,26.0,Augsburg,de Bundesliga,"MF,FW",Midfielder,0.201,0.051,0.896,2.603,2.518,1.75,0.64,1.792,85.0,22.8,41.5,11.4,83.9,42.8,36.7,92.2,alexis_claude_maurice_fr_fra_1998_0,Alexis Claude-Maurice,2109,0.5072060098457585,-0.5796977437964637,-0.05967908168502409,-0.5946741985891102,0.6231072674930009,0.11501194551338251,-0.3384606784591646,1.6314689791696273,0,Deep-Lying Playmaker,"{""Midfielder Archetype 1 (Low xAG)"": 0.0007, ""Midfielder Archetype 2 (High xAG)"": 0.9993}",0.852,-0.369
Alexis Mac Allister,ar ARG,1998.0,2599,35,5,5,2.8,4.7,45,177,36,95,22,16,25.0,Liverpool,eng Premier League,MF,Midfielder,0.097,0.163,1.558,6.129,1.247,3.29,0.762,0.554,55.7,76.7,76.9,83.4,43.8,95.4,47.1,36.7,alexis_mac_allister_ar_arg_1998_0,Alexis Mac Allister,2599,-0.2491333672333721,0.7745743151446003,0.9655896305478392,1.4669697959468593,-0.3551628006537487,2.122012956381205,-0.08660054836270847,-0.289231767649274,1,Box-to-Box / Pressing Engine,"{""Midfielder Archetype 1 (Low xAG)"": 0.9948, ""Midfielder Archetype 2 (High xAG)"": 0.0052}",0.183,2.222
Alexis Saelemaekers,be BEL,1999.0,1479,23,7,3,2.5,2.7,26,57,46,34,10,22,25.0,"Roma, Milan",it Serie A,"DF,FW",Defender,0.152,0.164,1.582,3.469,2.799,2.069,0.609,1.339,97.6,93.0,94.7,54.8,92.9,69.7,13.3,96.1,alexis_saelemaekers_be_bel_1999_0,Alexis Saelemaekers,1479,0.1508538033373219,0.7866660299565741,1.0027594932269763,-0.08832601388458683,0.839388848255579,0.5307478691931458,-0.402457924631215,0.9286600629265235,0,Ball-Playing Defender,"{""Defender Archetype 1 (Low PrgC)"": 0.0, ""Defender Archetype 2 (High xAG)"": 1.0, ""Defender Archetype 3 (Low npxG)"": 0.0}",1.623,0.665
Alexsandro Ribeiro,br BRA,1999.0,2700,30,1,1,1.6,0.4,9,178,25,32,27,5,24.0,Lille,fr Ligue 1,DF,Defender,0.053,0.013,0.3,5.933,0.833,1.067,0.9,0.167,64.6,24.5,38.6,93.6,41.8,12.4,39.3,30.7,alexsandro_ribeiro_br_bra_1999_0,Alexsandro Ribeiro,2700,-0.5691231036899274,-1.0391829066514675,-0.9827306715502604,1.3523690520645424,-0.6738125317416752,-0.7751060352805934,0.19829041846770917,-0.889644682850336,1,Stopper / Defensive Destroyer,"{""Defender Archetype 1 (Low PrgC)"": 0.9947, ""Defender Archetype 2 (High xAG)"": 0.0005, ""Defender Archetype 3 (Low npxG)"": 0.0047}",-1.593,-0.021
Alfon,es ESP,1999.0,1371,26,5,2,4.6,2.6,24,22,89,8,5,25,25.0,Celta Vigo,es La Liga,"FW,MF",Forward,0.302,0.171,1.575,1.444,5.842,0.525,0.328,1.641,60.9,65.7,75.6,21.5,96.5,18.6,58.2,78.9,alfon_es_esp_1999_0,Alfon,1371,1.2417279048937602,0.8713080336403907,0.9919182832788944,-1.2723388014442405,3.1815413402859174,-1.4814661313132946,-0.9825619947714131,1.397199340421926,1,Dynamic Winger / Dribbler,"{""Forward Archetype 1 (Low PrgC)"": 0.0, ""Forward Archetype 2 (High PrgC)"": 1.0}",3.67,-1.191
Alfonso Espino,uy URU,1992.0,833,16,0,1,0.4,0.6,5,39,10,41,12,5,32.0,Rayo Vallecano,es La Liga,DF,Defender,0.043,0.065,0.54,4.214,1.08,4.43,1.297,0.54,54.1,67.4,61.3,73.7,52.3,99.6,75.8,72.0,alfonso_espino_uy_uru_1992_0,Alfonso Espino,833,-0.6418480437936899,-0.4104137364288306,-0.6110320447588901,0.34727375240279224,-0.4837002525660282,3.607715003387255,1.0178680549291277,-0.3109521315066768,0,Ball-Playing Defender,"{""Defender Archetype 1 (Low PrgC)"": 0.0, ""Defender Archetype 2 (High xAG)"": 0.1447, ""Defender Archetype 3 (Low npxG)"": 0.8553}",-1.946,2.358
Alfonso Pedraza,es ESP,1996.0,460,12,0,2,0.5,1.4,9,9,21,3,6,9,28.0,Villarreal,es La Liga,"DF,MF",Defender,0.098,0.274,1.761,1.761,4.109,0.587,1.174,1.761,90.8,99.3,96.3,5.7,98.5,0.9,65.5,98.5,alfonso_pedraza_es_esp_1996_0,Alfonso Pedraza,460,-0.24186087322299582,2.1167546592736906,1.2799847190422065,-1.0869896391447786,1.8476766446932205,-1.40066479191472,0.763943497536799,1.5833738877710923,0,Ball-Playing Defender,"{""Defender Archetype 1 (Low PrgC)"": 0.0, ""Defender Archetype 2 (High xAG)"": 1.0, ""Defender Archetype 3 (Low npxG)"": 0.0}",2.8,0.281
Alfred Duncan,gh GHA,1993.0,957,16,0,0,0.8,1.1,11,53,11,17,8,13,31.0,Venezia,it Serie A,MF,Midfielder,0.075,0.103,1.034,4.984,1.034,1.599,0.752,1.223,43.1,53.7,51.6,66.7,31.2,34.2,45.8,78.8,alfred_duncan_gh_gha_1993_0,Alfred Duncan,957,-0.4091282354616497,0.049071426426173126,0.15404762872001387,0.7974909605118949,-0.5191057782424645,-0.08177841334443649,-0.1072448213214344,0.7486913338223294,1,Box-to-Box / Pressing Engine,"{""Midfielder Archetype 1 (Low xAG)"": 0.7518, ""Midfielder Archetype 2 (High xAG)"": 0.2482}",0.135,0.574
Ali Abdi,tn TUN,1993.0,1393,25,5,2,4.3,1.9,20,42,35,43,20,12,30.0,Nice,fr Ligue 1,"DF,MF",Defender,0.278,0.123,1.292,2.714,2.261,2.778,1.292,0.775,100.0,85.2,89.3,30.2,84.9,93.3,75.3,83.2,ali_abdi_tn_tun_1993_0,Ali Abdi,1393,1.0671880486447303,0.29090572266564885,0.5536236525207371,-0.5297727569006552,0.4252981349094333,1.4547502826381369,1.007545918449765,0.05363969038544096,0,Ball-Playing Defender,"{""Defender Archetype 1 (Low PrgC)"": 0.0, ""Defender Archetype 2 (High xAG)"": 1.0, ""Defender Archetype 3 (Low npxG)"": 0.0}",0.299,0.682
Alidu Seidu,gh GHA,2000.0,803,11,0,0,0.1,0.3,5,41,23,22,14,9,24.0,Rennes,fr Ligue 1,DF,Defender,0.011,0.034,0.56,4.595,2.578,2.466,1.569,1.009,12.6,48.3,63.0,81.0,91.4,85.3,89.4,91.2,alidu_seidu_gh_gha_2000_0,Alidu Seidu,803,-0.8745678521257301,-0.7852568956000179,-0.5800571591929425,0.5700435657658675,0.6692883879405265,1.0481370908259549,1.5793922794064728,0.4166800577163155,0,Ball-Playing Defender,"{""Defender Archetype 1 (Low PrgC)"": 0.0, ""Defender Archetype 2 (High xAG)"": 0.1226, ""Defender Archetype 3 (Low npxG)"": 0.8774}",-1.129,1.699
Alieu Fadera,gm GAM,2001.0,1644,28,1,3,1.7,4.0,23,36,74,64,12,26,22.0,Como,it Serie A,"FW,DF",Forward,0.093,0.219,1.259,1.971,4.051,3.504,0.657,1.423,3.2,82.6,55.2,41.7,83.8,99.8,91.7,70.5,alieu_fadera_gm_gam_2001_0,Alieu Fadera,1644,-0.27822334327487713,1.4517103446151323,0.5025150913369234,-0.964203127842296,1.8030348949272794,2.400907902047253,-0.3033654144293305,1.0589822460709402,1,Dynamic Winger / Dribbler,"{""Forward Archetype 1 (Low PrgC)"": 0.0, ""Forward Archetype 2 (High PrgC)"": 1.0}",1.621,1.554
Aljoscha Kemlein,de GER,2004.0,922,15,1,0,0.9,0.6,10,42,5,10,6,6,19.0,Union Berlin,de Bundesliga,MF,Midfielder,0.088,0.059,0.976,4.1,0.488,0.976,0.586,0.586,50.9,28.2,46.9,44.9,7.6,8.8,32.1,40.0,aljoscha_kemlein_de_ger_2004_0,Aljoscha Kemlein,922,-0.31458581332675845,-0.48296402530067334,0.06422046057876597,0.2806182176957298,-0.9393539743149472,-0.8937015495591466,-0.44993975243628465,-0.2395852216894964,1,Box-to-Box / Pressing Engine,"{""Midfielder Archetype 1 (Low xAG)"": 0.902, ""Midfielder Archetype 2 (High xAG)"": 0.098}",-0.465,-0.621
Allan Nyom,cm CMR,1988.0,887,20,1,2,0.5,0.3,5,22,5,18,4,4,36.0,Getafe,es La Liga,"DF,MF",Defender,0.051,0.03,0.507,2.232,0.507,1.826,0.406,0.406,62.4,44.4,59.6,15.5,23.9,57.5,3.6,60.0,allan_nyom_cm_cmr_1988_0,Allan Nyom,887,-0.5836680917106799,-0.8336237548479131,-0.6621406059427035,-0.8115970352234961,-0.9247299528398973,0.2140587486471193,-0.8215366656933509,-0.5188470427132461,1,Stopper / Defensive Destroyer,"{""Defender Archetype 1 (Low PrgC)"": 0.134, ""Defender Archetype 2 (High xAG)"": 0.0375, ""Defender Archetype 3 (Low npxG)"": 0.8285}",-1.269,-0.939
Alphonso Davies,ca CAN,2000.0,1560,19,1,2,1.2,1.6,27,120,81,30,13,31,23.0,Bayern Munich,de Bundesliga,DF,Defender,0.069,0.092,1.558,6.923,4.673,1.731,0.75,1.788,78.7,77.3,94.4,97.3,99.6,52.3,24.5,98.7,alphonso_davies_ca_can_2000_0,Alphonso Davies,1560,-0.4527631995239072,-0.08393743650553845,0.9655896305478392,1.9312197482048177,2.281779176899961,0.09025024472994846,-0.11137367591317959,1.625263160924655,0,Ball-Playing Defender,"{""Defender Archetype 1 (Low PrgC)"": 0.0, ""Defender Archetype 2 (High xAG)"": 1.0, ""Defender Archetype 3 (Low npxG)"": 0.0}",2.005,2.071
Amad Diallo,ci CIV,2002.0,1901,26,8,6,4.7,4.9,49,60,109,38,11,41,22.0,Manchester Utd,eng Premier League,"MF,FW",Midfielder,0.223,0.232,2.32,2.841,5.16,1.799,0.521,1.941,88.5,90.7,94.4,15.8,99.0,46.8,25.7,95.2,amad_diallo_ci_civ_2002_0,Amad Diallo,1901,0.667200878074036,1.6089026371707915,2.1457327706104397,-0.4555161524462965,2.65661593786571,0.17887106858644952,-0.5841275266680029,1.8626357087948424,0,Deep-Lying Playmaker,"{""Midfielder Archetype 1 (Low xAG)"": 0.0, ""Midfielder Archetype 2 (High xAG)"": 1.0}",3.923,0.867
Amadou Haidara,ml MLI,1998.0,1320,28,0,1,1.4,0.9,5,65,7,30,18,7,26.0,RB Leipzig,de Bundesliga,MF,Midfielder,0.095,0.061,0.341,4.432,0.477,2.045,1.227,0.477,55.1,29.9,6.1,54.1,7.5,58.0,77.8,30.8,amadou_haidara_ml_mli_1998_0,Amadou Haidara,1320,-0.2636783552541246,-0.45878059567672574,-0.9192321561400681,0.4747378450882266,-0.9478205130636603,0.49946993136143936,0.8733581442180467,-0.4086937688649893,1,Box-to-Box / Pressing Engine,"{""Midfielder Archetype 1 (Low xAG)"": 0.9931, ""Midfielder Archetype 2 (High xAG)"": 0.0069}",-1.627,0.433
Amadou Koné,ml MLI,2005.0,1293,24,0,0,0.5,0.3,8,68,19,49,19,15,19.0,Reims,fr Ligue 1,MF,Midfielder,0.035,0.021,0.557,4.733,1.323,3.411,1.323,1.044,17.1,7.4,15.5,61.7,47.3,96.5,83.1,73.2,amadou_kon__ml_mli_2005_0,Amadou Koné,1293,-0.7000279958766998,-0.942449188155677,-0.5847033920278347,0.6507318446217846,-0.2966667147535498,2.279705892949391,1.0715431646218152,0.4709809673598226,1,Box-to-Box / Pressing Engine,"{""Midfielder Archetype 1 (Low xAG)"": 0.9997, ""Midfielder Archetype 2 (High xAG)"": 0.0003}",-1.573,1.933
Amadou Onana,be BEL,2001.0,1617,26,3,0,2.1,0.7,10,75,29,55,26,14,22.0,Aston Villa,eng Premier League,MF,Midfielder,0.117,0.039,0.557,4.174,1.614,3.061,1.447,0.779,65.0,15.8,15.5,47.0,59.4,92.5,90.2,55.9,amadou_onana_be_bel_2001_0,Amadou Onana,1617,-0.10368348702584695,-0.724798321540149,-0.5847033920278347,0.3238858454880337,-0.07268828058305067,1.8235692995703405,1.3275321493100167,0.059845508630413186,1,Box-to-Box / Pressing Engine,"{""Midfielder Archetype 1 (Low xAG)"": 0.9994, ""Midfielder Archetype 2 (High xAG)"": 0.0006}",-1.379,1.395
Amin Sarr,se SWE,2001.0,1907,32,4,1,3.2,2.1,22,41,31,22,3,14,23.0,Hellas Verona,it Serie A,FW,Forward,0.151,0.099,1.038,1.935,1.463,1.038,0.142,0.661,13.9,35.0,42.0,40.5,32.8,50.3,21.7,31.6,amin_sarr_se_swe_2001_0,Amin Sarr,1907,0.14358130932694563,0.0007045671782781161,0.1602426058332034,-0.9852522440655788,-0.1889107670426567,-0.8129002101605718,-1.366545471803715,-0.12322612959626722,0,Clinical Finisher / Poacher,"{""Forward Archetype 1 (Low PrgC)"": 0.9935, ""Forward Archetype 2 (High PrgC)"": 0.0065}",0.536,-1.54
Amine Adli,ma MAR,2000.0,766,20,2,0,2.7,0.7,11,24,37,15,0,15,24.0,Leverkusen,de Bundesliga,"MF,FW",Midfielder,0.317,0.082,1.292,2.82,4.347,1.762,0.0,1.762,95.4,44.1,66.2,15.1,97.3,43.4,0.5,91.7,amine_adli_ma_mar_2000_0,Amine Adli,766,1.350815315049404,-0.20485458462527623,0.5536236525207371,-0.467794803576545,2.0308617558017388,0.13065091442923568,-1.6596941478176233,1.5849253423323355,0,Deep-Lying Playmaker,"{""Midfielder Archetype 1 (Low xAG)"": 0.0, ""Midfielder Archetype 2 (High xAG)"": 1.0}",2.602,-0.679
Amine Gouiri,dz ALG,2000.0,2085,33,13,5,11.9,4.0,34,66,39,14,3,25,24.0,"Marseille, Rennes",fr Ligue 1,"FW,MF",Forward,0.514,0.173,1.468,2.849,1.683,0.604,0.129,1.079,91.4,66.5,70.2,69.2,38.8,25.5,19.0,55.7,amine_gouiri_dz_alg_2000_0,Amine Gouiri,2085,2.783496635093526,0.8954914632643379,0.8262026455010751,-0.4508385710633448,-0.019579992068396317,-1.3785095859505945,-1.3933830266500589,0.5252818770033294,0,Clinical Finisher / Poacher,"{""Forward Archetype 1 (Low PrgC)"": 0.9988, ""Forward Archetype 2 (High PrgC)"": 0.0012}",2.557,-2.176
Amine Harit,ma MAR,1997.0,519,13,2,4,0.8,2.4,19,35,13,8,3,8,27.0,Marseille,fr Ligue 1,MF,Midfielder,0.139,0.416,3.295,6.069,2.254,1.387,0.52,1.387,71.0,99.8,99.8,82.6,75.3,23.1,25.5,83.7,amine_harit_ma_mar_1997_0,Amine Harit,519,0.0563113812024307,3.8337781625739678,3.655758441950382,1.4318879355747216,0.41991033752388857,-0.35806686419117567,-0.5861919539638756,1.0031298818661902,0,Deep-Lying Playmaker,"{""Midfielder Archetype 1 (Low xAG)"": 0.0, ""Midfielder Archetype 2 (High xAG)"": 1.0}",4.319,2.087
Amir Richardson,ma MAR,2002.0,1024,26,1,1,0.9,0.6,8,47,19,30,6,11,22.0,Fiorentina,it Serie A,MF,Midfielder,0.079,0.053,0.703,4.131,1.67,2.637,0.527,0.967,45.8,24.3,27.2,45.9,60.9,81.9,26.7,69.0,amir_richardson_ma_mar_2002_0,Amir Richardson,1024,-0.3800382594201447,-0.5555143141725161,-0.35858672739641784,0.2987438455546681,-0.02958590149869362,1.2709923978768622,-0.5717409628927674,0.3515189661441073,1,Box-to-Box / Pressing Engine,"{""Midfielder Archetype 1 (Low xAG)"": 0.994, ""Midfielder Archetype 2 (High xAG)"": 0.006}",-0.415,0.622
Amir Rrahmani,xk KVX,1994.0,3406,38,1,3,2.9,1.1,11,188,30,39,27,4,30.0,Napoli,it Serie A,DF,Defender,0.077,0.029,0.291,4.968,0.793,1.031,0.713,0.106,83.5,43.2,37.0,85.3,40.6,11.0,20.7,18.9,amir_rrahmani_xk_kvx_1994_0,Amir Rrahmani,3406,-0.39458324744089723,-0.8457154696598869,-0.996669370054937,0.7881357977459915,-0.7045999453733588,-0.822022942028153,-0.18775748586046553,-0.9842834110861625,1,Stopper / Defensive Destroyer,"{""Defender Archetype 1 (Low PrgC)"": 0.9961, ""Defender Archetype 2 (High xAG)"": 0.0005, ""Defender Archetype 3 (Low npxG)"": 0.0034}",-1.399,-0.555
Amos Pieper,de GER,1998.0,1498,23,0,0,0.4,0.6,4,62,11,32,24,2,26.0,Werder Bremen,de Bundesliga,DF,Defender,0.024,0.036,0.24,3.725,0.661,1.923,1.442,0.12,30.6,49.9,29.4,61.5,32.8,62.7,84.2,22.1,amos_pieper_de_ger_1998_0,Amos Pieper,1498,-0.7800254299908388,-0.7610734659760703,-1.0756553282481032,0.06135659036986829,-0.8061984103579151,0.340473747383599,1.3172100128306536,-0.9625630472287596,1,Stopper / Defensive Destroyer,"{""Defender Archetype 1 (Low PrgC)"": 0.3839, ""Defender Archetype 2 (High xAG)"": 0.0033, ""Defender Archetype 3 (Low npxG)"": 0.6128}",-2.309,0.356
Anass Zaroury,ma MAR,2000.0,1405,28,2,2,1.7,2.9,35,65,49,23,6,17,23.0,Lens,fr Ligue 1,"FW,MF",Forward,0.109,0.186,2.242,4.164,3.139,1.473,0.384,1.089,6.5,73.3,92.7,89.1,71.0,77.9,65.1,55.9,anass_zaroury_ma_mar_2000_0,Anass Zaroury,1405,-0.16186343910885703,1.0526837558199973,2.0249307169032447,0.3180388687593436,1.1010818641248905,-0.24598758696089457,-0.866954066202548,0.5407964226157599,1,Dynamic Winger / Dribbler,"{""Forward Archetype 1 (Low PrgC)"": 0.0001, ""Forward Archetype 2 (High PrgC)"": 0.9999}",2.372,0.709
Anastasios Douvikas,gr GRE,1999.0,1280,33,5,3,6.9,1.3,12,12,14,12,4,9,24.0,"Como, Celta Vigo","it Serie A, es La Liga",FW,Forward,0.485,0.091,0.844,0.844,0.984,0.844,0.281,0.633,88.5,29.5,27.9,4.2,18.4,40.6,47.8,29.3,anastasios_douvikas_gr_gre_1999_0,Anastasios Douvikas,1280,2.5725943087926146,-0.09602915131751225,-0.14021378415648775,-1.6231574051656195,-0.5575900452820691,-1.0657302076335313,-1.079590077677425,-0.16666685731107278,0,Clinical Finisher / Poacher,"{""Forward Archetype 1 (Low PrgC)"": 0.9999, ""Forward Archetype 2 (High PrgC)"": 0.0001}",0.871,-3.038
Ander Barrenetxea,es ESP,2001.0,1263,30,1,3,1.6,1.9,16,48,43,26,11,26,22.0,Real Sociedad,es La Liga,"MF,FW",Midfielder,0.114,0.135,1.14,3.42,3.064,1.853,0.784,1.853,63.8,67.2,56.3,29.0,90.0,50.1,49.0,94.0,ander_barrenetxea_es_esp_2001_0,Ander Barrenetxea,1263,-0.12550096905697575,0.4360063004093344,0.3182145222195356,-0.11697619985516607,1.0433554635654838,0.24924642870778882,-0.04118314785351142,1.7261077074054534,0,Deep-Lying Playmaker,"{""Midfielder Archetype 1 (Low xAG)"": 0.003, ""Midfielder Archetype 2 (High xAG)"": 0.997}",1.401,0.677
Ander Guevara,es ESP,1997.0,1947,33,0,1,0.9,0.6,12,112,14,49,14,9,27.0,Alavés,es La Liga,MF,Midfielder,0.042,0.028,0.555,5.177,0.647,2.265,0.647,0.416,22.0,10.3,15.3,70.3,13.3,68.6,37.3,24.4,ander_guevara_es_esp_1997_0,Ander Guevara,1947,-0.6491205378040661,-0.8578071844718607,-0.5878008805844295,0.9103376113756049,-0.8169740051290044,0.7861843614854143,-0.32400968738805647,-0.5033324971008156,1,Box-to-Box / Pressing Engine,"{""Midfielder Archetype 1 (Low xAG)"": 0.9954, ""Midfielder Archetype 2 (High xAG)"": 0.0046}",-1.384,0.539
Andoni Gorosabel,es ESP,1996.0,1485,20,0,2,0.3,1.8,15,51,17,47,18,7,27.0,Athletic Club,es La Liga,DF,Defender,0.018,0.109,0.909,3.091,1.03,2.848,1.091,0.424,22.7,83.4,77.8,42.8,50.7,94.9,59.2,61.2,andoni_gorosabel_es_esp_1996_0,Andoni Gorosabel,1485,-0.8236603940530962,0.1216217152980159,-0.03954540606715818,-0.3093417342290553,-0.5221845196056328,1.5459776013139468,0.592596031979374,-0.49092086061087115,0,Ball-Playing Defender,"{""Defender Archetype 1 (Low PrgC)"": 0.0, ""Defender Archetype 2 (High xAG)"": 0.6317, ""Defender Archetype 3 (Low npxG)"": 0.3683}",-1.133,1.039
Andre-Frank Zambo Anguissa,cm CMR,1995.0,2852,35,6,4,4.4,2.4,26,144,24,42,35,25,28.0,Napoli,it Serie A,MF,Midfielder,0.139,0.076,0.82,4.544,0.757,1.325,1.104,0.789,71.0,40.2,36.7,57.0,18.4,19.7,72.0,56.6,andre_frank_zambo_anguissa_cm_cmr_1995_0,Andre-Frank Zambo Anguissa,2852,0.0563113812024307,-0.277404873497119,-0.1773836468356248,0.5402239844495502,-0.7323086176418742,-0.4388682035897504,0.6194335868257179,0.07536005424284374,1,Box-to-Box / Pressing Engine,"{""Midfielder Archetype 1 (Low xAG)"": 0.9521, ""Midfielder Archetype 2 (High xAG)"": 0.0479}",-0.573,0.069
Andrea Belotti,it ITA,1993.0,593,18,2,0,2.5,0.4,7,9,9,7,1,2,30.0,Como,it Serie A,FW,Forward,0.379,0.061,1.062,1.366,1.366,1.062,0.152,0.304,76.9,13.4,43.0,19.7,29.6,51.9,23.9,8.3,andrea_belotti_it_ita_1993_0,Andrea Belotti,593,1.8017099436927317,-0.45878059567672574,0.19741246851234046,-1.3179452199280197,-0.2635702450994897,-0.7816222723288655,-1.3459011988449892,-0.6770954079600376,0,Clinical Finisher / Poacher,"{""Forward Archetype 1 (Low PrgC)"": 0.9962, ""Forward Archetype 2 (High PrgC)"": 0.0038}",0.589,-2.522
Andrea Cambiaso,it ITA,2000.0,2221,33,2,3,0.7,2.6,34,111,78,46,16,27,24.0,Juventus,it Serie A,"DF,FW",Defender,0.028,0.105,1.378,4.498,3.161,1.864,0.648,1.094,36.0,81.8,91.5,78.9,96.1,59.5,15.9,93.7,andrea_cambiaso_it_ita_2000_0,Andrea Cambiaso,2221,-0.7509354539493337,0.07325485605012072,0.6868156604543112,0.5133278914975782,1.1180149416223166,0.2635821502139877,-0.3219452600921839,0.5485536954219754,0,Ball-Playing Defender,"{""Defender Archetype 1 (Low PrgC)"": 0.0, ""Defender Archetype 2 (High xAG)"": 0.9765, ""Defender Archetype 3 (Low npxG)"": 0.0235}",0.889,1.039
Andrea Carboni,it ITA,2001.0,2191,26,0,1,0.3,0.3,4,51,9,60,27,5,23.0,Monza,it Serie A,DF,Defender,0.012,0.012,0.164,2.095,0.37,2.465,1.109,0.205,14.3,22.7,17.6,12.7,16.6,85.2,60.4,35.2,andrea_carboni_it_ita_2001_0,Andrea Carboni,2191,-0.8672953581153539,-1.0512746214634412,-1.1933598933987037,-0.8917006164065443,-1.030176844528414,1.0468338434163,0.6297557233050807,-0.8306894095231001,1,Stopper / Defensive Destroyer,"{""Defender Archetype 1 (Low PrgC)"": 0.9584, ""Defender Archetype 2 (High xAG)"": 0.0004, ""Defender Archetype 3 (Low npxG)"": 0.0412}",-2.508,-0.116
Andrea Colpani,it ITA,1999.0,1432,24,2,1,2.7,1.3,17,57,37,15,8,12,25.0,Fiorentina,it Serie A,"FW,MF",Forward,0.17,0.082,1.068,3.582,2.325,0.943,0.503,0.754,20.5,24.7,44.1,82.5,54.3,46.8,81.2,39.5,andrea_colpani_it_ita_1999_0,Andrea Colpani,1432,0.2817586955240946,-0.20485458462527623,0.20670493418212474,-0.022255176850393816,0.47455799672012733,-0.9367087140777428,-0.6212872179937097,0.021059144599336794,0,Clinical Finisher / Poacher,"{""Forward Archetype 1 (Low PrgC)"": 0.1164, ""Forward Archetype 2 (High PrgC)"": 0.8836}",0.672,-0.747
Andrea Pinamonti,it ITA,1999.0,2850,36,10,1,7.0,1.7,15,46,20,10,1,11,25.0,Genoa,it Serie A,FW,Forward,0.221,0.054,0.474,1.453,0.632,0.316,0.032,0.347,36.6,9.9,5.3,21.7,7.5,7.3,5.9,10.9,andrea_pinamonti_it_ita_1999_0,Andrea Pinamonti,2850,0.6526558900532835,-0.5434225993605423,-0.7132491671265171,-1.26707652238842,-0.8285192852408857,-1.7538448399310704,-1.5936324743497001,-0.6103828618265864,0,Clinical Finisher / Poacher,"{""Forward Archetype 1 (Low PrgC)"": 0.9993, ""Forward Archetype 2 (High PrgC)"": 0.0007}",-0.182,-2.949
Andreas Hanche-Olsen,no NOR,1997.0,1284,22,1,1,0.8,0.3,3,34,2,21,12,1,27.0,Mainz 05,de Bundesliga,DF,Defender,0.056,0.021,0.21,2.383,0.14,1.472,0.841,0.07,67.6,34.5,25.1,20.7,4.3,36.4,32.2,13.4,andreas_hanche_olsen_no_nor_1997_0,Andreas Hanche-Olsen,1284,-0.5473056216587986,-0.942449188155677,-1.1221176565970246,-0.7233076866202826,-1.2072044729105953,-0.24729083437054913,0.07648920801122618,-1.0401357752909122,1,Stopper / Defensive Destroyer,"{""Defender Archetype 1 (Low PrgC)"": 0.9944, ""Defender Archetype 2 (High xAG)"": 0.0002, ""Defender Archetype 3 (Low npxG)"": 0.0055}",-2.061,-1.057
Andreas Pereira,br BRA,1996.0,2013,33,2,4,3.0,4.6,57,104,29,24,8,14,28.0,Fulham,eng Premier League,MF,Midfielder,0.134,0.206,2.548,4.65,1.297,1.073,0.358,0.626,69.8,86.9,96.7,59.0,46.9,11.4,11.1,42.8,andreas_pereira_br_bra_1996_0,Andreas Pereira,2013,0.019948911150549392,1.2945180520594728,2.498846466062242,0.6022019377736609,-0.3166785336141442,-0.7672865508226668,-0.9206291758952354,-0.17752703923977417,0,Deep-Lying Playmaker,"{""Midfielder Archetype 1 (Low xAG)"": 0.0014, ""Midfielder Archetype 2 (High xAG)"": 0.9986}",1.984,0.304
Andreas Skov Olsen,dk DEN,1999.0,535,12,1,1,0.8,1.9,18,22,22,8,2,4,24.0,Wolfsburg,de Bundesliga,"FW,MF",Forward,0.135,0.32,3.028,3.701,3.701,1.346,0.336,0.673,10.8,95.0,98.7,84.9,80.3,72.9,59.0,32.6,andreas_skov_olsen_dk_den_1999_0,Andreas Skov Olsen,535,0.027221405160925655,2.6729735406244846,3.2422437196449825,0.04732384622101312,1.533645025650047,-0.4115000079870072,-0.9660465764044324,-0.10460867486135055,1,Dynamic Winger / Dribbler,"{""Forward Archetype 1 (Low PrgC)"": 0.0, ""Forward Archetype 2 (High PrgC)"": 1.0}",3.685,0.914
Andrei Ratiu,ro ROU,1998.0,3065,35,2,3,1.8,5.7,36,145,122,71,27,76,26.0,Rayo Vallecano,es La Liga,DF,Defender,0.053,0.167,1.057,4.258,3.582,2.085,0.793,2.232,64.6,93.6,83.6,74.9,97.6,70.2,27.7,99.9,andrei_ratiu_ro_rou_1998_0,Andrei Ratiu,3065,-0.5691231036899274,0.8229411743924955,0.1896687471208534,0.3730004500090265,1.4420524700957875,0.5515998277476166,-0.02260330219065808,2.3141089861165716,0,Ball-Playing Defender,"{""Defender Archetype 1 (Low PrgC)"": 0.0, ""Defender Archetype 2 (High xAG)"": 1.0, ""Defender Archetype 3 (Low npxG)"": 0.0}",1.753,1.474
Andrej Ilic,rs SRB,2000.0,937,16,7,0,4.1,0.3,6,13,5,2,5,1,24.0,Union Berlin,de Bundesliga,FW,Forward,0.394,0.029,0.576,1.249,0.48,0.192,0.48,0.096,78.7,4.1,9.8,15.7,5.1,3.1,79.4,1.1,andrej_ilic_rs_srb_2000_0,Andrej Ilic,937,1.9107973538483758,-0.8457154696598869,-0.5552772507401846,-1.3863548476536884,-0.9455114570412839,-1.9154475187282198,-0.6687690457987793,-0.999797956698593,0,Clinical Finisher / Poacher,"{""Forward Archetype 1 (Low PrgC)"": 0.9973, ""Forward Archetype 2 (High PrgC)"": 0.0027}",-0.345,-3.345
Andrej Kramarić,hr CRO,1991.0,2767,32,11,8,9.5,4.3,49,143,75,15,7,20,33.0,Hoffenheim,de Bundesliga,"MF,FW",Midfielder,0.309,0.14,1.594,4.651,2.439,0.488,0.228,0.651,94.7,69.5,78.1,59.3,81.4,0.8,4.6,44.3,andrej_kramari__hr_cro_1991_0,Andrej Kramarić,2767,1.292635362966394,0.4964648744692034,1.0213444245665448,0.6027866354465296,0.5623021255704258,-1.5296862854705084,-1.1890047243586723,-0.13874067520869776,0,Deep-Lying Playmaker,"{""Midfielder Archetype 1 (Low xAG)"": 0.0, ""Midfielder Archetype 2 (High xAG)"": 1.0}",1.983,-1.028
Andrew Omobamidele,ie IRL,2002.0,539,10,0,0,0.0,0.0,0,9,0,7,8,1,22.0,Strasbourg,fr Ligue 1,DF,Defender,0.0,0.0,0.0,1.503,0.0,1.169,1.336,0.167,2.6,4.3,1.9,3.3,0.7,16.8,78.2,30.7,andrew_omobamidele_ie_irl_2002_0,Andrew Omobamidele,539,-0.9545652862398688,-1.1963751992071265,-1.4473539550394734,-1.2378416387449718,-1.3149604206214884,-0.6421747994958414,1.0983807194681592,-0.889644682850336,1,Stopper / Defensive Destroyer,"{""Defender Archetype 1 (Low PrgC)"": 0.9982, ""Defender Archetype 2 (High xAG)"": 0.0, ""Defender Archetype 3 (Low npxG)"": 0.0018}",-2.747,-1.111
Andrew Robertson,sct SCO,1994.0,2482,33,0,1,1.2,4.6,40,176,64,39,21,7,30.0,Liverpool,eng Premier League,DF,Defender,0.044,0.167,1.45,6.382,2.321,1.414,0.761,0.254,55.3,93.6,92.9,95.7,86.4,32.8,25.7,41.8,andrew_robertson_sct_sco_1994_0,Andrew Robertson,2482,-0.6345755497833137,0.8229411743924955,0.7983252484917224,1.6148983071827074,0.47147925535695895,-0.32287918413050615,-0.08866497565858106,-0.7546681360221904,0,Ball-Playing Defender,"{""Defender Archetype 1 (Low PrgC)"": 0.0, ""Defender Archetype 2 (High xAG)"": 1.0, ""Defender Archetype 3 (Low npxG)"": 0.0}",0.605,1.234
Andrey Santos,br BRA,2004.0,2855,32,10,3,5.1,3.3,27,149,29,110,32,18,20.0,Strasbourg,fr Ligue 1,MF,Midfielder,0.161,0.104,0.851,4.697,0.914,3.468,1.009,0.567,78.1,54.5,39.5,60.7,24.2,97.0,66.1,38.6,andrey_santos_br_bra_2004_0,Andrey Santos,2855,0.21630624943070825,0.06116314123814692,-0.1293725742084061,0.629682728398502,-0.6114680191375156,2.353990995299694,0.4233129937178214,-0.26906285835311444,1,Box-to-Box / Pressing Engine,"{""Midfielder Archetype 1 (Low xAG)"": 0.9949, ""Midfielder Archetype 2 (High xAG)"": 0.0051}",-0.844,1.472
András Schäfer,hu HUN,1999.0,1534,26,1,1,0.6,0.9,10,55,23,52,22,13,25.0,Union Berlin,de Bundesliga,MF,Midfielder,0.035,0.053,0.587,3.227,1.349,3.051,1.291,0.763,17.1,24.3,18.6,23.5,48.3,92.2,81.6,54.7,andr_s_sch_fer_hu_hun_1999_0,András Schäfer,1534,-0.7000279958766998,-0.5555143141725161,-0.5382410636789136,-0.22982285071887631,-0.27665489589295533,1.8105368254737966,1.0054814911538923,0.03502223565052429,1,Box-to-Box / Pressing Engine,"{""Midfielder Archetype 1 (Low xAG)"": 0.9997, ""Midfielder Archetype 2 (High xAG)"": 0.0003}",-1.49,1.207
André,br BRA,2001.0,2472,33,0,0,0.4,0.8,18,109,10,91,37,16,23.0,Wolves,eng Premier League,MF,Midfielder,0.015,0.029,0.655,3.968,0.364,3.313,1.347,0.583,4.7,10.4,23.9,41.4,4.3,95.7,84.4,39.5,andr__br_bra_2001_0,André,2472,-0.845477876084225,-0.8457154696598869,-0.4329264527546918,0.20343812487702667,-1.0347949565731667,2.1519876468032573,1.1210894197227574,-0.24423958537322557,1,Box-to-Box / Pressing Engine,"{""Midfielder Archetype 1 (Low xAG)"": 0.9999, ""Midfielder Archetype 2 (High xAG)"": 0.0001}",-2.13,1.524
André Ayew,gh GHA,1989.0,1453,27,4,1,4.3,0.2,8,18,5,18,3,5,34.0,Le Havre,fr Ligue 1,FW,Forward,0.266,0.012,0.496,1.115,0.31,1.115,0.186,0.31,51.8,1.0,6.4,11.5,1.6,59.0,30.2,8.9,andr__ayew_gh_gha_1989_0,André Ayew,1453,0.9799181205202151,-1.0512746214634412,-0.6791767930039747,-1.46470433581813,-1.0763579649759396,-0.7125501596171807,-1.275710670785321,-0.6677866805925793,0,Clinical Finisher / Poacher,"{""Forward Archetype 1 (Low PrgC)"": 0.9976, ""Forward Archetype 2 (High PrgC)"": 0.0024}",-0.722,-2.659
André Gomes,pt POR,1993.0,1276,20,0,0,0.5,0.7,10,101,18,27,6,10,31.0,Lille,fr Ligue 1,MF,Midfielder,0.035,0.049,0.705,7.124,1.27,1.904,0.423,0.705,17.1,21.7,27.4,92.9,45.4,51.6,17.7,48.7,andr__gomes_pt_por_1993_0,André Gomes,1276,-0.7000279958766998,-0.6038811734204111,-0.3554892388398231,2.0487439804514795,-0.33746003781553063,0.31571204660016466,-0.7864414016635171,-0.05496212890157293,1,Box-to-Box / Pressing Engine,"{""Midfielder Archetype 1 (Low xAG)"": 0.9805, ""Midfielder Archetype 2 (High xAG)"": 0.0195}",-0.493,1.004
André Silva,pt POR,1995.0,507,15,2,2,1.5,1.0,8,14,12,3,1,1,28.0,"Werder Bremen, RB Leipzig",de Bundesliga,FW,Forward,0.266,0.178,1.42,2.485,2.13,0.533,0.178,0.178,51.8,69.8,67.3,59.4,49.4,19.3,29.0,3.3,andr__silva_pt_por_1995_0,André Silva,507,0.9799181205202151,0.9559500373242069,0.7518629201428011,-0.6636685239876482,0.324469355265669,-1.4710401520360592,-1.2922260891523019,-0.8725786826766626,0,Clinical Finisher / Poacher,"{""Forward Archetype 1 (Low PrgC)"": 0.839, ""Forward Archetype 2 (High PrgC)"": 0.161}",1.528,-1.726
Andy Delort,dz ALG,1991.0,607,9,0,0,1.3,0.9,7,6,4,4,0,3,32.0,Montpellier,fr Ligue 1,FW,Forward,0.193,0.133,1.038,0.89,0.593,0.593,0.0,0.445,27.5,50.0,42.0,5.1,6.9,24.8,2.8,17.3,andy_delort_dz_alg_1991_0,Andy Delort,607,0.4490260577627484,0.4118228707853868,0.1602426058332034,-1.5962613122136469,-0.8585370135317775,-1.3928453074567932,-1.6596941478176233,-0.458340314824767,0,Clinical Finisher / Poacher,"{""Forward Archetype 1 (Low PrgC)"": 0.9976, ""Forward Archetype 2 (High PrgC)"": 0.0024}",0.566,-2.497
Andy Diouf,fr FRA,2003.0,2225,34,1,2,2.9,2.8,33,116,82,37,15,43,21.0,Lens,fr Ligue 1,MF,Midfielder,0.117,0.113,1.335,4.692,3.317,1.497,0.607,1.739,65.0,59.0,67.5,60.5,92.2,28.7,34.5,91.4,andy_diouf_fr_fra_2003_0,Andy Diouf,2225,-0.10368348702584695,0.16998857454591107,0.6202196564875241,0.6267592400341573,1.2380858547858833,-0.21470964912918822,-0.4065867792229602,1.5492418874237455,0,Deep-Lying Playmaker,"{""Midfielder Archetype 1 (Low xAG)"": 0.003, ""Midfielder Archetype 2 (High xAG)"": 0.997}",1.681,0.726
Ange-Yoan Bonny,fr FRA,2003.0,2529,37,6,4,7.1,2.9,30,53,41,34,3,33,20.0,Parma,it Serie A,FW,Forward,0.253,0.103,1.068,1.886,1.459,1.21,0.107,1.174,46.6,36.9,44.1,38.8,32.6,64.1,15.3,59.4,ange_yoan_bonny_fr_fra_2003_0,Ange-Yoan Bonny,2529,0.8853756983853237,0.049071426426173126,0.20670493418212474,-1.013902430036158,-0.19198950840582507,-0.5887416557000099,-1.4388004271592558,0.6726700603214195,0,Clinical Finisher / Poacher,"{""Forward Archetype 1 (Low PrgC)"": 0.9892, ""Forward Archetype 2 (High PrgC)"": 0.0108}",1.118,-1.631
Angel Gomes,eng ENG,2000.0,736,14,1,1,0.9,2.1,14,49,15,10,0,5,23.0,Lille,fr Ligue 1,MF,Midfielder,0.11,0.257,1.712,5.992,1.834,1.223,0.0,0.611,61.8,94.4,82.1,81.4,66.2,15.4,0.5,41.8,angel_gomes_eng_eng_2000_0,Angel Gomes,736,-0.1545909450984808,1.9111955074701361,1.204096249405635,1.3868662147638113,0.0966424943912097,-0.5717994393745022,-1.6596941478176233,-0.20079885765842,0,Deep-Lying Playmaker,"{""Midfielder Archetype 1 (Low xAG)"": 0.0006, ""Midfielder Archetype 2 (High xAG)"": 0.9994}",2.061,0.496
Angeliño,es ESP,1997.0,3177,38,2,1,1.4,3.7,50,172,66,46,28,11,27.0,Roma,it Serie A,DF,Defender,0.04,0.105,1.416,4.873,1.87,1.303,0.793,0.312,49.7,81.8,91.9,83.7,76.1,24.7,27.7,50.1,angeli_o_es_esp_1997_0,Angeliño,3177,-0.6636655258248185,0.07325485605012072,0.7456679430296116,0.7325895188234399,0.12435116665972507,-0.4675396466021479,-0.02260330219065808,-0.6646837714700933,0,Ball-Playing Defender,"{""Defender Archetype 1 (Low PrgC)"": 0.0, ""Defender Archetype 2 (High xAG)"": 0.9948, ""Defender Archetype 3 (Low npxG)"": 0.0052}",0.07,0.526
Angelo Fulgini,fr FRA,1996.0,1045,23,1,1,2.4,3.8,28,69,29,14,2,11,27.0,Lens,fr Ligue 1,"MF,FW",Midfielder,0.207,0.327,2.411,5.943,2.498,1.206,0.172,0.947,86.6,99.0,95.4,80.3,83.3,15.1,3.2,67.5,angelo_fulgini_fr_fra_1996_0,Angelo Fulgini,1045,0.5508409739080159,2.757615544308301,2.286668499935501,1.3582160287932319,0.6077135606771594,-0.5939546453386276,-1.3046126529275373,0.3204898749192462,0,Deep-Lying Playmaker,"{""Midfielder Archetype 1 (Low xAG)"": 0.0, ""Midfielder Archetype 2 (High xAG)"": 1.0}",3.464,0.884
Angelo Stiller,de GER,2001.0,2741,32,1,8,1.8,7.2,59,289,39,49,26,20,23.0,Stuttgart,de Bundesliga,MF,Midfielder,0.059,0.236,1.937,9.489,1.281,1.609,0.854,0.657,33.3,91.5,88.6,98.3,45.9,34.5,54.7,44.9,angelo_stiller_de_ger_2001_0,Angelo Stiller,2741,-0.5254881396276698,1.6572694964186865,1.5525637120225448,3.4315539767865815,-0.3289934990668177,-0.06874593924789217,0.10332676285756988,-0.12943194784123943,0,Deep-Lying Playmaker,"{""Midfielder Archetype 1 (Low xAG)"": 0.0007, ""Midfielder Archetype 2 (High xAG)"": 0.9993}",1.261,2.651
Anrie Chase,jp JPN,2004.0,734,12,0,0,0.1,0.0,0,28,6,10,9,2,20.0,Stuttgart,de Bundesliga,DF,Defender,0.012,0.0,0.0,3.433,0.736,1.226,1.104,0.245,14.3,4.3,1.9,53.7,37.4,20.9,60.0,40.9,anrie_chase_jp_jpn_2004_0,Anrie Chase,734,-0.8672953581153539,-1.1963751992071265,-1.4473539550394734,-0.10937513010786959,-0.7484720097985081,-0.5678896971455389,0.6194335868257179,-0.7686312270733778,1,Stopper / Defensive Destroyer,"{""Defender Archetype 1 (Low PrgC)"": 0.9762, ""Defender Archetype 2 (High xAG)"": 0.0003, ""Defender Archetype 3 (Low npxG)"": 0.0236}",-2.214,-0.56
Ansgar Knauff,de GER,2002.0,1597,30,4,5,4.9,5.2,27,58,53,41,12,26,22.0,Eint Frankfurt,de Bundesliga,"MF,DF",Midfielder,0.276,0.293,1.522,3.269,2.987,2.311,0.676,1.465,92.2,97.9,76.0,24.9,89.1,71.5,39.3,85.6,ansgar_knauff_de_ger_2002_0,Ansgar Knauff,1597,1.0526430606239776,2.346497240701192,0.9098348365291336,-0.20526554845837963,0.9840896923244926,0.8461337423295179,-0.26414129580775125,1.1241433376431484,0,Deep-Lying Playmaker,"{""Midfielder Archetype 1 (Low xAG)"": 0.0, ""Midfielder Archetype 2 (High xAG)"": 1.0}",2.613,0.76
Ante Budimir,hr CRO,1991.0,2952,38,21,4,12.3,1.7,16,24,23,20,2,10,33.0,Osasuna,es La Liga,FW,Forward,0.375,0.052,0.488,0.732,0.701,0.61,0.061,0.305,76.2,8.9,6.2,2.2,9.1,26.2,8.4,8.6,ante_budimir_hr_cro_1991_0,Ante Budimir,2952,1.7726199676512269,-0.5676060289844899,-0.6915667472303537,-1.6886435445269437,-0.7754109967262314,-1.3706901014926682,-1.533764082769395,-0.6755439533987946,0,Clinical Finisher / Poacher,"{""Forward Archetype 1 (Low PrgC)"": 0.9999, ""Forward Archetype 2 (High PrgC)"": 0.0001}",0.061,-3.404
Ante Rebić,hr CRO,1993.0,788,27,1,0,2.1,2.1,18,36,17,12,2,8,30.0,Lecce,it Serie A,"FW,MF",Forward,0.24,0.24,2.056,4.112,1.942,1.371,0.228,0.914,43.0,86.5,90.9,88.2,45.9,74.1,38.4,47.2,ante_rebi__hr_cro_1993_0,Ante Rebić,788,0.7908332762504323,1.7056363556665814,1.7368642811399326,0.28763458977015766,0.1797685111967556,-0.3789188227456466,-1.1890047243586723,0.26929187439822555,1,Dynamic Winger / Dribbler,"{""Forward Archetype 1 (Low PrgC)"": 0.0212, ""Forward Archetype 2 (High PrgC)"": 0.9788}",2.475,-0.031
Anthony Caci,fr FRA,1997.0,2684,33,1,7,3.1,6.6,50,133,45,60,27,29,27.0,Mainz 05,de Bundesliga,DF,Defender,0.104,0.221,1.677,4.46,1.509,2.012,0.905,0.972,92.2,97.1,95.6,78.5,64.4,67.6,39.6,90.3,anthony_caci_fr_fra_1997_0,Anthony Caci,2684,-0.19822590916073834,1.4758937742390799,1.149890199665227,0.49110937992855735,-0.15350524136622057,0.45646276684284326,0.20861255494707215,0.35927623895032257,0,Ball-Playing Defender,"{""Defender Archetype 1 (Low PrgC)"": 0.0, ""Defender Archetype 2 (High xAG)"": 1.0, ""Defender Archetype 3 (Low npxG)"": 0.0}",1.078,1.212
Anthony Elanga,se SWE,2002.0,2501,38,6,11,4.5,5.7,50,63,102,19,6,25,22.0,Nott'ham Forest,eng Premier League,"FW,MF",Forward,0.162,0.205,1.799,2.267,3.671,0.684,0.216,0.9,18.6,79.2,83.1,51.9,79.8,31.9,35.9,46.6,anthony_elanga_se_swe_2002_0,Anthony Elanga,2501,0.2235787434410845,1.282426337247499,1.3388370016175068,-0.7911326166730825,1.510554465426284,-1.2742497931782402,-1.2137778519091436,0.24757151054082274,1,Dynamic Winger / Dribbler,"{""Forward Archetype 1 (Low PrgC)"": 0.0686, ""Forward Archetype 2 (High PrgC)"": 0.9314}",2.583,-0.802
Anthony Gordon,eng ENG,2001.0,2434,34,6,5,6.5,5.0,51,98,121,32,7,38,23.0,Newcastle Utd,eng Premier League,"FW,MF",Forward,0.24,0.185,1.886,3.624,4.474,1.183,0.259,1.405,43.0,72.6,86.3,83.6,87.1,62.2,44.8,69.6,anthony_gordon_eng_eng_2001_0,Anthony Gordon,2434,0.7908332762504323,1.0405920410080234,1.4735777538293784,0.0023021254101028557,2.1286117940823344,-0.6239293357606794,-1.125007478186622,1.0310560639685653,1,Dynamic Winger / Dribbler,"{""Forward Archetype 1 (Low PrgC)"": 0.0031, ""Forward Archetype 2 (High PrgC)"": 0.9969}",3.195,-0.02
Anthony Jung,de GER,1991.0,1898,28,0,0,0.0,0.1,2,121,20,34,25,7,32.0,Werder Bremen,de Bundesliga,DF,Defender,0.0,0.005,0.095,5.738,0.948,1.612,1.185,0.332,2.6,11.5,8.5,92.2,47.3,46.0,66.9,51.8,anthony_jung_de_ger_1991_0,Anthony Jung,1898,-0.9545652862398688,-1.1359166251472577,-1.3002232486012226,1.2383530058550947,-0.5852987175505845,-0.06483619701892873,0.7866521977913978,-0.6336546802452321,1,Stopper / Defensive Destroyer,"{""Defender Archetype 1 (Low PrgC)"": 0.978, ""Defender Archetype 2 (High xAG)"": 0.0018, ""Defender Archetype 3 (Low npxG)"": 0.0202}",-2.091,0.622
Anthony Losilla,fr FRA,1986.0,1137,21,0,0,0.1,0.4,7,45,3,30,18,1,38.0,Bochum,de Bundesliga,MF,Midfielder,0.008,0.032,0.554,3.562,0.237,2.375,1.425,0.079,1.5,11.4,15.0,32.0,1.7,74.5,89.1,1.3,anthony_losilla_fr_fra_1986_0,Anthony Losilla,1137,-0.8963853341568587,-0.8094403252239655,-0.5893496248627268,-0.03394913030777312,-1.1325449948537623,0.9295415765474014,1.2821147488008198,-1.026172684239725,1,Box-to-Box / Pressing Engine,"{""Midfielder Archetype 1 (Low xAG)"": 0.9997, ""Midfielder Archetype 2 (High xAG)"": 0.0003}",-2.411,0.684
Anthony Rouault,fr FRA,2001.0,2184,29,1,0,1.0,0.3,7,88,9,27,27,2,23.0,"Rennes, Stuttgart","fr Ligue 1, de Bundesliga",DF,Defender,0.041,0.012,0.288,3.626,0.371,1.113,1.113,0.082,51.2,22.7,36.4,58.6,16.8,14.2,60.7,14.4,anthony_rouault_fr_fra_2001_0,Anthony Rouault,2184,-0.6563930318144423,-1.0512746214634412,-1.001315602889829,0.0034715207558406566,-1.029407159187622,-0.7151566544364896,0.6380134324885711,-1.0215183205559957,1,Stopper / Defensive Destroyer,"{""Defender Archetype 1 (Low PrgC)"": 0.9919, ""Defender Archetype 2 (High xAG)"": 0.0002, ""Defender Archetype 3 (Low npxG)"": 0.0079}",-2.077,-0.608
Antoine Bernede,fr FRA,1999.0,594,14,1,0,0.8,0.5,10,29,7,15,5,2,25.0,Hellas Verona,it Serie A,MF,Midfielder,0.121,0.076,1.515,4.394,1.061,2.273,0.758,0.303,66.7,40.2,75.6,52.7,32.2,68.8,46.4,15.8,antoine_bernede_fr_fra_1999_0,Antoine Bernede,594,-0.07459351098434201,-0.277404873497119,0.8989936265810518,0.45251933351920576,-0.4983242740410781,0.7966103407626497,-0.09485825754619884,-0.6786468625212807,1,Box-to-Box / Pressing Engine,"{""Midfielder Archetype 1 (Low xAG)"": 0.793, ""Midfielder Archetype 2 (High xAG)"": 0.207}",-0.314,0.632
Antoine Griezmann,fr FRA,1991.0,2469,38,8,7,5.9,7.1,48,143,46,30,6,15,33.0,Atlético Madrid,es La Liga,"FW,MF",Forward,0.215,0.259,1.75,5.213,1.677,1.094,0.219,0.547,34.5,90.2,80.3,95.6,38.4,55.7,36.4,23.5,antoine_griezmann_fr_fra_1991_0,Antoine Griezmann,2469,0.609020925991026,1.9353789370940837,1.2629485319809355,0.9313867275988879,-0.024198104113148877,-0.7399183552199237,-1.2075845700215257,-0.3000919495779754,1,Dynamic Winger / Dribbler,"{""Forward Archetype 1 (Low PrgC)"": 0.0, ""Forward Archetype 2 (High PrgC)"": 1.0}",2.101,0.01
Antoine Hainaut,fr FRA,2002.0,1206,25,2,0,0.8,1.0,9,34,22,26,15,13,22.0,Parma,it Serie A,"DF,FW",Defender,0.06,0.075,0.672,2.537,1.642,1.94,1.119,0.97,72.1,71.6,67.5,23.9,68.8,63.6,60.8,90.1,antoine_hainaut_fr_fra_2002_0,Antoine Hainaut,1206,-0.5182156456172936,-0.2894965883090928,-0.4065978000236364,-0.633264244998462,-0.05113709104087223,0.3626289533477242,0.6503999962638066,0.3561733298278365,0,Ball-Playing Defender,"{""Defender Archetype 1 (Low PrgC)"": 0.0, ""Defender Archetype 2 (High xAG)"": 0.222, ""Defender Archetype 3 (Low npxG)"": 0.778}",-0.678,0.193
Antoine Joujou,fr FRA,2003.0,943,26,0,2,0.6,3.0,15,18,44,16,9,30,21.0,Le Havre,fr Ligue 1,"MF,FW",Midfielder,0.057,0.286,1.432,1.718,4.199,1.527,0.859,2.863,31.8,97.7,72.9,2.7,96.5,30.6,55.2,99.2,antoine_joujou_fr_fra_2003_0,Antoine Joujou,943,-0.5400331276484224,2.2618552370173757,0.7704478514823696,-1.1121316390781442,1.9169483253645088,-0.17561222683955555,0.11364889933693285,3.293076814260938,0,Deep-Lying Playmaker,"{""Midfielder Archetype 1 (Low xAG)"": 0.0, ""Midfielder Archetype 2 (High xAG)"": 1.0}",3.266,0.939
Antoine Makoumbou,cg CGO,1998.0,2150,33,0,3,0.3,0.9,8,92,11,42,17,10,26.0,Cagliari,it Serie A,MF,Midfielder,0.013,0.038,0.335,3.851,0.46,1.758,0.712,0.419,3.7,15.0,5.6,38.8,7.1,43.1,42.6,24.6,antoine_makoumbou_cg_cgo_1998_0,Antoine Makoumbou,2150,-0.8600228641049775,-0.7368900363521228,-0.9285246218098524,0.13502849715135778,-0.9609051638571258,0.12543792479061797,-0.18982191315633815,-0.49867813341708644,1,Box-to-Box / Pressing Engine,"{""Midfielder Archetype 1 (Low xAG)"": 0.9894, ""Midfielder Archetype 2 (High xAG)"": 0.0106}",-1.584,-0.172
Antoine Mendy,sn SEN,2004.0,825,18,0,0,0.6,0.1,2,35,12,30,8,5,20.0,Nice,fr Ligue 1,DF,Defender,0.065,0.011,0.218,3.818,1.309,3.273,0.873,0.545,76.3,20.6,26.2,63.6,57.8,97.9,36.0,72.4,antoine_mendy_sn_sen_2004_0,Antoine Mendy,825,-0.48185317556541224,-1.063366336275415,-1.1097277023706453,0.115733473946682,-0.3074423095246391,2.09985775041708,0.14255088147914916,-0.3031948587004615,1,Stopper / Defensive Destroyer,"{""Defender Archetype 1 (Low PrgC)"": 0.0105, ""Defender Archetype 2 (High xAG)"": 0.0266, ""Defender Archetype 3 (Low npxG)"": 0.9629}",-1.791,0.857
Antoine Semenyo,gh GHA,2000.0,3203,37,11,5,10.0,5.8,46,109,140,55,11,69,24.0,Bournemouth,eng Premier League,FW,Forward,0.281,0.163,1.293,3.063,3.934,1.545,0.309,1.939,56.2,64.1,57.6,72.9,82.3,81.5,53.8,87.4,antoine_semenyo_gh_gha_2000_0,Antoine Semenyo,3203,1.089005530675859,0.7745743151446003,0.5551723967990342,-0.32571326906938636,1.7129817100546045,-0.1521537734657758,-1.0217861133929924,1.8595327996723563,1,Dynamic Winger / Dribbler,"{""Forward Archetype 1 (Low PrgC)"": 0.3139, ""Forward Archetype 2 (High PrgC)"": 0.6861}",2.78,-0.249
Anton Stach,de GER,1998.0,2585,30,1,2,2.0,2.2,26,152,33,66,46,15,25.0,Hoffenheim,de Bundesliga,"MF,DF",Midfielder,0.07,0.077,0.905,5.292,1.149,2.298,1.602,0.522,39.4,40.8,42.5,72.0,37.3,71.0,93.7,33.7,anton_stach_de_ger_1998_0,Anton Stach,2585,-0.4454907055135309,-0.2653131586851452,-0.04574038318034769,0.9775778437555359,-0.43059196405137384,0.8291915260040104,1.6475183801702684,-0.3388783136090518,1,Box-to-Box / Pressing Engine,"{""Midfielder Archetype 1 (Low xAG)"": 0.9999, ""Midfielder Archetype 2 (High xAG)"": 0.0001}",-1.25,1.578
Antonee Robinson,us USA,1997.0,3167,36,0,10,0.7,4.2,43,131,118,95,62,38,26.0,Fulham,eng Premier League,DF,Defender,0.02,0.119,1.222,3.723,3.353,2.7,1.762,1.08,25.1,84.6,87.6,61.2,96.7,92.4,94.5,93.3,antonee_robinson_us_usa_1997_0,Antonee Robinson,3167,-0.8091154060323437,0.2425388634177537,0.4452115530399206,0.060187195024130224,1.2657945270543987,1.3530969846850915,1.977826747509883,0.5268333315645726,0,Ball-Playing Defender,"{""Defender Archetype 1 (Low PrgC)"": 0.0, ""Defender Archetype 2 (High xAG)"": 0.9866, ""Defender Archetype 3 (Low npxG)"": 0.0134}",-0.103,2.243
Antonino Gallo,it ITA,2000.0,2609,31,0,2,0.3,2.7,44,107,57,65,20,13,24.0,Lecce,it Serie A,DF,Defender,0.01,0.093,1.518,3.691,1.966,2.242,0.69,0.448,11.0,77.7,93.7,60.4,78.1,77.1,19.3,64.2,antonino_gallo_it_ita_2000_0,Antonino Gallo,2609,-0.8818403461361063,-0.07184572169356465,0.903639859415944,0.041476869492323334,0.19824095937576586,0.7562096710633622,-0.2352393136655352,-0.4536859511410378,0,Ball-Playing Defender,"{""Defender Archetype 1 (Low PrgC)"": 0.0, ""Defender Archetype 2 (High xAG)"": 0.9966, ""Defender Archetype 3 (Low npxG)"": 0.0034}",-0.059,0.848
Antonio Blanco,es ESP,2000.0,2727,35,0,1,0.8,1.6,15,146,13,67,42,15,24.0,Alavés,es La Liga,MF,Midfielder,0.026,0.053,0.495,4.818,0.429,2.211,1.386,0.495,9.6,24.3,11.9,64.2,6.0,66.5,87.3,31.6,antonio_blanco_es_esp_2000_0,Antonio Blanco,2727,-0.7654804419700862,-0.5555143141725161,-0.6807255372822721,0.7004311468156466,-0.9847654094216806,0.7158090013640747,1.2016020842617883,-0.3807675867626143,1,Box-to-Box / Pressing Engine,"{""Midfielder Archetype 1 (Low xAG)"": 0.9994, ""Midfielder Archetype 2 (High xAG)"": 0.0006}",-1.866,1.028
Antonio Candela,it ITA,2000.0,1914,26,0,1,0.3,1.6,15,49,28,40,14,12,24.0,"Venezia, Valladolid","it Serie A, es La Liga",DF,Defender,0.014,0.075,0.705,2.304,1.317,1.881,0.658,0.564,16.6,71.6,69.4,17.4,57.9,60.7,17.1,73.7,antonio_candela_it_ita_2000_0,Antonio Candela,1914,-0.8527503700946013,-0.2894965883090928,-0.3554892388398231,-0.7694988027769308,-0.3012848267983023,0.2857373561781129,-0.30130098713345793,-0.2737172220368436,1,Stopper / Defensive Destroyer,"{""Defender Archetype 1 (Low PrgC)"": 0.0, ""Defender Archetype 2 (High xAG)"": 0.0444, ""Defender Archetype 3 (Low npxG)"": 0.9556}",-0.793,-0.266
Antonio Nusa,no NOR,2005.0,1558,25,3,3,1.6,2.8,20,52,57,30,8,39,19.0,RB Leipzig,de Bundesliga,"MF,DF",Midfielder,0.092,0.162,1.155,3.004,3.293,1.733,0.462,2.253,52.8,76.5,57.5,19.7,92.0,42.0,20.8,97.9,antonio_nusa_no_nor_2005_0,Antonio Nusa,1558,-0.2854958372852534,0.7624826003326265,0.3414456863939964,-0.36021043176865536,1.2196134066068731,0.09285673954925733,-0.7059287371244859,2.3466895319026753,0,Deep-Lying Playmaker,"{""Midfielder Archetype 1 (Low xAG)"": 0.0, ""Midfielder Archetype 2 (High xAG)"": 1.0}",2.072,0.459
Antonio Raillo,es ESP,1991.0,3207,36,2,0,2.0,1.6,13,108,31,31,29,2,32.0,Mallorca,es La Liga,DF,Defender,0.056,0.045,0.365,3.031,0.87,0.87,0.814,0.056,67.6,55.3,45.9,40.4,44.2,5.4,29.5,11.5,antonio_raillo_es_esp_1991_0,Antonio Raillo,3207,-0.5473056216587986,-0.6522480326683063,-0.882062293460931,-0.34442359460119326,-0.6453341741323677,-1.031845774982516,0.02074967102266615,-1.061856139148315,1,Stopper / Defensive Destroyer,"{""Defender Archetype 1 (Low PrgC)"": 0.4331, ""Defender Archetype 2 (High xAG)"": 0.0128, ""Defender Archetype 3 (Low npxG)"": 0.5542}",-1.415,-1.078
Antonio Rüdiger,de GER,1993.0,2291,29,0,0,1.7,0.5,7,94,20,20,9,3,31.0,Real Madrid,es La Liga,DF,Defender,0.067,0.02,0.275,3.693,0.786,0.786,0.354,0.118,77.6,33.2,35.2,60.7,40.1,2.9,2.5,21.5,antonio_r_diger_de_ger_1993_0,Antonio Rüdiger,2291,-0.46730818754465975,-0.9545409029676508,-1.021449278507695,0.042646264838061394,-0.7099877427589035,-1.1413185573934883,-0.9288868850787259,-0.9656659563512457,1,Stopper / Defensive Destroyer,"{""Defender Archetype 1 (Low PrgC)"": 0.9984, ""Defender Archetype 2 (High xAG)"": 0.0002, ""Defender Archetype 3 (Low npxG)"": 0.0014}",-1.214,-1.397
Antonio Sanabria,py PAR,1996.0,1318,26,2,1,2.1,0.5,9,18,6,3,1,6,28.0,Torino,it Serie A,FW,Forward,0.143,0.034,0.615,1.229,0.41,0.205,0.068,0.41,12.2,6.2,12.9,15.1,3.1,3.5,9.1,15.3,antonio_sanabria_py_par_1996_0,Antonio Sanabria,1318,0.08540135724393555,-0.7852568956000179,-0.4948762238865869,-1.3980488011110679,-0.9993894308967305,-1.898505302402712,-1.519313091698287,-0.512641224468274,0,Clinical Finisher / Poacher,"{""Forward Archetype 1 (Low PrgC)"": 0.9992, ""Forward Archetype 2 (High PrgC)"": 0.0008}",-0.418,-2.848
Antonio Sánchez,es ESP,1997.0,1395,33,0,0,1.1,0.6,5,38,18,28,18,14,27.0,Mallorca,es La Liga,"MF,DF",Midfielder,0.071,0.039,0.323,2.452,1.161,1.806,1.161,0.903,40.0,15.8,5.1,9.0,39.3,47.8,75.3,64.4,antonio_s_nchez_es_esp_1997_0,Antonio Sánchez,1395,-0.43821821150315476,-0.724798321540149,-0.9471095531494209,-0.682963547192324,-0.42135573996186876,0.18799380045403066,0.7371059426904556,0.25222587422455195,1,Box-to-Box / Pressing Engine,"{""Midfielder Archetype 1 (Low xAG)"": 0.9971, ""Midfielder Archetype 2 (High xAG)"": 0.0029}",-1.294,-0.206
Antoniu,es ESP,2002.0,1022,26,0,1,0.9,1.1,7,28,35,21,8,29,21.0,Espanyol,es La Liga,"FW,MF",Forward,0.079,0.097,0.616,2.466,3.082,1.849,0.705,2.554,1.9,33.9,13.1,58.8,70.3,90.0,94.2,95.8,antoniu_es_esp_2002_0,Antoniu,1022,-0.3800382594201447,-0.023478862445669473,-0.49332747960828954,-0.6747777797721584,1.0572097996997412,0.24403343906917108,-0.2042729042274463,2.8136773548368343,1,Dynamic Winger / Dribbler,"{""Forward Archetype 1 (Low PrgC)"": 0.0003, ""Forward Archetype 2 (High PrgC)"": 0.9997}",1.215,0.299
Antony,br BRA,2000.0,1503,25,5,2,3.9,3.6,39,73,99,31,12,28,24.0,"Manchester Utd, Betis","eng Premier League, es La Liga",FW,Forward,0.234,0.216,2.335,4.371,5.928,1.856,0.719,1.677,41.2,81.9,94.9,91.6,96.7,90.2,95.5,80.3,antony_br_bra_2000_0,Antony,1503,0.7471983121881749,1.4154352001792108,2.168963934784901,0.43907128704321974,3.2477342795940376,0.25315617093675225,-0.17537092208522997,1.453051704626676,1,Dynamic Winger / Dribbler,"{""Forward Archetype 1 (Low PrgC)"": 0.0, ""Forward Archetype 2 (High PrgC)"": 1.0}",3.859,1.529
Anuar,ma MAR,1995.0,1720,26,2,0,1.7,1.2,7,30,24,38,18,7,29.0,Valladolid,es La Liga,"MF,FW",Midfielder,0.089,0.063,0.366,1.57,1.256,1.988,0.942,0.366,51.5,31.8,7.0,1.8,44.8,55.1,62.3,19.6,anuar_ma_mar_1995_0,Anuar,1720,-0.30731331931638217,-0.43459716605277815,-0.8805135491826337,-1.198666894662751,-0.34823563258661994,0.4251848290111369,0.28499636489435787,-0.5809052251629683,1,Box-to-Box / Pressing Engine,"{""Midfielder Archetype 1 (Low xAG)"": 0.9703, ""Midfielder Archetype 2 (High xAG)"": 0.0297}",-1.31,-0.624
Archie Gray,eng ENG,2006.0,1751,28,0,0,0.0,0.1,3,40,7,16,19,7,18.0,Tottenham,eng Premier League,"DF,MF",Defender,0.0,0.005,0.154,2.056,0.36,0.822,0.977,0.36,2.6,11.5,16.8,11.4,16.0,3.6,47.2,55.6,archie_gray_eng_eng_2006_0,Archie Gray,1751,-0.9545652862398688,-1.1359166251472577,-1.2088473361816774,-0.914503825648434,-1.0378736979363352,-1.0944016506459289,0.35725132024989864,-0.5902139525304266,1,Stopper / Defensive Destroyer,"{""Defender Archetype 1 (Low PrgC)"": 0.9885, ""Defender Archetype 2 (High xAG)"": 0.0002, ""Defender Archetype 3 (Low npxG)"": 0.0113}",-2.026,-1.293
Arda Güler,tr TUR,2005.0,1250,28,3,4,3.3,4.5,40,93,34,30,7,20,19.0,Real Madrid,es La Liga,"MF,FW",Midfielder,0.238,0.324,2.88,6.696,2.448,2.16,0.504,1.44,90.4,98.8,98.7,88.4,81.6,62.9,23.8,84.9,arda_g_ler_tr_tur_2005_0,Arda Güler,1250,0.7762882882296798,2.7213403998723797,3.0130295664569706,1.7984933764635624,0.5692292936375546,0.6493433834716991,-0.619222790697837,1.085356973612072,0,Deep-Lying Playmaker,"{""Midfielder Archetype 1 (Low xAG)"": 0.0, ""Midfielder Archetype 2 (High xAG)"": 1.0}",3.711,2.201
Ardian Ismajli,al ALB,1996.0,2508,29,0,0,0.3,0.0,2,38,3,30,56,0,27.0,Empoli,it Serie A,DF,Defender,0.011,0.0,0.072,1.364,0.108,1.077,2.01,0.0,12.6,4.3,5.9,1.7,3.2,12.7,97.5,4.3,ardian_ismajli_al_alb_1996_0,Ardian Ismajli,2508,-0.8745678521257301,-1.1963751992071265,-1.3358443670020623,-1.3191146152737574,-1.2318344038159423,-0.7620735611840491,2.4898047168862854,-1.1487375945779261,1,Stopper / Defensive Destroyer,"{""Defender Archetype 1 (Low PrgC)"": 0.9996, ""Defender Archetype 2 (High xAG)"": 0.0, ""Defender Archetype 3 (Low npxG)"": 0.0004}",-3.196,-0.723
Aridane Hernández,es ESP,1989.0,1025,14,0,0,0.9,0.0,2,38,2,13,6,3,35.0,Rayo Vallecano,es La Liga,DF,Defender,0.079,0.0,0.176,3.337,0.176,1.141,0.527,0.263,84.5,4.3,19.5,50.7,6.6,15.4,7.6,43.6,aridane_hern_ndez_es_esp_1989_0,Aridane Hernández,1025,-0.3800382594201447,-1.1963751992071265,-1.1747749620591352,-0.16550610670329,-1.1794958006420801,-0.6786657269661656,-0.5717409628927674,-0.7407050449710029,1,Stopper / Defensive Destroyer,"{""Defender Archetype 1 (Low PrgC)"": 0.9887, ""Defender Archetype 2 (High xAG)"": 0.0037, ""Defender Archetype 3 (Low npxG)"": 0.0076}",-1.688,-1.298
Aritz Elustondo,es ESP,1994.0,1457,22,0,0,0.4,0.2,4,51,17,20,11,3,30.0,Real Sociedad,es La Liga,DF,Defender,0.025,0.012,0.247,3.15,1.05,1.235,0.679,0.185,32.0,22.7,31.6,44.4,51.3,21.3,18.6,32.9,aritz_elustondo_es_esp_1994_0,Aritz Elustondo,1457,-0.7727529359804625,-1.0512746214634412,-1.0648141183000215,-0.2748445715297866,-0.506790812789791,-0.5561604704586489,-0.2579480139201335,-0.8617185007479611,1,Stopper / Defensive Destroyer,"{""Defender Archetype 1 (Low PrgC)"": 0.954, ""Defender Archetype 2 (High xAG)"": 0.0009, ""Defender Archetype 3 (Low npxG)"": 0.0451}",-1.594,-0.868
Armando Izzo,it ITA,1992.0,2435,30,1,1,0.4,0.8,11,72,12,40,45,6,32.0,Monza,it Serie A,DF,Defender,0.015,0.03,0.407,2.661,0.444,1.478,1.663,0.222,18.2,44.4,50.3,28.1,20.8,36.5,92.1,37.4,armando_izzo_it_ita_1992_0,Armando Izzo,2435,-0.845477876084225,-0.8336237548479131,-0.8170150337724412,-0.5607617335627103,-0.9732201293097993,-0.23947134991262256,1.7734484452184964,-0.8043146819819682,1,Stopper / Defensive Destroyer,"{""Defender Archetype 1 (Low PrgC)"": 0.9435, ""Defender Archetype 2 (High xAG)"": 0.0002, ""Defender Archetype 3 (Low npxG)"": 0.0563}",-2.346,-0.043
Armin Gigovic,ba BIH,2002.0,1895,31,5,1,1.9,2.1,16,50,37,25,21,20,22.0,Holstein Kiel,de Bundesliga,MF,Midfielder,0.09,0.1,0.76,2.375,1.757,1.187,0.997,0.95,51.7,52.0,31.5,8.1,63.2,14.3,65.5,67.9,armin_gigovic_ba_bih_2002_0,Armin Gigovic,1895,-0.3000408253060059,0.012796281990251911,-0.2703083035334673,-0.7279852680032343,0.03737672315021842,-0.6187163461220616,0.3985398661673505,0.32514423860297537,1,Box-to-Box / Pressing Engine,"{""Midfielder Archetype 1 (Low xAG)"": 0.9159, ""Midfielder Archetype 2 (High xAG)"": 0.0841}",-0.135,-0.454
Armindo Sieb,de GER,2003.0,762,27,2,2,2.8,1.1,8,18,28,10,1,11,21.0,Mainz 05,de Bundesliga,"FW,MF",Forward,0.331,0.13,0.945,2.126,3.307,1.181,0.118,1.299,69.0,48.3,35.4,47.0,73.6,61.9,16.7,64.1,armindo_sieb_de_ger_2003_0,Armindo Sieb,762,1.4526302311946717,0.3755477263494654,0.016209387951547253,-0.8735749885476065,1.2303890013779621,-0.6265358305799883,-1.4160917269046573,0.8666018804768013,0,Clinical Finisher / Poacher,"{""Forward Archetype 1 (Low PrgC)"": 0.926, ""Forward Archetype 2 (High PrgC)"": 0.074}",2.055,-1.507
Arnau Martinez,es ESP,2003.0,2624,32,2,2,1.2,2.2,18,162,41,51,31,20,21.0,Girona,es La Liga,"DF,MF",Defender,0.041,0.075,0.617,5.556,1.406,1.749,1.063,0.686,51.2,71.6,65.4,91.2,60.4,52.8,56.1,79.9,arnau_martinez_es_esp_2003_0,Arnau Martinez,2624,-0.6563930318144423,-0.2894965883090928,-0.49177873532999217,1.1319380293929429,-0.2327828314678061,0.11370869810372823,0.5347920676949414,-0.08443976556519082,0,Ball-Playing Defender,"{""Defender Archetype 1 (Low PrgC)"": 0.0, ""Defender Archetype 2 (High xAG)"": 0.216, ""Defender Archetype 3 (Low npxG)"": 0.784}",-0.831,0.918
Arnaud Kalimuendo,fr FRA,2002.0,2578,33,17,3,8.9,2.0,19,72,50,19,4,21,22.0,Rennes,fr Ligue 1,"FW,MF",Forward,0.311,0.07,0.663,2.514,1.746,0.663,0.14,0.733,64.2,17.1,15.5,61.0,40.8,29.6,21.1,38.6,arnaud_kalimuendo_fr_fra_2002_0,Arnaud Kalimuendo,2578,1.3071803509871465,-0.3499551623689616,-0.42053649852831276,-0.6467122914744483,0.02891018440150548,-1.3016179887809831,-1.3706743263954604,-0.011521401186767376,0,Clinical Finisher / Poacher,"{""Forward Archetype 1 (Low PrgC)"": 0.994, ""Forward Archetype 2 (High PrgC)"": 0.006}",0.734,-2.22
Arnaud Nordin,fr FRA,1998.0,1246,22,4,1,2.5,1.4,18,24,54,26,5,24,26.0,"Montpellier, Mainz 05","fr Ligue 1, de Bundesliga",FW,Forward,0.181,0.101,1.3,1.734,3.9,1.878,0.361,1.734,23.2,36.3,58.3,31.0,81.6,90.7,61.9,82.3,arnaud_nordin_fr_fra_1998_0,Arnaud Nordin,1246,0.3617561296382333,0.024887996802225705,0.5660136067471161,-1.1027764763122407,1.6868124084676732,0.28182761394914946,-0.9144358940076177,1.54148461461753,1,Dynamic Winger / Dribbler,"{""Forward Archetype 1 (Low PrgC)"": 0.0099, ""Forward Archetype 2 (High PrgC)"": 0.9901}",1.915,-0.292
Arnaut Danjuma,nl NED,1997.0,1535,28,4,0,4.4,1.7,23,42,95,10,2,24,27.0,"Villarreal, Girona",es La Liga,"FW,MF",Forward,0.258,0.1,1.349,2.463,5.57,0.586,0.117,1.407,49.0,35.8,61.4,58.5,95.6,24.1,16.2,69.8,arnaut_danjuma_nl_ned_1997_0,Arnaut Danjuma,1535,0.921738168437205,0.012796281990251911,0.6419020763836873,-0.6765318727907653,2.972186927590468,-1.4019680393243745,-1.4181561542005299,1.0341589730910512,1,Dynamic Winger / Dribbler,"{""Forward Archetype 1 (Low PrgC)"": 0.0, ""Forward Archetype 2 (High PrgC)"": 1.0}",2.954,-1.182
Arne Maier,de GER,1999.0,938,28,0,0,1.5,1.5,25,44,19,13,6,7,25.0,Augsburg,de Bundesliga,MF,Midfielder,0.144,0.144,2.399,4.222,1.823,1.247,0.576,0.672,72.9,70.6,95.1,48.1,65.7,16.1,31.2,45.9,arne_maier_de_ger_1999_0,Arne Maier,938,0.09267385125431181,0.5448317337170983,2.268083568595933,0.351951333785744,0.08817595564249658,-0.5405215015427958,-0.4705840253950106,-0.1061601294225936,0,Deep-Lying Playmaker,"{""Midfielder Archetype 1 (Low xAG)"": 0.0021, ""Midfielder Archetype 2 (High xAG)"": 0.9979}",1.557,0.322
Aron Dønnum,no NOR,1998.0,2689,32,2,2,2.1,4.6,45,126,94,56,28,47,26.0,Toulouse,fr Ligue 1,"DF,MF",Defender,0.07,0.154,1.506,4.217,3.146,1.874,0.937,1.573,79.4,91.4,93.4,73.8,95.9,59.9,42.1,97.7,aron_d_nnum_no_nor_1998_0,Aron Dønnum,2689,-0.4454907055135309,0.6657488818368362,0.8850549280763755,0.3490278454213987,1.1064696615104352,0.276614624310532,0.2746742284149951,1.2917004302573982,0,Ball-Playing Defender,"{""Defender Archetype 1 (Low PrgC)"": 0.0, ""Defender Archetype 2 (High xAG)"": 1.0, ""Defender Archetype 3 (Low npxG)"": 0.0}",1.423,1.312
Arouna Sangante,sn SEN,2002.0,1244,16,3,0,1.0,0.1,3,48,11,25,21,5,22.0,Le Havre,fr Ligue 1,DF,Defender,0.072,0.007,0.217,3.473,0.796,1.809,1.519,0.362,81.1,14.0,26.0,54.9,40.8,56.3,87.2,55.7,arouna_sangante_sn_sen_2002_0,Arouna Sangante,1244,-0.4309457174927785,-1.11173319552331,-1.1112764466489429,-0.08598722319311097,-0.7022908893509826,0.1919035426829938,1.476170914612843,-0.5871110434079405,1,Stopper / Defensive Destroyer,"{""Defender Archetype 1 (Low PrgC)"": 0.9887, ""Defender Archetype 2 (High xAG)"": 0.0005, ""Defender Archetype 3 (Low npxG)"": 0.0108}",-2.214,0.121
Artem Dovbyk,ua UKR,1997.0,2418,32,12,2,10.3,2.4,25,16,24,4,2,7,27.0,Roma,it Serie A,FW,Forward,0.383,0.089,0.931,0.596,0.893,0.149,0.074,0.261,77.2,28.5,34.1,0.7,14.6,2.2,10.8,5.7,artem_dovbyk_ua_ukr_1997_0,Artem Dovbyk,2418,1.8307999197342368,-0.12021258094145984,-0.005473031944615864,-1.7681624280371226,-0.6276314112941496,-1.9714871573433603,-1.5069265279230515,-0.743807954093489,0,Clinical Finisher / Poacher,"{""Forward Archetype 1 (Low PrgC)"": 0.9998, ""Forward Archetype 2 (High PrgC)"": 0.0002}",0.715,-3.517
Arthur,br BRA,2003.0,752,20,0,1,0.1,0.4,2,25,15,14,9,5,21.0,Leverkusen,de Bundesliga,DF,Defender,0.012,0.048,0.239,2.992,1.795,1.676,1.077,0.598,14.3,57.4,29.3,39.2,74.3,49.4,57.4,75.7,arthur_br_bra_2003_0,Arthur,752,-0.8672953581153539,-0.6159728882323849,-1.0772040725264005,-0.367226803843083,0.06662476610031798,0.018571637198954587,0.5636940498371578,-0.22096776695457973,1,Stopper / Defensive Destroyer,"{""Defender Archetype 1 (Low PrgC)"": 0.0, ""Defender Archetype 2 (High xAG)"": 0.0334, ""Defender Archetype 3 (Low npxG)"": 0.9666}",-1.315,-0.01
Arthur Atta,fr FRA,2003.0,1251,27,0,1,1.3,1.4,18,57,31,20,7,27,21.0,Udinese,it Serie A,"MF,FW",Midfielder,0.094,0.101,1.295,4.101,2.23,1.439,0.504,1.942,54.4,52.6,66.3,45.1,74.6,25.0,23.8,95.4,arthur_atta_fr_fra_2003_0,Arthur Atta,1251,-0.27095084926450086,0.024887996802225705,0.558269885355629,0.281202915368599,0.40143788934487834,-0.2902979988891452,-0.619222790697837,1.8641871633560854,0,Deep-Lying Playmaker,"{""Midfielder Archetype 1 (Low xAG)"": 0.0178, ""Midfielder Archetype 2 (High xAG)"": 0.9822}",1.369,0.346
Arthur Chaves,br BRA,2001.0,2185,26,1,0,0.8,0.1,5,57,10,51,37,3,23.0,Hoffenheim,de Bundesliga,DF,Defender,0.033,0.004,0.206,2.348,0.412,2.101,1.524,0.124,41.4,10.0,24.3,19.1,19.3,71.0,87.7,23.0,arthur_chaves_br_bra_2001_0,Arthur Chaves,2185,-0.7145729838974524,-1.1480083399592313,-1.128312633710214,-0.7437721051706964,-0.9978500602151462,0.5724517863020875,1.4864930510922063,-0.9563572289837874,1,Stopper / Defensive Destroyer,"{""Defender Archetype 1 (Low PrgC)"": 0.9881, ""Defender Archetype 2 (High xAG)"": 0.0002, ""Defender Archetype 3 (Low npxG)"": 0.0117}",-2.711,-0.034
Arthur Melo,br BRA,1996.0,941,15,0,0,0.2,0.2,5,70,24,25,8,8,27.0,Girona,es La Liga,MF,Midfielder,0.019,0.019,0.478,6.695,2.295,2.391,0.765,0.765,5.8,5.6,11.2,88.2,77.3,74.8,47.4,54.9,arthur_melo_br_bra_1996_0,Arthur Melo,941,-0.81638790004272,-0.9666326177796246,-0.7070541900133275,1.797908678790694,0.45146743649636434,0.9503935351018723,-0.0804072664750907,0.038125144773010405,1,Box-to-Box / Pressing Engine,"{""Midfielder Archetype 1 (Low xAG)"": 0.7808, ""Midfielder Archetype 2 (High xAG)"": 0.2192}",-0.843,1.514
Arthur Theate,be BEL,2000.0,2704,31,0,0,2.4,1.0,13,171,50,36,39,10,24.0,Eint Frankfurt,de Bundesliga,DF,Defender,0.08,0.033,0.433,5.692,1.664,1.198,1.298,0.333,85.0,47.3,52.5,91.7,69.3,18.4,75.9,52.0,arthur_theate_be_bel_2000_0,Arthur Theate,2704,-0.3727657654097684,-0.7973486104119917,-0.7767476825367093,1.211456912903122,-0.034204013543446175,-0.6043806246158631,1.0199324822250007,-0.632103225683989,1,Stopper / Defensive Destroyer,"{""Defender Archetype 1 (Low PrgC)"": 0.9229, ""Defender Archetype 2 (High xAG)"": 0.0113, ""Defender Archetype 3 (Low npxG)"": 0.0658}",-1.269,0.459
Arthur Vermeeren,be BEL,2005.0,1572,28,0,2,0.4,0.9,12,77,14,32,23,6,19.0,RB Leipzig,de Bundesliga,MF,Midfielder,0.023,0.052,0.687,4.408,0.802,1.832,1.317,0.344,8.5,23.5,26.1,53.6,19.8,48.8,82.7,17.9,arthur_vermeeren_be_bel_2005_0,Arthur Vermeeren,1572,-0.787297924001215,-0.5676060289844899,-0.38336663584917574,0.4607051009393714,-0.69767277730623,0.2218782331050459,1.0591566008465796,-0.6150372255103155,1,Box-to-Box / Pressing Engine,"{""Midfielder Archetype 1 (Low xAG)"": 0.9994, ""Midfielder Archetype 2 (High xAG)"": 0.0006}",-1.597,0.681
Ashley Young,eng ENG,1985.0,1875,32,1,3,0.3,2.3,26,90,24,58,25,7,39.0,Everton,eng Premier League,DF,Defender,0.014,0.11,1.248,4.32,1.152,2.784,1.2,0.336,16.6,83.6,88.5,76.5,54.3,93.5,68.2,52.6,ashley_young_eng_eng_1985_0,Ashley Young,1875,-0.8527503700946013,0.1337134301099897,0.4854789042756524,0.40925170572690245,-0.42828290802899766,1.4625697670960631,0.8176186072294864,-0.6274488620002598,0,Ball-Playing Defender,"{""Defender Archetype 1 (Low PrgC)"": 0.0, ""Defender Archetype 2 (High xAG)"": 0.9536, ""Defender Archetype 3 (Low npxG)"": 0.0464}",-0.938,1.603
Assane Diao,sn SEN,2005.0,1529,25,9,3,4.8,1.9,16,37,59,30,3,21,18.0,"Como, Betis","it Serie A, es La Liga","FW,MF",Forward,0.283,0.112,0.942,2.178,3.473,1.766,0.177,1.236,56.9,40.6,35.0,49.3,76.9,88.0,28.8,61.0,assane_diao_sn_sen_2005_0,Assane Diao,1529,1.1035505186966112,0.15789685973393727,0.01156315511665512,-0.8431707095584203,1.3581567679494495,0.13586390406785342,-1.2942905164481746,0.768860243118489,0,Clinical Finisher / Poacher,"{""Forward Archetype 1 (Low PrgC)"": 0.4859, ""Forward Archetype 2 (High PrgC)"": 0.5141}",1.685,-0.94
Assane Dioussé,sn SEN,1997.0,663,17,0,0,0.1,0.2,2,33,1,15,12,2,26.0,Auxerre,fr Ligue 1,MF,Midfielder,0.014,0.027,0.271,4.48,0.136,2.036,1.629,0.271,4.3,10.0,3.2,55.2,0.7,57.4,94.9,14.0,assane_diouss__sn_sen_1997_0,Assane Dioussé,663,-0.8527503700946013,-0.8698988992838345,-1.0276442556208845,0.5028033333859369,-1.2102832142737636,0.4877407046745496,1.7032579171588282,-0.7282934084810584,1,Box-to-Box / Pressing Engine,"{""Midfielder Archetype 1 (Low xAG)"": 0.9999, ""Midfielder Archetype 2 (High xAG)"": 0.0001}",-2.57,0.802
Aster Vranckx,be BEL,2002.0,556,14,0,0,0.0,0.0,1,20,5,11,10,5,21.0,Wolfsburg,de Bundesliga,MF,Midfielder,0.0,0.0,0.162,3.237,0.809,1.781,1.619,0.809,0.3,0.8,1.2,23.7,20.2,45.4,94.5,58.4,aster_vranckx_be_bel_2002_0,Aster Vranckx,556,-0.9545652862398688,-1.1963751992071265,-1.1964573819552984,-0.22397587399018654,-0.6922849799206854,0.15541261521266975,1.6826136442001023,0.10638914546770485,1,Box-to-Box / Pressing Engine,"{""Midfielder Archetype 1 (Low xAG)"": 1.0, ""Midfielder Archetype 2 (High xAG)"": 0.0}",-2.248,0.38
Augustine Boakye,gh GHA,2000.0,733,17,3,0,1.8,0.9,13,35,25,7,6,13,23.0,Saint-Étienne,fr Ligue 1,"FW,MF",Forward,0.221,0.111,1.596,4.297,3.07,0.859,0.737,1.596,36.6,39.8,76.5,90.5,69.6,41.2,96.0,77.2,augustine_boakye_gh_gha_2000_0,Augustine Boakye,733,0.6526558900532835,0.1458051449219635,1.0244419131231395,0.39580365925091593,1.0479735756102362,-1.0461814964887148,-0.1382112307595233,1.3273838851659887,1,Dynamic Winger / Dribbler,"{""Forward Archetype 1 (Low PrgC)"": 0.0001, ""Forward Archetype 2 (High PrgC)"": 0.9999}",1.962,-0.006
Aurélien Tchouaméni,fr FRA,2000.0,2689,32,0,0,1.7,0.6,5,154,19,47,46,10,24.0,Real Madrid,es La Liga,"DF,MF",Defender,0.057,0.02,0.167,5.154,0.636,1.573,1.54,0.335,68.8,33.2,17.8,87.2,31.8,42.0,88.5,52.3,aur_lien_tchouam_ni_fr_fra_2000_0,Aurélien Tchouaméni,2689,-0.5400331276484224,-0.9545409029676508,-1.1887136605638116,0.8968895648996189,-0.8254405438777174,-0.11566284599545171,1.5195238878261677,-0.6290003165615029,1,Stopper / Defensive Destroyer,"{""Defender Archetype 1 (Low PrgC)"": 0.8397, ""Defender Archetype 2 (High xAG)"": 0.0011, ""Defender Archetype 3 (Low npxG)"": 0.1591}",-2.186,0.537
Aurélio Buta,pt POR,1997.0,1970,27,0,1,0.3,0.8,10,83,28,37,22,9,27.0,Reims,fr Ligue 1,DF,Defender,0.014,0.037,0.457,3.792,1.279,1.69,1.005,0.411,16.6,50.6,54.3,62.7,57.1,49.9,50.4,60.4,aur_lio_buta_pt_por_1997_0,Aurélio Buta,1970,-0.8527503700946013,-0.7489817511640966,-0.7395778198575724,0.10053133445208877,-0.3305328697484019,0.03681710093411663,0.415055284534331,-0.5110897699070309,1,Stopper / Defensive Destroyer,"{""Defender Archetype 1 (Low PrgC)"": 0.0715, ""Defender Archetype 2 (High xAG)"": 0.0078, ""Defender Archetype 3 (Low npxG)"": 0.9207}",-1.431,0.137
Axel Disasi,fr FRA,1998.0,854,13,1,0,0.4,0.5,5,32,16,15,7,10,26.0,"Aston Villa, Chelsea",eng Premier League,DF,Defender,0.042,0.053,0.527,3.372,1.686,1.581,0.738,1.054,52.5,60.0,60.8,51.9,70.4,43.0,23.3,92.5,axel_disasi_fr_fra_1998_0,Axel Disasi,854,-0.6491205378040661,-0.5555143141725161,-0.631165720376756,-0.1450416881528764,-0.017270936046020122,-0.10523686671821625,-0.1361468034636507,0.4864955129722532,0,Ball-Playing Defender,"{""Defender Archetype 1 (Low PrgC)"": 0.0, ""Defender Archetype 2 (High xAG)"": 0.0768, ""Defender Archetype 3 (Low npxG)"": 0.9232}",-0.499,-0.104
Axel Tuanzebe,cd COD,1997.0,1710,22,0,1,0.2,0.3,5,61,10,31,23,4,26.0,Ipswich Town,eng Premier League,DF,Defender,0.011,0.016,0.263,3.211,0.526,1.632,1.211,0.211,12.6,27.8,33.6,46.1,24.7,47.6,69.5,36.0,axel_tuanzebe_cd_cod_1997_0,Axel Tuanzebe,1710,-0.8745678521257301,-1.002907762215546,-1.0400342098472635,-0.23917801348477977,-0.9101059313648476,-0.0387712488258404,0.8403273074840852,-0.8213806821556418,1,Stopper / Defensive Destroyer,"{""Defender Archetype 1 (Low PrgC)"": 0.9841, ""Defender Archetype 2 (High xAG)"": 0.0001, ""Defender Archetype 3 (Low npxG)"": 0.0158}",-2.21,-0.177
Axel Witsel,be BEL,1989.0,852,14,0,1,0.0,0.5,2,21,2,16,11,1,35.0,Atlético Madrid,es La Liga,DF,Defender,0.0,0.053,0.211,2.218,0.211,1.69,1.162,0.106,2.6,60.0,25.4,15.1,8.0,49.9,64.8,18.9,axel_witsel_be_bel_1989_0,Axel Witsel,852,-0.9545652862398688,-0.5555143141725161,-1.120568912318727,-0.8197828026436618,-1.1525568137143567,0.03681710093411663,0.7391703699863279,-0.9842834110861625,1,Stopper / Defensive Destroyer,"{""Defender Archetype 1 (Low PrgC)"": 0.0005, ""Defender Archetype 2 (High xAG)"": 0.0281, ""Defender Archetype 3 (Low npxG)"": 0.9714}",-2.249,-0.464
Ayoze Pérez,es ESP,1993.0,1970,30,19,2,12.7,3.0,32,73,59,27,8,34,31.0,Villarreal,es La Liga,FW,Forward,0.58,0.137,1.462,3.335,2.695,1.234,0.365,1.553,94.9,52.1,69.8,78.7,61.0,64.9,62.7,75.2,ayoze_p_rez_es_esp_1993_0,Ayoze Pérez,1970,3.2634812397783586,0.460189730033282,0.8169101798312909,-0.16667550204902806,0.7593415728132014,-0.5574637178683035,-0.9061781848241273,1.260671339032537,0,Clinical Finisher / Poacher,"{""Forward Archetype 1 (Low PrgC)"": 0.9968, ""Forward Archetype 2 (High PrgC)"": 0.0032}",2.844,-1.444
Ayyoub Bouaddi,fr FRA,2007.0,1151,24,0,1,0.1,1.0,5,37,11,50,10,14,16.0,Lille,fr Ligue 1,MF,Midfielder,0.008,0.078,0.391,2.893,0.86,3.91,0.782,1.095,1.5,41.6,8.5,16.7,22.6,98.7,48.5,75.1,ayyoub_bouaddi_fr_fra_2007_0,Ayyoub Bouaddi,1151,-0.8963853341568587,-0.2532214438731714,-0.8417949422251992,-0.4251118734571106,-0.6530310275402886,2.930026350366952,-0.045312002445256606,0.5501051499832182,1,Box-to-Box / Pressing Engine,"{""Midfielder Archetype 1 (Low xAG)"": 0.9997, ""Midfielder Archetype 2 (High xAG)"": 0.0003}",-1.352,1.355
Azor Matusiwa,nl NED,1998.0,2078,29,1,3,1.2,1.8,17,134,19,64,34,17,26.0,Rennes,fr Ligue 1,MF,Midfielder,0.052,0.078,0.736,5.804,0.823,2.772,1.473,0.736,28.8,41.6,29.9,77.6,20.9,85.2,91.4,52.2,azor_matusiwa_nl_ned_1998_0,Azor Matusiwa,2078,-0.5763955977003037,-0.2532214438731714,-0.3074781662126044,1.2769430522644463,-0.6815093851495961,1.44693079818021,1.3812072590027042,-0.0068670375030382095,1,Box-to-Box / Pressing Engine,"{""Midfielder Archetype 1 (Low xAG)"": 0.9996, ""Midfielder Archetype 2 (High xAG)"": 0.0004}",-1.376,1.958
Aïssa Mandi,dz ALG,1991.0,1733,24,0,0,0.3,0.4,5,82,12,31,15,3,32.0,Lille,fr Ligue 1,DF,Defender,0.016,0.021,0.26,4.259,0.623,1.61,0.779,0.156,20.0,34.5,33.2,75.0,30.9,45.6,26.7,29.1,a_ssa_mandi_dz_alg_1991_0,Aïssa Mandi,1733,-0.8382053820738488,-0.942449188155677,-1.0446804426821557,0.37358514768189566,-0.8354464533080146,-0.0674426918382376,-0.051505284332874386,-0.9067106830240097,1,Stopper / Defensive Destroyer,"{""Defender Archetype 1 (Low PrgC)"": 0.9863, ""Defender Archetype 2 (High xAG)"": 0.0002, ""Defender Archetype 3 (Low npxG)"": 0.0135}",-1.832,-0.199
Badredine Bouanani,dz ALG,2004.0,1099,26,3,3,1.9,2.4,20,44,47,11,11,14,19.0,Nice,fr Ligue 1,"MF,FW",Midfielder,0.156,0.197,1.638,3.603,3.849,0.901,0.901,1.146,76.8,85.2,79.5,33.0,95.0,7.0,59.0,76.9,badredine_bouanani_dz_alg_2004_0,Badredine Bouanani,1099,0.17994377937882694,1.185692618751709,1.0894891728116292,-0.009976525720145351,1.6475584560872767,-0.9914451052832287,0.20035484576358176,0.629229332606614,0,Deep-Lying Playmaker,"{""Midfielder Archetype 1 (Low xAG)"": 0.0, ""Midfielder Archetype 2 (High xAG)"": 1.0}",2.141,0.32
Bafodé Diakité,fr FRA,2001.0,2766,31,4,1,2.3,0.2,3,90,15,31,27,9,23.0,Lille,fr Ligue 1,DF,Defender,0.075,0.007,0.098,2.928,0.488,1.009,0.879,0.293,82.5,14.0,9.0,37.0,22.9,9.7,36.6,48.1,bafod__diakit__fr_fra_2001_0,Bafodé Diakité,2766,-0.4091282354616497,-1.11173319552331,-1.2955770157663307,-0.40464745490669674,-0.9393539743149472,-0.8506943850405505,0.15493744525438471,-0.6941614081337113,1,Stopper / Defensive Destroyer,"{""Defender Archetype 1 (Low PrgC)"": 0.9971, ""Defender Archetype 2 (High xAG)"": 0.0002, ""Defender Archetype 3 (Low npxG)"": 0.0027}",-1.822,-1.197
Balthazar Pierret,fr FRA,2000.0,1723,30,0,0,0.2,0.4,10,82,13,51,19,13,24.0,Lecce,it Serie A,MF,Midfielder,0.01,0.021,0.522,4.283,0.679,2.664,0.992,0.679,2.7,7.4,13.4,49.8,14.5,82.4,65.2,46.2,balthazar_pierret_fr_fra_2000_0,Balthazar Pierret,1723,-0.8818403461361063,-0.942449188155677,-0.6389094417682429,0.3876178918307508,-0.7923440742236574,1.3061800779375319,0.3882177296879875,-0.09529994749389221,1,Box-to-Box / Pressing Engine,"{""Midfielder Archetype 1 (Low xAG)"": 0.9983, ""Midfielder Archetype 2 (High xAG)"": 0.0017}",-1.708,0.922
Bamba Dieng,sn SEN,2000.0,532,18,3,0,2.3,0.0,1,7,6,4,0,2,24.0,Angers,fr Ligue 1,FW,Forward,0.389,0.0,0.169,1.184,1.015,0.677,0.0,0.338,78.0,0.4,0.6,14.0,20.0,31.4,2.8,10.0,bamba_dieng_sn_sen_2000_0,Bamba Dieng,532,1.8744348837964944,-1.1963751992071265,-1.1856161720072167,-1.4243601963901715,-0.5337297997175143,-1.2833725250458212,-1.6596941478176233,-0.6243459528777737,0,Clinical Finisher / Poacher,"{""Forward Archetype 1 (Low PrgC)"": 0.9998, ""Forward Archetype 2 (High PrgC)"": 0.0002}",-0.246,-3.479
Bamo Meïté,ci CIV,2001.0,450,10,0,0,0.0,0.0,0,7,1,5,4,1,22.0,"Montpellier, Marseille",fr Ligue 1,DF,Defender,0.0,0.0,0.0,1.4,0.2,1.0,0.8,0.2,2.6,4.3,1.9,2.0,7.6,9.2,28.5,34.8,bamo_me_t__ci_civ_2001_0,Bamo Meïté,450,-0.9545652862398688,-1.1963751992071265,-1.4473539550394734,-1.298065499050475,-1.16102335246307,-0.8624236117274402,-0.008152311119549924,-0.8384466823293154,1,Stopper / Defensive Destroyer,"{""Defender Archetype 1 (Low PrgC)"": 0.9983, ""Defender Archetype 2 (High xAG)"": 0.0001, ""Defender Archetype 3 (Low npxG)"": 0.0016}",-2.25,-1.64
Baptiste Santamaria,fr FRA,1995.0,1409,23,0,1,1.0,1.3,13,73,13,31,30,9,29.0,"Nice, Rennes",fr Ligue 1,MF,Midfielder,0.064,0.083,0.83,4.663,0.83,1.98,1.916,0.575,36.2,44.9,37.3,59.9,21.1,54.4,97.8,39.1,baptiste_santamaria_fr_fra_1995_0,Baptiste Santamaria,1409,-0.4891256695757885,-0.19276286981330243,-0.16189620405265104,0.6098030075209574,-0.6761215877640515,0.4147588497339015,2.295748551074262,-0.25665122186317,1,Box-to-Box / Pressing Engine,"{""Midfielder Archetype 1 (Low xAG)"": 1.0, ""Midfielder Archetype 2 (High xAG)"": 0.0}",-1.525,1.38
Bazoumana Touré,ci CIV,2006.0,609,13,0,3,1.4,1.9,13,14,24,12,3,12,18.0,Hoffenheim,de Bundesliga,"FW,MF",Forward,0.207,0.281,1.921,2.069,3.547,1.773,0.443,1.773,31.0,92.2,86.9,45.9,78.0,88.7,75.7,84.3,bazoumana_tour__ci_civ_2006_0,Bazoumana Touré,609,0.5508409739080159,2.201396662957507,1.5277838035697868,-0.9069027559011374,1.4151134831680645,0.1449866359354343,-0.7451528557460652,1.601991342506009,1,Dynamic Winger / Dribbler,"{""Forward Archetype 1 (Low PrgC)"": 0.0096, ""Forward Archetype 2 (High PrgC)"": 0.9904}",3.281,0.297
Becir Omeragic,ch SUI,2002.0,1799,22,0,0,0.3,0.1,3,51,21,32,13,11,22.0,Montpellier,fr Ligue 1,DF,Defender,0.015,0.005,0.15,2.551,1.051,1.601,0.65,0.55,18.2,11.5,16.0,24.3,51.5,44.9,16.2,72.9,becir_omeragic_ch_sui_2002_0,Becir Omeragic,1799,-0.845477876084225,-1.1359166251472577,-1.215042313294867,-0.6250784775782964,-0.506021127448999,-0.07917191852512763,-0.31781640550043866,-0.29543758589424624,1,Stopper / Defensive Destroyer,"{""Defender Archetype 1 (Low PrgC)"": 0.2922, ""Defender Archetype 2 (High xAG)"": 0.006, ""Defender Archetype 3 (Low npxG)"": 0.7018}",-1.578,-0.774
Ben Davies,wls WAL,1993.0,1331,17,0,0,0.3,0.2,2,52,14,17,12,1,31.0,Tottenham,eng Premier League,DF,Defender,0.02,0.014,0.135,3.516,0.947,1.15,0.811,0.068,25.1,25.9,14.2,56.4,47.2,16.0,29.4,13.1,ben_davies_wls_wal_1993_0,Ben Davies,1331,-0.8091154060323437,-1.0270911918394936,-1.2382734774693276,-0.060845223259745396,-0.5860684028913766,-0.6669365002792758,0.0145563891350486,-1.0432386844133983,1,Stopper / Defensive Destroyer,"{""Defender Archetype 1 (Low PrgC)"": 0.9612, ""Defender Archetype 2 (High xAG)"": 0.0007, ""Defender Archetype 3 (Low npxG)"": 0.0381}",-1.84,-0.769
Ben Johnson,eng ENG,2000.0,1354,23,1,2,1.1,1.3,12,27,16,38,13,8,24.0,Ipswich Town,eng Premier League,"DF,FW",Defender,0.073,0.086,0.798,1.795,1.064,2.526,0.864,0.532,81.7,74.7,74.2,6.4,51.7,88.0,35.0,71.1,ben_johnson_eng_eng_2000_0,Ben Johnson,1354,-0.4236732234824023,-0.15648772537738123,-0.21145602095816696,-1.067109918267234,-0.4960152180187017,1.1263319354052201,0.12397103581629582,-0.32336376799662125,0,Ball-Playing Defender,"{""Defender Archetype 1 (Low PrgC)"": 0.0, ""Defender Archetype 2 (High xAG)"": 0.2685, ""Defender Archetype 3 (Low npxG)"": 0.7315}",-0.941,0.013
Ben Old,nz NZL,2002.0,528,13,0,0,1.0,0.8,9,14,16,7,2,9,21.0,Saint-Étienne,fr Ligue 1,"FW,MF",Forward,0.17,0.136,1.534,2.386,2.727,1.193,0.341,1.534,20.5,51.6,72.3,55.7,61.9,62.9,60.0,74.3,ben_old_nz_nzl_2002_0,Ben Old,528,0.2817586955240946,0.4480980152213082,0.9284197678687022,-0.7215535936016756,0.7839715037185483,-0.610896861664135,-0.9557244399250694,1.2311937023689192,1,Dynamic Winger / Dribbler,"{""Forward Archetype 1 (Low PrgC)"": 0.7111, ""Forward Archetype 2 (High PrgC)"": 0.2889}",1.925,-0.574
Ben White,eng ENG,1997.0,1198,17,0,2,0.5,1.4,10,59,23,20,16,0,26.0,Arsenal,eng Premier League,DF,Defender,0.038,0.105,0.751,4.432,1.728,1.503,1.202,0.0,47.0,81.8,71.8,77.7,72.2,37.5,68.7,4.3,ben_white_eng_eng_1997_0,Ben White,1198,-0.6782105138455711,0.07325485605012072,-0.28424700203814374,0.4747378450882266,0.0150558482672478,-0.2068901646712619,0.8217474618212316,-1.1487375945779261,1,Stopper / Defensive Destroyer,"{""Defender Archetype 1 (Low PrgC)"": 0.0, ""Defender Archetype 2 (High xAG)"": 0.172, ""Defender Archetype 3 (Low npxG)"": 0.828}",-0.981,0.516
Bence Dárdai,hu HUN,2006.0,1304,21,1,1,1.0,1.0,11,39,5,24,12,3,18.0,Wolfsburg,de Bundesliga,MF,Midfielder,0.069,0.069,0.759,2.692,0.345,1.656,0.828,0.207,38.3,35.8,31.3,12.9,4.1,37.4,52.7,9.0,bence_d_rdai_hu_hun_2006_0,Bence Dárdai,1304,-0.4527631995239072,-0.3620468771809354,-0.2718570478117647,-0.5426361057037723,-1.0494189780482164,-0.007493310994134042,0.04965165316488246,-0.827586500400614,1,Box-to-Box / Pressing Engine,"{""Midfielder Archetype 1 (Low xAG)"": 0.9775, ""Midfielder Archetype 2 (High xAG)"": 0.0225}",-1.257,-0.525
Benedict Hollerbach,de GER,2001.0,2540,34,9,1,7.0,1.6,26,68,103,43,2,42,23.0,Union Berlin,de Bundesliga,"FW,MF",Forward,0.248,0.057,0.921,2.409,3.65,1.524,0.071,1.488,44.8,11.2,33.5,57.0,79.4,80.0,9.8,72.9,benedict_hollerbach_de_ger_2001_0,Benedict Hollerbach,2540,0.8490132283334424,-0.5071474549246209,-0.020960474727589645,-0.7081055471256895,1.49439107326965,-0.1795219690685187,-1.5131198098106693,1.1598267925517387,0,Clinical Finisher / Poacher,"{""Forward Archetype 1 (Low PrgC)"": 0.1362, ""Forward Archetype 2 (High PrgC)"": 0.8638}",1.638,-1.055
Benedikt Gimber,de GER,1997.0,2671,32,0,0,0.7,0.3,3,46,7,72,31,8,27.0,Heidenheim,de Bundesliga,DF,Defender,0.024,0.01,0.101,1.55,0.236,2.426,1.045,0.27,30.6,18.9,9.6,3.9,9.0,83.6,54.9,44.5,benedikt_gimber_de_ger_1997_0,Benedikt Gimber,2671,-0.7800254299908388,-1.0754580510873888,-1.2909307829314385,-1.21036084812013,-1.1333146801945546,0.9960071944397776,0.49763237636923474,-0.7298448630423015,1,Stopper / Defensive Destroyer,"{""Defender Archetype 1 (Low PrgC)"": 0.964, ""Defender Archetype 2 (High xAG)"": 0.0004, ""Defender Archetype 3 (Low npxG)"": 0.0356}",-2.502,-0.43
Benedikt Pichler,at AUT,1997.0,785,18,1,2,2.3,1.1,12,19,18,5,2,8,27.0,Holstein Kiel,de Bundesliga,FW,Forward,0.264,0.126,1.376,2.178,2.064,0.573,0.229,0.917,51.2,46.5,63.6,49.3,47.3,22.6,38.7,47.5,benedikt_pichler_at_aut_1997_0,Benedikt Pichler,785,0.9653731324994625,0.32718086710157024,0.6837181718977164,-0.8431707095584203,0.27367012277339103,-1.418910255649882,-1.1869402970627998,0.27394623808195473,0,Clinical Finisher / Poacher,"{""Forward Archetype 1 (Low PrgC)"": 0.979, ""Forward Archetype 2 (High PrgC)"": 0.021}",1.59,-1.723
Benito Ramírez,es ESP,1995.0,478,19,0,0,0.3,0.9,13,16,14,10,1,3,29.0,Las Palmas,es La Liga,"DF,FW",Defender,0.056,0.169,2.448,3.013,2.636,1.883,0.188,0.565,67.6,93.9,99.7,40.1,92.0,61.0,0.3,73.9,benito_ram_rez_es_esp_1995_0,Benito Ramírez,478,-0.5473056216587986,0.8471246040164431,2.343972038232504,-0.35494815271283475,0.7139301377064681,0.28834385099742177,-1.271581816193576,-0.27216576747560056,0,Ball-Playing Defender,"{""Defender Archetype 1 (Low PrgC)"": 0.0, ""Defender Archetype 2 (High xAG)"": 1.0, ""Defender Archetype 3 (Low npxG)"": 0.0}",1.812,0.479
Benjamin André,fr FRA,1990.0,2692,30,0,3,1.4,1.9,21,209,29,103,48,9,33.0,Lille,fr Ligue 1,MF,Midfielder,0.047,0.064,0.702,6.987,0.97,3.444,1.605,0.301,25.5,32.6,27.0,91.5,28.4,96.8,94.0,15.6,benjamin_andr__fr_fra_1990_0,Benjamin André,2692,-0.6127580677521849,-0.42250545124080435,-0.3601354716747152,1.9686403992684314,-0.5683656400531585,2.3227130574679875,1.653711662057886,-0.6817497716437668,1,Box-to-Box / Pressing Engine,"{""Midfielder Archetype 1 (Low xAG)"": 0.9999, ""Midfielder Archetype 2 (High xAG)"": 0.0001}",-1.915,2.787
Benjamin Bouchouari,ma MAR,2001.0,1772,25,1,0,0.6,0.9,16,133,48,33,17,27,22.0,Saint-Étienne,fr Ligue 1,MF,Midfielder,0.03,0.046,0.813,6.755,2.438,1.676,0.863,1.371,12.0,20.1,35.9,89.9,81.3,38.4,55.8,83.1,benjamin_bouchouari_ma_mar_2001_0,Benjamin Bouchouari,1772,-0.7363904659285812,-0.6401563178563325,-0.18822485678370646,1.8329905391628316,0.5615324402296338,0.018571637198954587,0.12190660852042322,0.9783066088863013,1,Box-to-Box / Pressing Engine,"{""Midfielder Archetype 1 (Low xAG)"": 0.4588, ""Midfielder Archetype 2 (High xAG)"": 0.5412}",0.081,1.424
Benjamin Henrichs,de GER,1997.0,935,15,0,2,0.4,1.4,11,29,9,32,15,9,27.0,RB Leipzig,de Bundesliga,DF,Defender,0.039,0.135,1.059,2.791,0.866,3.08,1.444,0.866,48.2,87.2,84.0,32.5,43.7,96.3,84.4,87.7,benjamin_henrichs_de_ger_1997_0,Benjamin Henrichs,935,-0.6709380198351949,0.4360063004093344,0.19276623567744816,-0.4847510360897449,-0.6484129154955361,1.848331000353775,1.3213388674223987,0.19482205545855885,0,Ball-Playing Defender,"{""Defender Archetype 1 (Low PrgC)"": 0.0, ""Defender Archetype 2 (High xAG)"": 0.9992, ""Defender Archetype 3 (Low npxG)"": 0.0008}",-0.926,1.498
Benjamin Pavard,fr FRA,1996.0,1584,23,0,1,0.5,0.8,8,92,13,29,16,0,28.0,Inter,it Serie A,DF,Defender,0.028,0.045,0.455,5.227,0.739,1.648,0.909,0.0,36.0,55.3,53.8,88.1,37.9,48.1,40.0,4.3,benjamin_pavard_fr_fra_1996_0,Benjamin Pavard,1584,-0.7509354539493337,-0.6522480326683063,-0.7426753084141672,0.9395724950190536,-0.7461629537761318,-0.017919290271369494,0.2168702641305625,-1.1487375945779261,1,Stopper / Defensive Destroyer,"{""Defender Archetype 1 (Low PrgC)"": 0.7002, ""Defender Archetype 2 (High xAG)"": 0.0165, ""Defender Archetype 3 (Low npxG)"": 0.2832}",-1.664,0.302
Benjamin Šeško,si SVN,2003.0,2380,33,13,5,8.4,2.1,19,46,47,7,5,39,21.0,RB Leipzig,de Bundesliga,"FW,MF",Forward,0.318,0.079,0.718,1.739,1.777,0.265,0.189,1.475,65.4,22.6,19.1,31.8,41.9,5.5,30.6,72.4,benjamin__e_ko_si_svn_2003_0,Benjamin Šeško,2380,1.3580878090597803,-0.24112972906119762,-0.3353555632219572,-1.0998529879478958,0.05277042996606029,-1.8203104578234464,-1.2695173888977034,1.139657883255579,0,Clinical Finisher / Poacher,"{""Forward Archetype 1 (Low PrgC)"": 0.9876, ""Forward Archetype 2 (High PrgC)"": 0.0124}",1.339,-2.511
Benjamín Domínguez,ar ARG,2003.0,1281,24,3,2,2.2,0.8,10,32,50,18,4,28,20.0,Bologna,it Serie A,FW,Forward,0.155,0.056,0.703,2.248,3.513,1.265,0.281,1.967,15.7,10.6,17.3,51.2,77.6,67.5,47.8,87.8,benjam_n_dom_nguez_ar_arg_2003_0,Benjamín Domínguez,1281,0.1726712853684507,-0.5192391697365947,-0.35858672739641784,-0.8022418724575926,1.3889441815811332,-0.5170630481690163,-1.079590077677425,1.9029735273871617,1,Dynamic Winger / Dribbler,"{""Forward Archetype 1 (Low PrgC)"": 0.1334, ""Forward Archetype 2 (High PrgC)"": 0.8666}",1.424,-0.842
Berat Djimsiti,al ALB,1993.0,2640,34,1,2,2.7,1.3,11,109,32,53,40,1,31.0,Atalanta,it Serie A,DF,Defender,0.092,0.044,0.375,3.716,1.091,1.807,1.364,0.034,89.0,54.7,46.5,60.8,52.7,56.1,79.3,9.7,berat_djimsiti_al_alb_1993_0,Berat Djimsiti,2640,-0.2854958372852534,-0.6643397474802801,-0.8665748506779573,0.056094311314047664,-0.4752337138173153,0.18929704786368495,1.1561846837525918,-1.0959881394956623,1,Stopper / Defensive Destroyer,"{""Defender Archetype 1 (Low PrgC)"": 0.738, ""Defender Archetype 2 (High xAG)"": 0.0525, ""Defender Archetype 3 (Low npxG)"": 0.2095}",-1.845,0.121
Bernardo,br BRA,1995.0,1782,21,0,0,0.7,0.7,4,100,14,46,26,3,29.0,Bochum,de Bundesliga,DF,Defender,0.035,0.035,0.202,5.051,0.707,2.323,1.313,0.152,44.1,49.1,23.3,86.0,35.0,81.1,76.7,27.9,bernardo_br_bra_1995_0,Bernardo,1782,-0.7000279958766998,-0.7731651807880441,-1.1345076108234036,0.8366657045941156,-0.770792884681479,0.861772711245371,1.0508988916630893,-0.9129165012689818,1,Stopper / Defensive Destroyer,"{""Defender Archetype 1 (Low PrgC)"": 0.2418, ""Defender Archetype 2 (High xAG)"": 0.0307, ""Defender Archetype 3 (Low npxG)"": 0.7275}",-2.235,0.913
Bernardo Silva,pt POR,1994.0,2670,33,4,4,3.9,5.1,53,134,101,56,23,28,29.0,Manchester City,eng Premier League,"MF,FW",Midfielder,0.131,0.172,1.787,4.517,3.404,1.888,0.775,0.944,68.1,79.4,84.9,56.4,93.2,51.2,47.7,67.2,bernardo_silva_pt_por_1994_0,Bernardo Silva,2670,-0.0018685708805793921,0.8833997484523641,1.3202520702779381,0.5244371472820886,1.3050484794347952,0.29486008804569375,-0.05976299351636476,0.315835511235517,0,Deep-Lying Playmaker,"{""Midfielder Archetype 1 (Low xAG)"": 0.0007, ""Midfielder Archetype 2 (High xAG)"": 0.9993}",1.672,1.15
Bertuğ Yıldırım,tr TUR,2002.0,1083,22,1,0,2.5,1.2,9,14,8,10,1,7,22.0,Getafe,es La Liga,FW,Forward,0.208,0.1,0.748,1.163,0.665,0.831,0.083,0.582,31.8,35.8,21.1,13.6,8.0,39.9,11.8,26.4,bertu__y_ld_r_m_tr_tur_2002_0,Bertuğ Yıldırım,1083,0.5581134679183921,0.012796281990251911,-0.28889323487303586,-1.4366388475204197,-0.8031196689947467,-1.082672423959039,-1.488346682260198,-0.24579103993446863,0,Clinical Finisher / Poacher,"{""Forward Archetype 1 (Low PrgC)"": 0.9982, ""Forward Archetype 2 (High PrgC)"": 0.0018}",0.225,-2.363
Beto,gw GNB,1998.0,1534,30,8,0,8.2,1.2,12,16,15,14,4,19,26.0,Everton,eng Premier League,FW,Forward,0.481,0.07,0.704,0.939,0.88,0.821,0.235,1.115,88.0,17.1,17.7,6.0,14.2,39.4,40.1,56.8,beto_gw_gnb_1998_0,Beto,1534,2.5435043327511098,-0.3499551623689616,-0.35703798311812046,-1.5676111262430676,-0.6376373207244468,-1.0957048980555832,-1.1745537332875642,0.5811342412080794,0,Clinical Finisher / Poacher,"{""Forward Archetype 1 (Low PrgC)"": 0.9998, ""Forward Archetype 2 (High PrgC)"": 0.0002}",0.956,-3.05
Beñat Prados,es ESP,2001.0,1715,30,1,0,1.0,1.1,11,78,20,55,28,15,23.0,Athletic Club,es La Liga,MF,Midfielder,0.052,0.058,0.577,4.093,1.05,2.886,1.469,0.787,28.8,27.4,17.6,44.6,31.7,88.4,91.0,56.4,be_at_prados_es_esp_2001_0,Beñat Prados,1715,-0.5763955977003037,-0.4950557401126471,-0.5537285064618873,0.27652533398564727,-0.506790812789791,1.5955010028808154,1.372949549819214,0.07225714512035764,1,Box-to-Box / Pressing Engine,"{""Midfielder Archetype 1 (Low xAG)"": 0.9999, ""Midfielder Archetype 2 (High xAG)"": 0.0001}",-1.571,1.431
Beñat Turrientes,es ESP,2002.0,942,21,0,0,0.6,0.2,3,42,18,15,5,13,22.0,Real Sociedad,es La Liga,MF,Midfielder,0.057,0.019,0.287,4.013,1.72,1.433,0.478,1.242,31.8,5.6,3.8,42.6,62.4,24.7,21.7,79.1,be_at_turrientes_es_esp_2002_0,Beñat Turrientes,942,-0.5400331276484224,-0.9666326177796246,-1.0028643471681264,0.22974952015613004,0.008898365540911052,-0.29811748334707183,-0.6728979003905246,0.7781689704859472,1,Box-to-Box / Pressing Engine,"{""Midfielder Archetype 1 (Low xAG)"": 0.8604, ""Midfielder Archetype 2 (High xAG)"": 0.1396}",-0.451,-0.359
Bilal El Khannouss,ma MAR,2004.0,2182,32,2,3,1.3,4.6,42,128,73,50,6,34,20.0,Leicester City,eng Premier League,"MF,FW",Midfielder,0.054,0.19,1.732,5.28,3.011,2.062,0.247,1.402,29.8,84.0,83.3,71.6,89.2,59.4,5.5,84.0,bilal_el_khannouss_ma_mar_2004_0,Bilal El Khannouss,2182,-0.5618506096795511,1.1010506150678925,1.2350711349715826,0.9705614716811086,1.0025621405035028,0.5216251373255646,-1.1497806057370932,1.0264017002848358,0,Deep-Lying Playmaker,"{""Midfielder Archetype 1 (Low xAG)"": 0.0066, ""Midfielder Archetype 2 (High xAG)"": 0.9934}",2.067,1.39
Billy Gilmour,sct SCO,2001.0,1275,28,0,1,0.6,1.8,21,78,13,27,9,6,23.0,"Brighton, Napoli","eng Premier League, it Serie A",MF,Midfielder,0.042,0.127,1.482,5.506,0.918,1.906,0.635,0.424,22.0,63.8,74.5,74.8,24.7,51.8,36.2,25.4,billy_gilmour_sct_sco_2001_0,Billy Gilmour,1275,-0.6491205378040661,0.33927258191354404,0.8478850653972385,1.1027031457494947,-0.6083892777743473,0.3183185414194735,-0.3487828149385276,-0.49092086061087115,1,Box-to-Box / Pressing Engine,"{""Midfielder Archetype 1 (Low xAG)"": 0.8826, ""Midfielder Archetype 2 (High xAG)"": 0.1174}",-0.005,0.974
Bobby De Cordova-Reid,jm JAM,1993.0,744,23,1,2,0.8,1.2,6,15,14,9,0,0,31.0,Leicester City,eng Premier League,FW,Forward,0.097,0.145,0.726,1.815,1.694,1.089,0.0,0.0,3.8,55.4,19.7,35.9,39.0,54.1,2.8,0.2,bobby_de_cordova_reid_jm_jam_1993_0,Bobby De Cordova-Reid,744,-0.2491333672333721,0.556923448529072,-0.32296560899557814,-1.0554159648098547,-0.011113453319683376,-0.746434592268196,-1.6596941478176233,-1.1487375945779261,0,Clinical Finisher / Poacher,"{""Forward Archetype 1 (Low PrgC)"": 0.805, ""Forward Archetype 2 (High PrgC)"": 0.195}",0.197,-1.627
Bojan Miovski,mk MKD,1999.0,869,17,2,1,2.7,0.2,4,4,4,7,2,3,25.0,Girona,es La Liga,FW,Forward,0.28,0.021,0.414,0.414,0.414,0.725,0.207,0.311,55.8,3.0,4.0,0.2,3.3,34.5,33.9,9.1,bojan_miovski_mk_mkd_1999_0,Bojan Miovski,869,1.0817330366654827,-0.942449188155677,-0.8061738238243598,-1.874577404499274,-0.996310689533562,-1.2208166493824086,-1.2323576975719968,-0.6662352260313363,0,Clinical Finisher / Poacher,"{""Forward Archetype 1 (Low PrgC)"": 0.9992, ""Forward Archetype 2 (High PrgC)"": 0.0008}",-0.612,-3.166
Borja Iglesias,es ESP,1993.0,1952,37,11,3,9.3,3.2,18,28,22,10,7,11,31.0,Celta Vigo,es La Liga,FW,Forward,0.429,0.148,0.83,1.291,1.014,0.461,0.323,0.507,82.6,57.0,25.3,17.3,19.7,16.4,57.2,21.3,borja_iglesias_es_esp_1993_0,Borja Iglesias,1952,2.1653346442115446,0.5931985929649934,-0.16189620405265104,-1.361797545393192,-0.5344994850583064,-1.564873965531178,-0.9928841312507761,-0.36215013202769764,0,Clinical Finisher / Poacher,"{""Forward Archetype 1 (Low PrgC)"": 0.9992, ""Forward Archetype 2 (High PrgC)"": 0.0008}",1.049,-2.868
Borja Mayoral,es ESP,1997.0,1114,24,5,1,2.6,0.9,8,13,10,5,2,6,27.0,Getafe,es La Liga,FW,Forward,0.21,0.073,0.646,1.05,0.808,0.404,0.162,0.485,32.6,19.2,14.0,9.3,11.8,12.9,26.1,20.3,borja_mayoral_es_esp_1997_0,Borja Mayoral,1114,0.5726584559391447,-0.3136800179330404,-0.4468651512593682,-1.5027096845546124,-0.6930546652614774,-1.6391590678814807,-1.3252569258862632,-0.39628213237504484,0,Clinical Finisher / Poacher,"{""Forward Archetype 1 (Low PrgC)"": 0.9992, ""Forward Archetype 2 (High PrgC)"": 0.0008}",0.035,-2.729
Borna Sosa,hr CRO,1998.0,1181,19,0,0,0.3,0.7,11,51,13,26,14,3,26.0,Torino,it Serie A,DF,Defender,0.023,0.053,0.838,3.887,0.991,1.981,1.067,0.229,29.3,60.0,76.2,65.0,49.2,66.2,56.6,38.4,borna_sosa_hr_cro_1998_0,Borna Sosa,1181,-0.787297924001215,-0.5555143141725161,-0.149506249826272,0.15607761337464054,-0.5522022478965245,0.416062097143556,0.5430497768784318,-0.7934545000532668,1,Stopper / Defensive Destroyer,"{""Defender Archetype 1 (Low PrgC)"": 0.0001, ""Defender Archetype 2 (High xAG)"": 0.1169, ""Defender Archetype 3 (Low npxG)"": 0.8831}",-1.373,0.479
Botond Balogh,hu HUN,2002.0,2053,29,0,1,0.4,0.1,2,37,7,36,25,0,22.0,Parma,it Serie A,DF,Defender,0.018,0.004,0.088,1.622,0.307,1.578,1.096,0.0,22.7,10.0,7.7,4.7,13.2,42.5,59.5,4.3,botond_balogh_hu_hun_2002_0,Botond Balogh,2053,-0.8236603940530962,-1.1480083399592313,-1.3110644585493043,-1.1682626156735647,-1.078667020998316,-0.10914660894717941,0.6029181684587372,-1.1487375945779261,1,Stopper / Defensive Destroyer,"{""Defender Archetype 1 (Low PrgC)"": 0.9967, ""Defender Archetype 2 (High xAG)"": 0.0001, ""Defender Archetype 3 (Low npxG)"": 0.0032}",-2.545,-0.991
Boubacar Kamara,fr FRA,1999.0,1726,26,1,0,0.8,0.9,11,85,19,50,19,9,24.0,Aston Villa,eng Premier League,MF,Midfielder,0.042,0.047,0.574,4.432,0.991,2.607,0.991,0.469,22.0,21.0,16.9,54.1,29.0,80.6,65.0,29.9,boubacar_kamara_fr_fra_1999_0,Boubacar Kamara,1726,-0.6491205378040661,-0.6280646030443587,-0.5583747392967794,0.4747378450882266,-0.5522022478965245,1.2318949755872295,0.3861533023921149,-0.42110540535493374,1,Box-to-Box / Pressing Engine,"{""Midfielder Archetype 1 (Low xAG)"": 0.9989, ""Midfielder Archetype 2 (High xAG)"": 0.0011}",-1.464,0.906
Boubakar Kouyaté,ml MLI,1997.0,756,11,0,0,0.5,0.0,0,12,3,22,12,0,27.0,Montpellier,fr Ligue 1,DF,Defender,0.06,0.0,0.0,1.429,0.357,2.619,1.429,0.0,72.1,4.3,1.9,2.3,15.5,90.9,83.4,4.3,boubakar_kouyat__ml_mli_1997_0,Boubakar Kouyaté,756,-0.5182156456172936,-1.1963751992071265,-1.4473539550394734,-1.281109266537275,-1.0401827539587114,1.2475339445030826,1.29037245798431,-1.1487375945779261,1,Stopper / Defensive Destroyer,"{""Defender Archetype 1 (Low PrgC)"": 0.9816, ""Defender Archetype 2 (High xAG)"": 0.0037, ""Defender Archetype 3 (Low npxG)"": 0.0147}",-2.988,-0.245
Boubakary Soumaré,fr FRA,1999.0,2171,31,0,0,0.3,0.4,11,105,34,37,27,27,25.0,Leicester City,eng Premier League,MF,Midfielder,0.012,0.017,0.456,4.353,1.409,1.534,1.119,1.119,3.2,4.6,10.4,51.4,49.9,31.1,73.2,76.4,boubakary_soumar__fr_fra_1999_0,Boubakary Soumaré,2171,-0.8672953581153539,-0.9908160474035722,-0.7411265641358697,0.42854672893157797,-0.23047377544542974,-0.16648949497197438,0.6503999962638066,0.5873400594530516,1,Box-to-Box / Pressing Engine,"{""Midfielder Archetype 1 (Low xAG)"": 0.989, ""Midfielder Archetype 2 (High xAG)"": 0.011}",-1.09,0.434
Boulaye Dia,sn SEN,1996.0,2177,35,9,3,7.1,4.2,26,51,23,22,6,17,27.0,Lazio,it Serie A,"MF,FW",Midfielder,0.294,0.174,1.075,2.108,0.951,0.91,0.248,0.703,93.6,79.8,53.2,4.6,27.0,7.1,5.6,48.0,boulaye_dia_sn_sen_1996_0,Boulaye Dia,2177,1.18354795281075,0.9075831780763117,0.2175461441302062,-0.8840995466592478,-0.5829896615282083,-0.9797158785963389,-1.1477161784412204,-0.058065038024059046,0,Deep-Lying Playmaker,"{""Midfielder Archetype 1 (Low xAG)"": 0.0, ""Midfielder Archetype 2 (High xAG)"": 1.0}",1.127,-1.793
Bradley Barcola,fr FRA,2002.0,2181,34,14,10,13.4,10.1,50,96,137,27,19,34,21.0,Paris S-G,fr Ligue 1,FW,Forward,0.553,0.417,2.063,3.961,5.653,1.114,0.784,1.403,92.9,98.4,91.1,87.4,95.8,58.8,97.1,69.4,bradley_barcola_fr_fra_2002_0,Bradley Barcola,2181,3.0671239014982006,3.8458698773859417,1.7477054910880145,0.19934524116694385,3.0360708108762116,-0.713853407026835,-0.04118314785351142,1.0279531548460792,1,Dynamic Winger / Dribbler,"{""Forward Archetype 1 (Low PrgC)"": 0.0, ""Forward Archetype 2 (High PrgC)"": 1.0}",5.369,0.248
Brahim Díaz,ma MAR,1999.0,1385,31,4,2,5.3,3.3,23,74,39,25,4,24,24.0,Real Madrid,es La Liga,"FW,MF",Forward,0.344,0.214,1.495,4.809,2.534,1.625,0.26,1.56,70.6,81.2,71.4,93.6,58.3,85.1,45.0,75.6,brahim_d_az_ma_mar_1999_0,Brahim Díaz,1385,1.5471726533295627,1.3912517705552632,0.8680187410151046,0.6951688677598262,0.6354222329456743,-0.047893980693421274,-1.1229430508907494,1.2715315209612386,1,Dynamic Winger / Dribbler,"{""Forward Archetype 1 (Low PrgC)"": 0.012, ""Forward Archetype 2 (High PrgC)"": 0.988}",2.727,0.047
Brais Méndez,es ESP,1997.0,1531,27,3,2,3.5,2.0,23,91,32,24,7,14,27.0,Real Sociedad,es La Liga,MF,Midfielder,0.206,0.118,1.352,5.349,1.881,1.411,0.411,0.823,86.4,60.6,68.4,72.6,66.7,23.9,16.9,59.4,brais_m_ndez_es_esp_1997_0,Brais Méndez,1531,0.5435684798976396,0.2304471486057799,0.6465483092185798,1.0109056111090673,0.132817705408438,-0.3267889263594693,-0.8112145292139882,0.12810950932510745,0,Deep-Lying Playmaker,"{""Midfielder Archetype 1 (Low xAG)"": 0.1069, ""Midfielder Archetype 2 (High xAG)"": 0.8931}",1.066,0.089
Brajan Gruda,de GER,2004.0,687,21,1,4,1.2,2.1,23,26,22,16,2,13,20.0,Brighton,eng Premier League,"MF,FW",Midfielder,0.157,0.275,3.013,3.406,2.882,2.096,0.262,1.703,77.1,96.8,99.0,28.4,88.4,60.9,6.8,90.5,brajan_gruda_de_ger_2004_0,Brajan Gruda,687,0.1872162733892032,2.1288463740856645,3.219012555470522,-0.12516196727533146,0.9032727315413229,0.5659355492538155,-1.1188141962990041,1.4933895232189955,0,Deep-Lying Playmaker,"{""Midfielder Archetype 1 (Low xAG)"": 0.0, ""Midfielder Archetype 2 (High xAG)"": 1.0}",3.723,1.223
Breel Embolo,ch SUI,1997.0,1841,29,6,4,10.8,5.6,32,55,22,22,3,14,27.0,Monaco,fr Ligue 1,"FW,MF",Forward,0.528,0.274,1.564,2.689,1.076,1.076,0.147,0.684,92.0,91.6,74.5,64.3,22.0,53.3,22.8,33.7,breel_embolo_ch_sui_1997_0,Breel Embolo,1841,2.885311551238794,2.1167546592736906,0.9748820962176235,-0.5443901987223793,-0.4867789939291966,-0.7633768085937034,-1.3562233353243522,-0.08754267468767693,0,Clinical Finisher / Poacher,"{""Forward Archetype 1 (Low PrgC)"": 0.9782, ""Forward Archetype 2 (High PrgC)"": 0.0218}",2.642,-1.854
Brendan Chardonnet,fr FRA,1994.0,2416,27,1,0,0.8,1.2,8,51,7,45,29,0,29.0,Brest,fr Ligue 1,DF,Defender,0.03,0.045,0.298,1.9,0.261,1.676,1.08,0.0,38.6,55.3,38.1,8.0,10.2,49.4,58.3,4.3,brendan_chardonnet_fr_fra_1994_0,Brendan Chardonnet,2416,-0.7363904659285812,-0.6522480326683063,-0.9858281601068551,-1.0057166626159926,-1.114072546674752,0.018571637198954587,0.5698873317247757,-1.1487375945779261,1,Stopper / Defensive Destroyer,"{""Defender Archetype 1 (Low PrgC)"": 0.1719, ""Defender Archetype 2 (High xAG)"": 0.0089, ""Defender Archetype 3 (Low npxG)"": 0.8192}",-2.163,-0.727
Brennan Johnson,wls WAL,2001.0,2177,33,11,3,10.4,2.3,19,71,60,39,4,19,23.0,Tottenham,eng Premier League,FW,Forward,0.43,0.095,0.785,2.935,2.48,1.612,0.165,0.785,82.9,31.9,23.2,71.4,57.4,84.7,26.8,42.1,brennan_johnson_wls_wal_2001_0,Brennan Johnson,2177,2.1726071382219208,-0.047662292069617064,-0.23158969657603287,-0.4005545711966139,0.5938592245429015,-0.06483619701892873,-1.3190636439986454,0.06915423599787152,0,Clinical Finisher / Poacher,"{""Forward Archetype 1 (Low PrgC)"": 0.967, ""Forward Archetype 2 (High PrgC)"": 0.033}",1.289,-1.565
Brian Oliván,es ESP,1994.0,1017,17,0,1,0.4,1.1,15,40,21,13,10,1,30.0,Espanyol,es La Liga,DF,Defender,0.035,0.097,1.327,3.54,1.858,1.15,0.885,0.088,44.1,79.4,90.1,56.8,75.8,16.0,37.2,15.4,brian_oliv_n_es_esp_1994_0,Brian Oliván,1017,-0.7000279958766998,-0.023478862445669473,0.6078297022611451,-0.04681247911089023,0.11511494257021994,-0.6669365002792758,0.16732400902962027,-1.0122095931885375,0,Ball-Playing Defender,"{""Defender Archetype 1 (Low PrgC)"": 0.0, ""Defender Archetype 2 (High xAG)"": 0.9903, ""Defender Archetype 3 (Low npxG)"": 0.0097}",-0.265,-0.014
Brooke Norton-Cuffy,eng ENG,2004.0,719,14,0,0,0.3,0.2,2,18,12,12,3,7,20.0,Genoa,it Serie A,"DF,FW",Defender,0.038,0.025,0.25,2.253,1.502,1.502,0.376,0.876,47.0,38.4,31.8,16.3,63.9,37.3,2.8,88.0,brooke_norton_cuffy_eng_eng_2004_0,Brooke Norton-Cuffy,719,-0.6782105138455711,-0.894082328907782,-1.0601678854651293,-0.7993183840932478,-0.15889303875176514,-0.20819341208091618,-0.8834694845695288,0.21033660107098942,1,Stopper / Defensive Destroyer,"{""Defender Archetype 1 (Low PrgC)"": 0.0, ""Defender Archetype 2 (High xAG)"": 0.0186, ""Defender Archetype 3 (Low npxG)"": 0.9814}",-0.79,-1.004
Bruno Fernandes,pt POR,1994.0,3018,36,8,10,7.6,8.5,91,325,77,84,26,28,29.0,Manchester Utd,eng Premier League,MF,Midfielder,0.227,0.253,2.714,9.692,2.296,2.505,0.775,0.835,89.0,93.9,98.5,98.7,77.4,77.9,47.7,60.4,bruno_fernandes_pt_por_1994_0,Bruno Fernandes,3018,0.6962908541155411,1.862828648222241,2.755938016259606,3.5502476043789812,0.45223712183715636,1.0989637398024772,-0.05976299351636476,0.14672696406002414,0,Deep-Lying Playmaker,"{""Midfielder Archetype 1 (Low xAG)"": 0.0002, ""Midfielder Archetype 2 (High xAG)"": 0.9998}",2.586,3.264
Bruno Guimarães,br BRA,1997.0,3271,38,5,6,4.3,6.1,52,271,64,83,29,34,26.0,Newcastle Utd,eng Premier League,MF,Midfielder,0.118,0.168,1.431,7.456,1.761,2.284,0.798,0.935,65.8,78.4,72.6,94.4,63.3,69.5,50.7,66.0,bruno_guimar_es_br_bra_1997_0,Bruno Guimarães,3271,-0.09641099301547079,0.8350328892044693,0.7688991072040724,2.2428636078439763,0.040455464513386795,0.810946062268848,-0.012281165711295111,0.3018724201843297,0,Deep-Lying Playmaker,"{""Midfielder Archetype 1 (Low xAG)"": 0.6103, ""Midfielder Archetype 2 (High xAG)"": 0.3897}",0.824,2.046
Bryan Cristante,it ITA,1995.0,2045,30,4,2,2.1,1.4,18,145,25,48,19,6,29.0,Roma,it Serie A,MF,Midfielder,0.092,0.062,0.792,6.381,1.1,2.112,0.836,0.264,52.8,30.8,34.6,85.6,35.0,61.4,53.4,13.4,bryan_cristante_it_ita_1995_0,Bryan Cristante,2045,-0.2854958372852534,-0.44668888086475195,-0.2207484866279512,1.614313609509839,-0.4683065457501863,0.5867875078082864,0.0661670715318632,-0.7391535904097598,1,Box-to-Box / Pressing Engine,"{""Midfielder Archetype 1 (Low xAG)"": 0.9809, ""Midfielder Archetype 2 (High xAG)"": 0.0191}",-0.92,1.003
Bryan Gil,es ESP,2001.0,1721,25,3,3,2.3,2.9,21,74,76,34,10,41,23.0,Girona,es La Liga,"FW,MF",Forward,0.12,0.152,1.098,3.87,3.974,1.778,0.523,2.144,8.5,58.9,45.2,86.5,82.7,88.9,83.6,90.1,bryan_gil_es_esp_2001_0,Bryan Gil,1721,-0.08186600499471827,0.6415654522128886,0.25316726253104604,0.1461377529358682,1.7437691236862882,0.1515028729837066,-0.5799986720762578,2.1775809847271823,1,Dynamic Winger / Dribbler,"{""Forward Archetype 1 (Low PrgC)"": 0.0222, ""Forward Archetype 2 (High PrgC)"": 0.9778}",2.174,0.755
Bryan Mbeumo,cm CMR,1999.0,3414,38,20,7,7.5,8.3,70,141,130,49,14,52,24.0,Brentford,eng Premier League,FW,Forward,0.198,0.219,1.845,3.717,3.427,1.292,0.369,1.371,27.9,82.6,85.4,85.1,76.3,69.2,63.4,68.1,bryan_mbeumo_cm_cmr_1999_0,Bryan Mbeumo,3414,0.4853885278146297,1.4517103446151323,1.410079238419186,0.056679008986916565,1.3227512422730134,-0.4818753681083465,-0.8979204756406369,0.9783066088863013,1,Dynamic Winger / Dribbler,"{""Forward Archetype 1 (Low PrgC)"": 0.1993, ""Forward Archetype 2 (High PrgC)"": 0.8007}",2.793,0.2
Bryan Zaragoza,es ESP,2001.0,1836,27,1,6,2.7,3.2,36,50,105,13,4,57,23.0,Osasuna,es La Liga,"FW,MF",Forward,0.132,0.157,1.765,2.451,5.147,0.637,0.196,2.794,10.1,61.1,81.2,58.3,93.3,27.7,32.0,97.6,bryan_zaragoza_es_esp_2001_0,Bryan Zaragoza,1836,0.005403923129796869,0.7020240262727576,1.286179696155396,-0.6835482448651928,2.646610028435413,-1.3355024214319984,-1.255066397826595,3.1860264495351673,1,Dynamic Winger / Dribbler,"{""Forward Archetype 1 (Low PrgC)"": 0.0, ""Forward Archetype 2 (High PrgC)"": 1.0}",3.918,-0.204
Budu Zivzivadze,ge GEO,1994.0,958,15,2,3,1.7,1.5,12,20,11,17,3,9,30.0,Heidenheim,de Bundesliga,FW,Forward,0.16,0.141,1.127,1.879,1.033,1.597,0.282,0.846,18.0,54.7,47.7,38.6,20.8,84.5,48.2,43.9,budu_zivzivadze_ge_geo_1994_0,Budu Zivzivadze,958,0.20903375542033198,0.5085565892811769,0.29808084660166984,-1.0179953137462407,-0.5198754635832566,-0.08438490816374536,-1.0775256503815525,0.16379296423369774,0,Clinical Finisher / Poacher,"{""Forward Archetype 1 (Low PrgC)"": 0.9462, ""Forward Archetype 2 (High PrgC)"": 0.0538}",0.598,-0.993
Bukayo Saka,eng ENG,2001.0,1729,25,6,10,6.0,7.6,58,70,96,29,3,41,22.0,Arsenal,eng Premier League,"FW,MF",Forward,0.312,0.396,3.019,3.644,4.997,1.51,0.156,2.134,64.5,97.6,98.4,84.3,91.4,79.6,24.5,89.6,bukayo_saka_eng_eng_2001_0,Bukayo Saka,1729,1.3144528449975228,3.591943866334492,3.2283050211403066,0.013996078867482163,2.5311572273165988,-0.19776743280368075,-1.3376434896614988,2.1620664391147515,1,Dynamic Winger / Dribbler,"{""Forward Archetype 1 (Low PrgC)"": 0.0, ""Forward Archetype 2 (High PrgC)"": 1.0}",5.931,1.004
Caio Henrique Oliveira Silva,br BRA,1997.0,1929,27,0,6,0.2,5.0,35,102,57,37,22,14,27.0,Monaco,fr Ligue 1,DF,Defender,0.009,0.233,1.633,4.759,2.659,1.726,1.026,0.653,9.8,97.6,95.3,82.5,92.4,51.7,52.6,78.5,caio_henrique_oliveira_silva_br_bra_1997_0,Caio Henrique Oliveira Silva,1929,-0.8891128401464826,1.6209943519827654,1.0817454514201423,0.665933984116378,0.731632900544686,0.08373400768167616,0.4584082577476557,-0.13563776608621167,0,Ball-Playing Defender,"{""Defender Archetype 1 (Low PrgC)"": 0.0, ""Defender Archetype 2 (High xAG)"": 1.0, ""Defender Archetype 3 (Low npxG)"": 0.0}",1.061,1.576
Caleb Ekuban,gh GHA,1994.0,555,18,1,3,2.8,0.8,8,8,7,3,1,3,30.0,Genoa,it Serie A,FW,Forward,0.454,0.13,1.297,1.297,1.135,0.486,0.162,0.486,85.5,48.3,58.1,17.7,23.7,16.9,26.1,20.6,caleb_ekuban_gh_gha_1994_0,Caleb Ekuban,555,2.347146994470951,0.3755477263494654,0.5613673739122238,-1.3582893593559782,-0.44136755882246315,-1.5322927802898174,-1.3252569258862632,-0.3947306778138018,0,Clinical Finisher / Poacher,"{""Forward Archetype 1 (Low PrgC)"": 0.9997, ""Forward Archetype 2 (High PrgC)"": 0.0003}",1.464,-2.904
Caleb Okoli,it ITA,2001.0,1125,19,1,0,0.6,0.0,0,32,3,25,15,0,23.0,Leicester City,eng Premier League,DF,Defender,0.048,0.0,0.0,2.56,0.24,2.0,1.2,0.0,59.7,4.3,1.9,24.6,9.3,67.2,68.2,4.3,caleb_okoli_it_ita_2001_0,Caleb Okoli,1125,-0.6054855737418086,-1.1963751992071265,-1.4473539550394734,-0.6198161985224757,-1.130235938831386,0.44082379792699006,0.8176186072294864,-1.1487375945779261,1,Stopper / Defensive Destroyer,"{""Defender Archetype 1 (Low PrgC)"": 0.9852, ""Defender Archetype 2 (High xAG)"": 0.0006, ""Defender Archetype 3 (Low npxG)"": 0.0142}",-2.716,-0.464
Callum Hudson-Odoi,eng ENG,2000.0,2194,31,5,2,2.5,2.7,44,71,130,22,13,37,23.0,Nott'ham Forest,eng Premier League,"FW,MF",Forward,0.103,0.111,1.805,2.912,5.333,0.902,0.533,1.518,4.9,39.8,83.8,71.0,94.7,43.5,84.5,74.1,callum_hudson_odoi_eng_eng_2000_0,Callum Hudson-Odoi,2194,-0.20549840317111462,0.1458051449219635,1.348129467287291,-0.4140026176726002,2.789771501822742,-0.9901418578735743,-0.5593543991175318,1.2063704293890303,1,Dynamic Winger / Dribbler,"{""Forward Archetype 1 (Low PrgC)"": 0.0, ""Forward Archetype 2 (High PrgC)"": 1.0}",2.612,0.129
Calvin Bassey,ng NGA,1999.0,3074,35,1,0,1.0,0.1,3,116,39,54,20,15,24.0,Fulham,eng Premier League,DF,Defender,0.029,0.003,0.088,3.396,1.142,1.581,0.586,0.439,37.4,9.0,7.7,52.7,53.9,43.0,11.7,62.9,calvin_bassey_ng_nga_1999_0,Calvin Bassey,3074,-0.7436629599389575,-1.1601000547712053,-1.3110644585493043,-0.13100894400402124,-0.4359797614369186,-0.10523686671821625,-0.44993975243628465,-0.4676490421922253,1,Stopper / Defensive Destroyer,"{""Defender Archetype 1 (Low PrgC)"": 0.7437, ""Defender Archetype 2 (High xAG)"": 0.0029, ""Defender Archetype 3 (Low npxG)"": 0.2534}",-1.561,-0.649
Cameron Archer,eng ENG,2001.0,1441,35,2,0,4.9,0.5,5,14,22,13,2,15,23.0,Southampton,eng Premier League,FW,Forward,0.306,0.031,0.312,0.874,1.374,0.812,0.125,0.937,61.8,4.5,1.6,4.9,29.9,38.6,18.4,48.1,cameron_archer_eng_eng_2001_0,Cameron Archer,1441,1.270817880935265,-0.8215320400359393,-0.9641457402106919,-1.6056164749795503,-0.2574127623731529,-1.107434124742473,-1.4016407358335492,0.3049753293068158,0,Clinical Finisher / Poacher,"{""Forward Archetype 1 (Low PrgC)"": 0.9978, ""Forward Archetype 2 (High PrgC)"": 0.0022}",0.191,-2.851
Cameron Burgess,au AUS,1995.0,1541,18,0,2,1.1,0.5,7,42,2,17,14,0,28.0,Ipswich Town,eng Premier League,DF,Defender,0.064,0.029,0.409,2.453,0.117,0.993,0.818,0.0,75.3,43.2,50.5,22.1,3.5,8.8,29.8,4.3,cameron_burgess_au_aus_1995_0,Cameron Burgess,1541,-0.4891256695757885,-0.8457154696598869,-0.8139175452158465,-0.682378849519455,-1.2249072357488135,-0.8715463435950213,0.029007380206156525,-1.1487375945779261,1,Stopper / Defensive Destroyer,"{""Defender Archetype 1 (Low PrgC)"": 0.993, ""Defender Archetype 2 (High xAG)"": 0.0012, ""Defender Archetype 3 (Low npxG)"": 0.0058}",-1.786,-1.329
Can Uzun,tr TUR,2005.0,675,20,4,1,3.0,1.1,14,42,11,10,1,11,18.0,Eint Frankfurt,de Bundesliga,"MF,FW",Midfielder,0.4,0.147,1.867,5.6,1.467,1.333,0.133,1.467,98.5,72.4,86.7,76.0,52.6,20.2,2.3,85.8,can_uzun_tr_tur_2005_0,Can Uzun,675,1.9544323179106333,0.5811068781530196,1.4441516125417284,1.157664726999177,-0.1858320256794883,-0.42844222431251494,-1.3851253174665685,1.1272462467656346,0,Deep-Lying Playmaker,"{""Midfielder Archetype 1 (Low xAG)"": 0.0, ""Midfielder Archetype 2 (High xAG)"": 1.0}",2.519,-0.33
Carl Johansson,se SWE,1994.0,568,10,0,0,0.0,0.4,6,12,0,4,10,0,30.0,Holstein Kiel,de Bundesliga,DF,Defender,0.0,0.063,0.951,1.901,0.0,0.634,1.585,0.0,2.6,65.4,79.1,8.2,0.7,1.1,90.2,4.3,carl_johansson_se_swe_1994_0,Carl Johansson,568,-0.9545652862398688,-0.43459716605277815,0.025501853621331522,-1.0051319649431236,-1.3149604206214884,-1.3394121636609617,1.612423116140434,-1.1487375945779261,1,Stopper / Defensive Destroyer,"{""Defender Archetype 1 (Low PrgC)"": 0.0, ""Defender Archetype 2 (High xAG)"": 0.9328, ""Defender Archetype 3 (Low npxG)"": 0.0672}",-1.888,-0.713
Carl Starfelt,se SWE,1995.0,2270,28,1,0,0.5,0.2,6,66,11,40,31,1,29.0,Celta Vigo,es La Liga,DF,Defender,0.02,0.008,0.238,2.617,0.436,1.586,1.229,0.04,25.1,15.2,29.1,26.2,20.6,43.5,71.7,10.2,carl_starfelt_se_swe_1995_0,Carl Starfelt,2270,-0.8091154060323437,-1.0996414807113362,-1.0787528168046978,-0.5864884311689448,-0.979377612036136,-0.09872062966994395,0.8774869988097919,-1.086679412128204,1,Stopper / Defensive Destroyer,"{""Defender Archetype 1 (Low PrgC)"": 0.9909, ""Defender Archetype 2 (High xAG)"": 0.0002, ""Defender Archetype 3 (Low npxG)"": 0.0089}",-2.409,-0.484
Carlens Arcus,ht HAI,1996.0,2047,28,0,1,0.0,1.4,17,70,39,52,27,8,28.0,Angers,fr Ligue 1,DF,Defender,0.0,0.062,0.747,3.078,1.715,2.286,1.187,0.352,2.6,64.9,71.4,42.2,71.7,79.9,67.3,54.4,carlens_arcus_ht_hai_1996_0,Carlens Arcus,2047,-0.9545652862398688,-0.44668888086475195,-0.29044197915133324,-0.31694280397635205,0.005049938836950671,0.8135525570881572,0.790781052383143,-0.6026255890203711,1,Stopper / Defensive Destroyer,"{""Defender Archetype 1 (Low PrgC)"": 0.0, ""Defender Archetype 2 (High xAG)"": 0.0292, ""Defender Archetype 3 (Low npxG)"": 0.9708}",-1.306,0.699
Carles Aleñá,es ESP,1998.0,1542,24,0,2,1.6,1.4,22,70,21,25,2,15,26.0,"Getafe, Alavés",es La Liga,"MF,FW",Midfielder,0.093,0.082,1.284,4.086,1.226,1.459,0.117,0.875,53.7,44.1,65.3,44.4,42.7,26.0,1.3,63.0,carles_ale___es_esp_1998_0,Carles Aleñá,1542,-0.27822334327487713,-0.20485458462527623,0.541233698294358,0.2724324502755647,-0.37132619281038276,-0.2642330506960566,-1.4181561542005299,0.20878514650974636,0,Deep-Lying Playmaker,"{""Midfielder Archetype 1 (Low xAG)"": 0.9338, ""Midfielder Archetype 2 (High xAG)"": 0.0662}",0.528,-0.355
Carles Pérez,es ESP,1998.0,1431,27,3,0,2.4,1.5,17,20,31,33,6,21,26.0,Getafe,es La Liga,"MF,FW",Midfielder,0.151,0.094,1.069,1.258,1.95,2.075,0.377,1.321,75.0,50.4,52.9,0.8,67.2,60.1,13.3,82.1,carles_p_rez_es_esp_1998_0,Carles Pérez,1431,0.14358130932694563,-0.05975400688159086,0.20825367846042195,-1.3810925685978679,0.18592599392309236,0.5385673536510726,-0.8814050572736561,0.9007338808241485,1,Box-to-Box / Pressing Engine,"{""Midfielder Archetype 1 (Low xAG)"": 0.2759, ""Midfielder Archetype 2 (High xAG)"": 0.7241}",0.679,-0.66
Carlo Boukhalfa,ma MAR,1999.0,1646,25,2,0,1.5,1.1,11,41,10,26,12,12,25.0,St. Pauli,de Bundesliga,MF,Midfielder,0.082,0.06,0.601,2.242,0.547,1.422,0.656,0.656,47.6,29.0,19.3,6.1,9.1,24.2,38.0,44.6,carlo_boukhalfa_ma_mar_1999_0,Carlo Boukhalfa,1646,-0.3582207773890159,-0.47087231048869954,-0.5165586437827502,-0.8057500584948065,-0.8939425392082135,-0.3124532048532707,-0.3054298417252031,-0.1309834024024825,1,Box-to-Box / Pressing Engine,"{""Midfielder Archetype 1 (Low xAG)"": 0.9518, ""Midfielder Archetype 2 (High xAG)"": 0.0482}",-0.882,-0.947
Carlos Alcaraz,ar ARG,2002.0,774,16,2,3,1.8,1.7000000000000002,14,48,23,11,6,9,21.0,"Southampton, Everton",eng Premier League,"FW,MF",Forward,0.209,0.198,1.628,5.581,2.674,1.279,0.698,1.047,32.3,77.2,78.0,96.2,60.5,68.7,93.6,54.2,carlos_alcaraz_ar_arg_2002_0,Carlos Alcaraz,774,0.5653859619287684,1.1977843335636829,1.0740017300286553,1.146555471214667,0.7431781806565675,-0.49881758443385427,-0.21872389529855443,0.4756353310435516,1,Dynamic Winger / Dribbler,"{""Forward Archetype 1 (Low PrgC)"": 0.0, ""Forward Archetype 2 (High PrgC)"": 1.0}",1.94,0.711
Carlos Augusto,br BRA,1999.0,1625,28,3,2,2.8,1.6,9,80,31,29,9,7,25.0,Inter,it Serie A,DF,Defender,0.155,0.089,0.498,4.431,1.717,1.606,0.498,0.388,97.7,75.9,59.2,77.5,71.8,45.5,6.3,57.9,carlos_augusto_br_bra_1999_0,Carlos Augusto,1625,0.1726712853684507,-0.12021258094145984,-0.67607930444738,0.4741531474153574,0.006589309518534858,-0.07265568147685532,-0.6316093544730726,-0.5467732248156211,0,Ball-Playing Defender,"{""Defender Archetype 1 (Low PrgC)"": 0.0, ""Defender Archetype 2 (High xAG)"": 1.0, ""Defender Archetype 3 (Low npxG)"": 0.0}",-0.263,-0.343
Carlos Baleba,cm CMR,2004.0,2661,34,3,1,3.1,1.3,21,118,43,79,46,33,20.0,Brighton,eng Premier League,MF,Midfielder,0.105,0.044,0.71,3.991,1.454,2.672,1.556,1.116,59.4,18.7,27.8,42.0,51.9,82.6,92.8,76.0,carlos_baleba_cm_cmr_2004_0,Carlos Baleba,2661,-0.1909534151503621,-0.6643397474802801,-0.3477455174483362,0.21688617135301294,-0.19583793510978562,1.3166060572147675,1.5525547245601292,0.5826856957693226,1,Box-to-Box / Pressing Engine,"{""Midfielder Archetype 1 (Low xAG)"": 0.9996, ""Midfielder Archetype 2 (High xAG)"": 0.0004}",-1.112,1.312
Carlos Benavídez,uy URU,1998.0,487,18,1,1,0.3,0.6,3,26,4,19,8,4,26.0,Alavés,es La Liga,MF,Midfielder,0.055,0.111,0.554,4.805,0.739,3.511,1.478,0.739,30.5,58.0,15.0,63.8,17.2,97.3,91.5,52.6,carlos_benav_dez_uy_uru_1998_0,Carlos Benavídez,487,-0.5545781156691748,0.1458051449219635,-0.5893496248627268,0.6928300770683501,-0.7461629537761318,2.4100306339148343,1.3915293954820669,-0.0022126738193090426,1,Box-to-Box / Pressing Engine,"{""Midfielder Archetype 1 (Low xAG)"": 0.9997, ""Midfielder Archetype 2 (High xAG)"": 0.0003}",-1.543,2.129
Carlos Dominguez,es ESP,2001.0,1181,19,0,0,0.2,0.1,2,66,15,23,13,2,23.0,Celta Vigo,es La Liga,DF,Defender,0.015,0.008,0.152,5.03,1.143,1.753,0.991,0.152,18.2,15.2,16.2,85.7,54.0,53.1,48.8,27.9,carlos_dominguez_es_esp_2001_0,Carlos Dominguez,1181,-0.845477876084225,-1.0996414807113362,-1.2119448247382723,0.8243870534638674,-0.4352100760961264,0.11892168774234567,0.3861533023921149,-0.9129165012689818,1,Stopper / Defensive Destroyer,"{""Defender Archetype 1 (Low PrgC)"": 0.9751, ""Defender Archetype 2 (High xAG)"": 0.001, ""Defender Archetype 3 (Low npxG)"": 0.0239}",-1.968,0.312
Carlos Martín,es ESP,2002.0,1333,26,2,2,2.3,2.7,13,21,13,43,5,9,22.0,Alavés,es La Liga,"FW,MF",Forward,0.155,0.182,0.878,1.418,0.878,2.903,0.338,0.608,15.7,71.4,30.8,20.8,14.0,98.7,59.5,27.9,carlos_mart_n_es_esp_2002_0,Carlos Martín,1333,0.1726712853684507,1.004316896572102,-0.0875564786943769,-1.2875409409388336,-0.639176691406031,1.6176562088449407,-0.9619177218126872,-0.20545322134214916,0,Clinical Finisher / Poacher,"{""Forward Archetype 1 (Low PrgC)"": 0.0, ""Forward Archetype 2 (High PrgC)"": 1.0}",0.091,-0.275
Carlos Romero,es ESP,2001.0,2554,34,2,1,2.0,2.1,29,64,50,73,30,22,22.0,Espanyol,es La Liga,DF,Defender,0.07,0.074,1.022,2.255,1.762,2.572,1.057,0.775,79.4,70.9,82.4,16.4,73.4,89.4,55.6,83.2,carlos_romero_es_esp_2001_0,Carlos Romero,2554,-0.4454907055135309,-0.3015883031210666,0.13546269738044536,-0.7981489887475101,0.04122514985417897,1.1862813162493242,0.5224055039197059,0.05363969038544096,0,Ball-Playing Defender,"{""Defender Archetype 1 (Low PrgC)"": 0.0, ""Defender Archetype 2 (High xAG)"": 0.5974, ""Defender Archetype 3 (Low npxG)"": 0.4026}",-0.61,0.551
Carlos Soler,es ESP,1997.0,1409,31,1,1,1.8,1.4,18,56,17,16,8,8,27.0,West Ham,eng Premier League,"MF,FW",Midfielder,0.115,0.089,1.15,3.577,1.086,1.022,0.511,0.511,64.3,48.0,56.9,32.3,33.7,10.1,24.7,32.9,carlos_soler_es_esp_1997_0,Carlos Soler,1409,-0.11822847504659947,-0.12021258094145984,0.33370196500250937,-0.02517866521473858,-0.4790821405212757,-0.8337521687150427,-0.6047717996267289,-0.3559443137827254,1,Box-to-Box / Pressing Engine,"{""Midfielder Archetype 1 (Low xAG)"": 0.9078, ""Midfielder Archetype 2 (High xAG)"": 0.0922}",0.058,-0.703
Carlos Vicente,es ESP,1999.0,3092,37,5,5,2.7,5.4,63,68,104,47,14,34,25.0,Alavés,es La Liga,"FW,MF",Forward,0.079,0.157,1.834,1.979,3.027,1.368,0.408,0.99,1.9,61.1,84.9,42.1,68.5,73.8,69.6,50.8,carlos_vicente_es_esp_1999_0,Carlos Vicente,3092,-0.3800382594201447,0.7020240262727576,1.393043051357915,-0.9595255464593443,1.0148771059561763,-0.3828285649746097,-0.8174078111016059,0.3872024210526976,1,Dynamic Winger / Dribbler,"{""Forward Archetype 1 (Low PrgC)"": 0.0538, ""Forward Archetype 2 (High PrgC)"": 0.9462}",1.695,-0.195
Carmona,es ESP,2002.0,2942,35,0,0,0.5,2.0,19,109,45,83,68,19,22.0,Sevilla,es La Liga,DF,Defender,0.015,0.061,0.581,3.334,1.377,2.539,2.08,0.581,18.2,64.6,64.2,50.1,60.0,88.4,98.4,74.7,carmona_es_esp_2002_0,Carmona,2942,-0.845477876084225,-0.45878059567672574,-0.5475335293486978,-0.16726019972189696,-0.2551037063507767,1.143274151730728,2.6343146275973672,-0.24734249449571166,1,Stopper / Defensive Destroyer,"{""Defender Archetype 1 (Low PrgC)"": 0.0, ""Defender Archetype 2 (High xAG)"": 0.0084, ""Defender Archetype 3 (Low npxG)"": 0.9916}",-2.035,1.544
Casemiro,br BRA,1992.0,1494,24,1,0,1.9,2.3,22,84,4,83,14,3,32.0,Manchester Utd,eng Premier League,MF,Midfielder,0.114,0.139,1.325,5.06,0.241,5.0,0.843,0.181,63.8,69.0,67.3,68.2,1.8,100.0,53.7,7.3,casemiro_br_bra_1992_0,Casemiro,1494,-0.12550096905697575,0.4843731596572296,0.6047322137045503,0.841927983649936,-1.129466253490594,4.350566026890281,0.08061806260297136,-0.8679243189929333,1,Box-to-Box / Pressing Engine,"{""Midfielder Archetype 1 (Low xAG)"": 1.0, ""Midfielder Archetype 2 (High xAG)"": 0.0}",-1.112,2.702
Casper Tengstedt,dk DEN,2000.0,1517,25,6,1,4.5,0.9,12,29,29,7,4,9,24.0,Hellas Verona,it Serie A,FW,Forward,0.267,0.053,0.712,1.721,1.721,0.415,0.237,0.534,52.3,9.3,18.4,29.9,40.6,13.5,40.8,22.9,casper_tengstedt_dk_den_2000_0,Casper Tengstedt,1517,0.9871906145305913,-0.5555143141725161,-0.34464802889174145,-1.110377546059537,0.009668050881703232,-1.624823346375282,-1.170424878695819,-0.32026085887413513,0,Clinical Finisher / Poacher,"{""Forward Archetype 1 (Low PrgC)"": 0.9964, ""Forward Archetype 2 (High PrgC)"": 0.0036}",0.4,-2.501
Castello Lukeba,fr FRA,2002.0,1577,23,0,0,0.4,0.2,4,80,18,31,17,20,21.0,RB Leipzig,de Bundesliga,DF,Defender,0.023,0.011,0.228,4.566,1.027,1.769,0.97,1.141,29.3,20.6,27.3,80.1,50.5,53.7,46.2,94.1,castello_lukeba_fr_fra_2002_0,Castello Lukeba,1577,-0.787297924001215,-1.063366336275415,-1.0942402595876717,0.5530873332526676,-0.5244935756280092,0.13977364629681657,0.3428003291787905,0.6214720598003989,1,Stopper / Defensive Destroyer,"{""Defender Archetype 1 (Low PrgC)"": 0.0, ""Defender Archetype 2 (High xAG)"": 0.0986, ""Defender Archetype 3 (Low npxG)"": 0.9014}",-1.307,0.372
Catena,es ESP,1994.0,3074,35,1,3,2.2,2.3,10,89,9,46,35,8,29.0,Osasuna,es La Liga,DF,Defender,0.064,0.067,0.293,2.606,0.264,1.347,1.025,0.234,75.3,68.2,37.4,25.4,10.5,27.8,52.3,39.2,catena_es_esp_1994_0,Catena,3074,-0.4891256695757885,-0.386230306804883,-0.9935718814983423,-0.5929201055705035,-1.111763490652376,-0.41019676057735294,0.4563438304517829,-0.7856972272470515,1,Stopper / Defensive Destroyer,"{""Defender Archetype 1 (Low PrgC)"": 0.0, ""Defender Archetype 2 (High xAG)"": 0.0284, ""Defender Archetype 3 (Low npxG)"": 0.9716}",-1.683,-0.771
Cedric Zesiger,ch SUI,1998.0,1743,22,0,2,1.3,1.3,8,59,7,26,24,4,26.0,"Augsburg, Wolfsburg",de Bundesliga,DF,Defender,0.067,0.067,0.413,3.046,0.361,1.343,1.239,0.207,77.6,68.2,50.9,41.0,16.2,27.3,73.0,35.6,cedric_zesiger_ch_sui_1998_0,Cedric Zesiger,1743,-0.46730818754465975,-0.386230306804883,-0.807722568102657,-0.33565312950815895,-1.0371040125955429,-0.41540975021597065,0.8981312717685178,-0.827586500400614,1,Stopper / Defensive Destroyer,"{""Defender Archetype 1 (Low PrgC)"": 0.0002, ""Defender Archetype 2 (High xAG)"": 0.0115, ""Defender Archetype 3 (Low npxG)"": 0.9883}",-1.712,-0.427
Cenk Özkacar,tr TUR,2000.0,757,11,0,0,0.1,0.0,1,15,2,9,18,0,23.0,Valladolid,es La Liga,DF,Defender,0.012,0.0,0.119,1.783,0.238,1.07,2.14,0.0,14.3,4.3,11.6,6.1,9.1,12.6,98.8,4.3,cenk__zkacar_tr_tur_2000_0,Cenk Özkacar,757,-0.8672953581153539,-1.1963751992071265,-1.2630533859220856,-1.0741262903416615,-1.1317753095129703,-0.77119629305163,2.758180265349723,-1.1487375945779261,1,Stopper / Defensive Destroyer,"{""Defender Archetype 1 (Low PrgC)"": 0.9995, ""Defender Archetype 2 (High xAG)"": 0.0, ""Defender Archetype 3 (Low npxG)"": 0.0005}",-3.194,-0.462
Cesare Casadei,it ITA,2003.0,1017,15,1,1,1.2,0.4,7,36,14,12,5,7,21.0,Torino,it Serie A,MF,Midfielder,0.106,0.035,0.619,3.186,1.239,1.062,0.442,0.619,60.0,12.9,21.3,22.7,43.5,11.2,18.8,42.0,cesare_casadei_it_ita_2003_0,Cesare Casadei,1017,-0.18368092113998583,-0.7731651807880441,-0.4886812467733974,-0.2537954553065038,-0.3613202833800854,-0.7816222723288655,-0.7472172830419377,-0.18838722116847556,1,Box-to-Box / Pressing Engine,"{""Midfielder Archetype 1 (Low xAG)"": 0.9596, ""Midfielder Archetype 2 (High xAG)"": 0.0404}",-0.484,-1.089
Charalambos Lykogiannis,gr GRE,1993.0,1048,17,0,4,0.2,1.6,19,49,10,23,11,4,30.0,Bologna,it Serie A,DF,Defender,0.017,0.137,1.632,4.208,0.859,1.975,0.945,0.344,21.3,87.6,95.2,73.5,43.0,65.8,43.2,53.2,charalambos_lykogiannis_gr_gre_1993_0,Charalambos Lykogiannis,1048,-0.8309328880634725,0.460189730033282,1.0801967071418448,0.34376556636557837,-0.6538007128810808,0.40824261268562945,0.2911896467819756,-0.6150372255103155,0,Ball-Playing Defender,"{""Defender Archetype 1 (Low PrgC)"": 0.0, ""Defender Archetype 2 (High xAG)"": 1.0, ""Defender Archetype 3 (Low npxG)"": 0.0}",-0.25,0.972
Charles De Ketelaere,be BEL,2001.0,2070,36,7,7,7.3,6.0,39,140,108,13,3,43,23.0,Atalanta,it Serie A,"MF,FW",Midfielder,0.317,0.261,1.696,6.087,4.696,0.565,0.13,1.87,95.4,94.9,81.2,82.9,98.5,1.3,2.0,94.4,charles_de_ketelaere_be_bel_2001_0,Charles De Ketelaere,2070,1.350815315049404,1.9595623667180313,1.179316340952877,1.442412493686363,2.299481939738179,-1.4293362349271175,-1.3913185993541863,1.7524824349465855,0,Deep-Lying Playmaker,"{""Midfielder Archetype 1 (Low xAG)"": 0.0, ""Midfielder Archetype 2 (High xAG)"": 1.0}",4.337,0.242
Charlie Cresswell,eng ENG,2002.0,2592,31,3,1,3.3,1.7,5,69,8,35,28,3,21.0,Toulouse,fr Ligue 1,DF,Defender,0.115,0.059,0.174,2.396,0.278,1.215,0.972,0.104,94.2,64.0,19.0,21.0,11.7,19.9,46.5,17.9,charlie_cresswell_eng_eng_2002_0,Charlie Cresswell,2592,-0.11822847504659947,-0.48296402530067334,-1.17787245061573,-0.715706616872986,-1.1009878958812866,-0.5822254186517376,0.34692918377053567,-0.9873863202086486,1,Stopper / Defensive Destroyer,"{""Defender Archetype 1 (Low PrgC)"": 0.0, ""Defender Archetype 2 (High xAG)"": 0.693, ""Defender Archetype 3 (Low npxG)"": 0.307}",-1.706,-1.203
Che Adams,sct SCO,1996.0,2652,36,9,3,8.2,2.0,26,40,23,12,2,11,28.0,Torino,it Serie A,FW,Forward,0.278,0.068,0.882,1.357,0.781,0.407,0.068,0.373,55.1,16.4,31.3,19.3,10.2,13.1,9.1,12.9,che_adams_sct_sco_1996_0,Che Adams,2652,1.0671880486447303,-0.3741385919929092,-0.08136150158118738,-1.3232074989838405,-0.713836169462864,-1.6352493256525173,-1.519313091698287,-0.570045043234267,0,Clinical Finisher / Poacher,"{""Forward Archetype 1 (Low PrgC)"": 0.9994, ""Forward Archetype 2 (High PrgC)"": 0.0006}",0.326,-2.853
Cheick Doucouré,ml MLI,2000.0,452,13,0,0,0.4,0.0,1,19,2,16,11,2,24.0,Crystal Palace,eng Premier League,MF,Midfielder,0.08,0.0,0.199,3.783,0.398,3.186,2.19,0.398,46.4,0.8,1.7,37.1,5.0,94.5,99.5,22.8,cheick_doucour__ml_mli_2000_0,Cheick Doucouré,452,-0.3727657654097684,-1.1963751992071265,-1.1391538436582955,0.09526905539626815,-1.0086256549862354,1.9864752257771443,2.861401630143352,-0.5312586792031905,1,Box-to-Box / Pressing Engine,"{""Midfielder Archetype 1 (Low xAG)"": 1.0, ""Midfielder Archetype 2 (High xAG)"": 0.0}",-3.126,1.582
Cheikh Tidiane Niasse,sn SEN,2000.0,755,11,0,0,0.4,0.1,4,25,5,18,17,1,24.0,Hellas Verona,it Serie A,MF,Midfielder,0.048,0.012,0.477,2.98,0.596,2.146,2.026,0.119,26.2,2.7,10.9,19.0,10.4,62.4,98.7,3.8,cheikh_tidiane_niasse_sn_sen_2000_0,Cheikh Tidiane Niasse,755,-0.6054855737418086,-1.0512746214634412,-0.7086029342916249,-0.37424317591751055,-0.8562279575094011,0.6310979197365367,2.5228355536202467,-0.9641145017900027,1,Box-to-Box / Pressing Engine,"{""Midfielder Archetype 1 (Low xAG)"": 1.0, ""Midfielder Archetype 2 (High xAG)"": 0.0}",-2.728,0.681
Chidera Ejuke,ng NGA,1998.0,966,25,2,1,1.1,1.9,21,38,75,19,5,47,26.0,Sevilla,es La Liga,FW,Forward,0.102,0.177,1.957,3.54,6.988,1.77,0.466,4.379,4.5,68.8,88.0,81.6,98.9,88.2,78.2,99.3,chidera_ejuke_ng_nga_1998_0,Chidera Ejuke,966,-0.21277089718149086,0.9438583225122331,1.5835385975884924,-0.04681247911089023,4.063600740833656,0.14107689370647114,-0.6976710279409954,5.645081929105408,1,Dynamic Winger / Dribbler,"{""Forward Archetype 1 (Low PrgC)"": 0.0, ""Forward Archetype 2 (High PrgC)"": 1.0}",5.273,1.911
Chris Führich,de GER,1998.0,1981,33,2,3,2.9,3.7,32,95,114,15,6,40,26.0,Stuttgart,de Bundesliga,"MF,FW",Midfielder,0.132,0.168,1.454,4.316,5.179,0.681,0.273,1.817,68.4,78.4,73.7,50.6,99.2,2.2,7.3,93.2,chris_f_hrich_de_ger_1998_0,Chris Führich,1981,0.005403923129796869,0.8350328892044693,0.8045202256049119,0.4069129150354263,2.67123995934076,-1.2781595354072033,-1.0961054960444057,1.6702553432007035,0,Deep-Lying Playmaker,"{""Midfielder Archetype 1 (Low xAG)"": 0.0, ""Midfielder Archetype 2 (High xAG)"": 1.0}",3.166,0.177
Chris Richards,us USA,2000.0,1922,24,1,0,1.4,0.1,2,39,6,47,19,1,24.0,Crystal Palace,eng Premier League,DF,Defender,0.066,0.005,0.094,1.826,0.281,2.201,0.89,0.047,77.0,11.5,8.3,6.9,12.0,75.7,37.9,11.0,chris_richards_us_usa_2000_0,Chris Richards,1922,-0.47458068155503597,-1.1359166251472577,-1.3017719928795202,-1.0489842904082958,-1.0986788398589102,0.7027765272675307,0.17764614550898325,-1.0758192301995027,1,Stopper / Defensive Destroyer,"{""Defender Archetype 1 (Low PrgC)"": 0.9943, ""Defender Archetype 2 (High xAG)"": 0.0008, ""Defender Archetype 3 (Low npxG)"": 0.0049}",-2.392,-0.793
Chris Wood,nz NZL,1991.0,2959,36,20,3,11.0,2.6,22,42,14,6,5,4,32.0,Nott'ham Forest,eng Premier League,FW,Forward,0.335,0.079,0.669,1.277,0.426,0.182,0.152,0.122,70.0,22.6,16.2,16.9,4.0,2.9,23.9,1.8,chris_wood_nz_nzl_1991_0,Chris Wood,2959,1.4817202072361768,-0.24112972906119762,-0.4112440328585285,-1.3699833128133578,-0.987074465444057,-1.9284799928247642,-1.3459011988449892,-0.9594601381062735,0,Clinical Finisher / Poacher,"{""Forward Archetype 1 (Low PrgC)"": 0.9997, ""Forward Archetype 2 (High PrgC)"": 0.0003}",0.089,-3.288
Chrislain Matsima,fr FRA,2002.0,2551,30,1,1,1.8,0.3,5,84,14,31,52,7,22.0,Augsburg,de Bundesliga,DF,Defender,0.064,0.011,0.176,2.964,0.494,1.094,1.835,0.247,75.3,20.6,19.5,38.2,23.3,13.5,95.7,41.2,chrislain_matsima_fr_fra_2002_0,Chrislain Matsima,2551,-0.4891256695757885,-1.063366336275415,-1.1747749620591352,-0.383598338683414,-0.9347358622701946,-0.7399183552199237,2.1285299401085824,-0.7655283179508917,1,Stopper / Defensive Destroyer,"{""Defender Archetype 1 (Low PrgC)"": 0.9976, ""Defender Archetype 2 (High xAG)"": 0.0, ""Defender Archetype 3 (Low npxG)"": 0.0024}",-2.487,-0.327
Christantus Uche,ng NGA,2003.0,2486,33,4,6,3.8,2.9,29,49,43,35,10,32,21.0,Getafe,es La Liga,"FW,MF",Forward,0.138,0.105,1.05,1.774,1.557,1.267,0.362,1.158,11.4,37.8,42.4,34.1,36.4,67.8,62.3,59.0,christantus_uche_ng_nga_2003_0,Christantus Uche,2486,0.04903888719205444,0.07325485605012072,0.17882753717277194,-1.079388569397482,-0.11656034500820009,-0.5144565533497074,-0.9123714667117451,0.6478467873415306,0,Clinical Finisher / Poacher,"{""Forward Archetype 1 (Low PrgC)"": 0.9756, ""Forward Archetype 2 (High PrgC)"": 0.0244}",0.676,-1.089
Christian Eriksen,dk DEN,1992.0,1061,23,1,2,0.6,3.2,31,55,13,19,7,0,32.0,Manchester Utd,eng Premier League,MF,Midfielder,0.051,0.271,2.63,4.665,1.103,1.612,0.594,0.0,28.2,96.7,98.0,60.0,35.2,34.7,33.1,0.4,christian_eriksen_dk_den_1992_0,Christian Eriksen,1061,-0.5836680917106799,2.0804795148377693,2.6258434968826267,0.6109724028666952,-0.46599748972781013,-0.06483619701892873,-0.4334243340693039,-1.1487375945779261,0,Deep-Lying Playmaker,"{""Midfielder Archetype 1 (Low xAG)"": 0.0, ""Midfielder Archetype 2 (High xAG)"": 1.0}",1.465,1.102
Christian Gytkjær,dk DEN,1990.0,754,29,2,1,1.6,0.5,7,5,3,6,0,1,34.0,Venezia,it Serie A,FW,Forward,0.191,0.06,0.836,0.597,0.358,0.716,0.0,0.119,26.9,12.5,26.7,0.9,2.2,33.7,2.8,1.6,christian_gytkj_r_dk_den_1990_0,Christian Gytkjær,754,0.4344810697419959,-0.47087231048869954,-0.15260373838286675,-1.7675777303642537,-1.039413068617919,-1.2325458760692984,-1.6596941478176233,-0.9641145017900027,0,Clinical Finisher / Poacher,"{""Forward Archetype 1 (Low PrgC)"": 0.9982, ""Forward Archetype 2 (High PrgC)"": 0.0018}",-0.297,-2.831
Christian Günter,de GER,1993.0,2314,29,2,2,0.6,2.5,28,52,19,23,8,3,31.0,Freiburg,de Bundesliga,DF,Defender,0.023,0.097,1.089,2.022,0.739,0.895,0.311,0.117,29.3,79.4,85.0,10.6,37.9,6.5,1.8,21.1,christian_g_nter_de_ger_1993_0,Christian Günter,2314,-0.787297924001215,-0.023478862445669473,0.2392285640263695,-0.9343835465259789,-0.7461629537761318,-0.9992645897411554,-1.0176572588012471,-0.9672174109124888,1,Stopper / Defensive Destroyer,"{""Defender Archetype 1 (Low PrgC)"": 0.0, ""Defender Archetype 2 (High xAG)"": 0.9699, ""Defender Archetype 3 (Low npxG)"": 0.0301}",-0.397,-1.308
Christian Kabasele,be BEL,1991.0,1161,16,2,0,1.5,0.4,6,44,9,17,14,1,33.0,Udinese,it Serie A,DF,Defender,0.116,0.031,0.465,3.411,0.698,1.318,1.085,0.078,94.5,45.4,55.5,53.1,34.5,25.7,58.6,13.8,christian_kabasele_be_bel_1991_0,Christian Kabasele,1161,-0.11095598103622321,-0.8215320400359393,-0.7271878656311933,-0.12223847891098669,-0.7777200527486077,-0.44799093545733126,0.5802094682041384,-1.027724138800968,1,Stopper / Defensive Destroyer,"{""Defender Archetype 1 (Low PrgC)"": 0.9976, ""Defender Archetype 2 (High xAG)"": 0.0023, ""Defender Archetype 3 (Low npxG)"": 0.0001}",-1.604,-0.63
Christian Kouamé,ci CIV,1997.0,1129,26,1,1,3.8,2.2,17,29,12,18,2,12,26.0,"Fiorentina, Empoli",it Serie A,"FW,MF",Forward,0.303,0.175,1.355,2.312,0.957,1.435,0.159,0.957,61.2,67.6,61.9,52.8,17.2,76.3,25.2,48.9,christian_kouam__ci_civ_1997_0,Christian Kouamé,1129,1.2490003989041363,0.9196748928882855,0.6511945420534717,-0.7648212213939791,-0.5783715494834557,-0.295510988527763,-1.331450207773881,0.3360044205316768,0,Clinical Finisher / Poacher,"{""Forward Archetype 1 (Low PrgC)"": 0.9584, ""Forward Archetype 2 (High PrgC)"": 0.0416}",1.457,-1.308
Christian Mawissa,fr FRA,2005.0,1501,22,0,0,0.1,0.0,1,44,13,42,26,10,19.0,Monaco,fr Ligue 1,DF,Defender,0.006,0.0,0.06,2.638,0.779,2.518,1.559,0.6,7.0,4.3,5.0,27.3,39.6,87.4,89.0,75.9,christian_mawissa_fr_fra_2005_0,Christian Mawissa,1501,-0.9109303221776113,-1.1963751992071265,-1.3544292983416308,-0.5742097800386966,-0.7153755401444482,1.1159059561279847,1.5587480064477468,-0.2178648578320936,1,Stopper / Defensive Destroyer,"{""Defender Archetype 1 (Low PrgC)"": 0.3751, ""Defender Archetype 2 (High xAG)"": 0.0082, ""Defender Archetype 3 (Low npxG)"": 0.6167}",-2.589,0.538
Christian Nørgaard,dk DEN,1994.0,2819,34,5,4,4.3,1.3,18,154,14,79,49,7,30.0,Brentford,eng Premier League,MF,Midfielder,0.137,0.042,0.575,4.917,0.447,2.522,1.564,0.223,70.2,17.9,17.2,65.8,6.3,78.7,93.0,10.5,christian_n_rgaard_dk_den_1994_0,Christian Nørgaard,2819,0.04176639318167818,-0.6885231771042276,-0.5568259950184821,0.7583162164296742,-0.9709110732874229,1.1211189457666024,1.56907014292711,-0.8027632274207251,1,Box-to-Box / Pressing Engine,"{""Midfielder Archetype 1 (Low xAG)"": 0.998, ""Midfielder Archetype 2 (High xAG)"": 0.002}",-1.968,1.034
Christian Pulisic,us USA,1998.0,2478,34,11,9,8.9,6.4,69,105,121,43,5,39,25.0,Milan,it Serie A,"FW,MF",Forward,0.323,0.232,2.506,3.814,4.395,1.562,0.182,1.416,67.2,84.6,96.2,85.6,86.7,82.9,29.7,70.3,christian_pulisic_us_usa_1998_0,Christian Pulisic,2478,1.3944502791116615,1.6089026371707915,2.433799206373752,0.11339468325520613,2.0678066521597587,-0.12999856750165031,-1.2839683799688115,1.0481220641422386,1,Dynamic Winger / Dribbler,"{""Forward Archetype 1 (Low PrgC)"": 0.0, ""Forward Archetype 2 (High PrgC)"": 1.0}",4.031,0.311
Christoph Baumgartner,at AUT,1999.0,1610,31,2,1,4.5,1.3,20,53,37,44,12,17,24.0,RB Leipzig,de Bundesliga,MF,Midfielder,0.252,0.073,1.118,2.963,2.068,2.46,0.671,0.95,90.9,38.4,54.6,18.2,70.1,76.0,39.0,67.9,christoph_baumgartner_at_aut_1999_0,Christoph Baumgartner,1610,0.8781032043749475,-0.3136800179330404,0.2841421480969936,-0.38418303635628287,0.27674886413655936,1.040317606368028,-0.27446343228711423,0.32514423860297537,1,Box-to-Box / Pressing Engine,"{""Midfielder Archetype 1 (Low xAG)"": 0.0028, ""Midfielder Archetype 2 (High xAG)"": 0.9972}",0.404,-0.017
Christopher Nkunku,fr FRA,1997.0,921,27,3,2,4.8,2.1,14,25,17,12,7,10,26.0,Chelsea,eng Premier League,FW,Forward,0.469,0.205,1.368,2.443,1.661,1.173,0.684,0.977,87.1,79.2,63.4,57.9,38.1,61.4,92.8,49.9,christopher_nkunku_fr_fra_1997_0,Christopher Nkunku,921,2.4562344046265947,1.282426337247499,0.6713282176713378,-0.6882258262481445,-0.03651306956582237,-0.6369618098572237,-0.24762587744077053,0.36703351175653787,0,Clinical Finisher / Poacher,"{""Forward Archetype 1 (Low PrgC)"": 0.9496, ""Forward Archetype 2 (High PrgC)"": 0.0504}",1.957,-1.352
Christopher Operi,ci CIV,1997.0,1169,13,0,2,0.3,2.2,24,52,28,13,14,14,27.0,Le Havre,fr Ligue 1,"DF,FW",Defender,0.023,0.169,1.848,4.003,2.156,1.001,1.078,1.078,29.3,93.9,96.9,68.3,82.6,9.4,57.7,93.1,christopher_operi_ci_civ_1997_0,Christopher Operi,1169,-0.787297924001215,0.8471246040164431,1.4147254712540784,0.2239025434274405,0.3444811741262636,-0.8611203643177859,0.5657584771330305,0.5237304224420865,0,Ball-Playing Defender,"{""Defender Archetype 1 (Low PrgC)"": 0.0, ""Defender Archetype 2 (High xAG)"": 1.0, ""Defender Archetype 3 (Low npxG)"": 0.0}",1.091,0.815
Christopher Trimmel,at AUT,1987.0,1740,26,0,3,0.2,2.1,35,73,18,38,18,2,37.0,Union Berlin,de Bundesliga,"DF,MF",Defender,0.01,0.109,1.81,3.776,0.931,1.966,0.931,0.103,11.0,83.4,96.7,62.4,46.7,65.0,41.8,17.6,christopher_trimmel_at_aut_1987_0,Christopher Trimmel,1740,-0.8818403461361063,0.1216217152980159,1.355873188678778,0.09117617168618533,-0.59838336834405,0.3965133859987394,0.26228766463975955,-0.9889377747698916,0,Ball-Playing Defender,"{""Defender Archetype 1 (Low PrgC)"": 0.0, ""Defender Archetype 2 (High xAG)"": 1.0, ""Defender Archetype 3 (Low npxG)"": 0.0}",-0.427,0.801
Christopher Wooh,cm CMR,2001.0,1456,20,0,0,1.3,0.1,2,59,14,36,23,7,22.0,Rennes,fr Ligue 1,DF,Defender,0.08,0.006,0.124,3.647,0.865,2.225,1.422,0.433,85.0,13.0,12.3,59.0,43.6,76.5,82.7,62.3,christopher_wooh_cm_cmr_2001_0,Christopher Wooh,1456,-0.3727657654097684,-1.1238249103352838,-1.2553096645305988,0.015750171886088862,-0.6491826008363282,0.734054465099237,1.2759214669132017,-0.47695776955968366,1,Stopper / Defensive Destroyer,"{""Defender Archetype 1 (Low PrgC)"": 0.9546, ""Defender Archetype 2 (High xAG)"": 0.0044, ""Defender Archetype 3 (Low npxG)"": 0.041}",-2.218,0.348
Chuba Akpom,eng ENG,1995.0,639,14,3,1,3.4,0.5,5,7,6,8,0,4,28.0,Lille,fr Ligue 1,FW,Forward,0.479,0.07,0.704,0.986,0.845,1.127,0.0,0.563,87.8,17.1,17.7,6.9,12.7,59.6,2.8,24.9,chuba_akpom_eng_eng_1995_0,Chuba Akpom,639,2.528959344730357,-0.3499551623689616,-0.35703798311812046,-1.5401303356182263,-0.6645763076521701,-0.6969111907013276,-1.6596941478176233,-0.2752686765980867,0,Clinical Finisher / Poacher,"{""Forward Archetype 1 (Low PrgC)"": 0.9999, ""Forward Archetype 2 (High PrgC)"": 0.0001}",0.694,-3.131
Chuky san jose,es ESP,2004.0,728,18,2,0,2.2,1.2,8,15,6,8,0,4,20.0,Valladolid,es La Liga,MF,Midfielder,0.272,0.148,0.989,1.854,0.742,0.989,0.0,0.495,92.0,73.1,47.9,3.6,17.4,9.1,0.5,31.6,chuky_san_jose_es_esp_2004_0,Chuky san jose,728,1.0235530845824727,0.5931985929649934,0.08435413619663187,-1.032612755567965,-0.7438538977537557,-0.876759333233639,-1.6596941478176233,-0.3807675867626143,0,Deep-Lying Playmaker,"{""Midfielder Archetype 1 (Low xAG)"": 0.0, ""Midfielder Archetype 2 (High xAG)"": 1.0}",0.822,-2.108
Clinton Mata,ao ANG,1992.0,2370,29,0,4,0.2,1.4,11,88,20,41,46,14,31.0,Lyon,fr Ligue 1,DF,Defender,0.008,0.053,0.418,3.342,0.759,1.557,1.747,0.532,8.9,60.0,51.2,51.1,38.8,41.1,94.1,71.1,clinton_mata_ao_ang_1992_0,Clinton Mata,2370,-0.8963853341568587,-0.5555143141725161,-0.7999788467111701,-0.16258261833894525,-0.73076924696029,-0.1365148045499226,1.9468603380717944,-0.32336376799662125,1,Stopper / Defensive Destroyer,"{""Defender Archetype 1 (Low PrgC)"": 0.0018, ""Defender Archetype 2 (High xAG)"": 0.0031, ""Defender Archetype 3 (Low npxG)"": 0.995}",-1.985,0.475
Clément Akpa,ci CIV,2001.0,2486,31,0,1,0.3,0.9,8,74,27,55,42,8,22.0,Auxerre,fr Ligue 1,DF,Defender,0.011,0.033,0.29,2.679,0.977,1.991,1.521,0.29,12.6,47.3,36.8,28.7,48.8,66.4,87.3,47.7,cl_ment_akpa_ci_civ_2001_0,Clément Akpa,2486,-0.8745678521257301,-0.7973486104119917,-0.9982181143332343,-0.5502371754510691,-0.5629778426676139,0.42909457124010036,1.4802997692045883,-0.6988157718174405,1,Stopper / Defensive Destroyer,"{""Defender Archetype 1 (Low PrgC)"": 0.3382, ""Defender Archetype 2 (High xAG)"": 0.0031, ""Defender Archetype 3 (Low npxG)"": 0.6587}",-2.218,0.261
Clément Lenglet,fr FRA,1995.0,1972,23,2,1,2.4,1.1,5,79,16,27,22,3,29.0,Atlético Madrid,es La Liga,DF,Defender,0.11,0.05,0.228,3.605,0.73,1.232,1.004,0.137,93.3,58.1,27.3,57.9,36.8,21.1,50.3,25.5,cl_ment_lenglet_fr_fra_1995_0,Clément Lenglet,1972,-0.1545909450984808,-0.5917894586084373,-1.0942402595876717,-0.00880713037440755,-0.7530901218432607,-0.5600702126876124,0.41299085723845863,-0.9361883196876277,1,Stopper / Defensive Destroyer,"{""Defender Archetype 1 (Low PrgC)"": 0.0438, ""Defender Archetype 2 (High xAG)"": 0.4602, ""Defender Archetype 3 (Low npxG)"": 0.496}",-1.547,-0.701
Coba da Costa,es ESP,2002.0,1006,19,1,1,1.1,1.4,9,16,46,29,8,19,22.0,Getafe,es La Liga,"MF,FW",Midfielder,0.098,0.125,0.805,1.431,4.115,2.594,0.716,1.7,55.9,63.2,35.2,1.2,95.9,80.4,43.0,90.2,coba_da_costa_es_esp_2002_0,Coba da Costa,1006,-0.24186087322299582,0.31508915228959644,-0.2006148110100853,-1.279939871191537,1.8522947567379733,1.2149527592617215,-0.18156420397284775,1.488735159535266,0,Deep-Lying Playmaker,"{""Midfielder Archetype 1 (Low xAG)"": 0.0, ""Midfielder Archetype 2 (High xAG)"": 1.0}",1.14,0.505
Cody Gakpo,nl NED,1999.0,1935,35,10,4,7.1,4.4,38,52,59,28,12,31,25.0,Liverpool,eng Premier League,FW,Forward,0.33,0.205,1.767,2.419,2.744,1.302,0.558,1.442,68.7,79.2,81.4,57.2,62.3,70.1,86.5,71.0,cody_gakpo_nl_ned_1999_0,Cody Gakpo,1935,1.4453577371842954,1.282426337247499,1.2892771847119906,-0.7022585703969998,0.7970561545120142,-0.4688428940118022,-0.507743716720717,1.0884598827345582,1,Dynamic Winger / Dribbler,"{""Forward Archetype 1 (Low PrgC)"": 0.6518, ""Forward Archetype 2 (High PrgC)"": 0.3482}",2.611,-0.575
Cole Palmer,eng ENG,2002.0,3191,37,15,8,13.3,10.9,87,214,120,34,11,51,22.0,Chelsea,eng Premier League,"MF,FW",Midfielder,0.375,0.307,2.454,6.036,3.385,0.959,0.31,1.438,97.7,98.5,96.5,82.1,92.5,8.5,9.0,84.7,cole_palmer_eng_eng_2002_0,Cole Palmer,3191,1.7726199676512269,2.515781248068825,2.3532645039022886,1.4125929123700456,1.2904244579597453,-0.9158567555232718,-1.0197216860971199,1.082254064489586,0,Deep-Lying Playmaker,"{""Midfielder Archetype 1 (Low xAG)"": 0.0, ""Midfielder Archetype 2 (High xAG)"": 1.0}",4.333,0.565
Conor Bradley,nir NIR,2003.0,754,19,0,2,0.7,1.4,7,33,35,14,4,10,21.0,Liverpool,eng Premier League,DF,Defender,0.084,0.167,0.836,3.939,4.178,1.671,0.477,1.194,86.7,93.6,75.8,66.2,98.7,48.9,5.7,94.9,conor_bradley_nir_nir_2003_0,Conor Bradley,754,-0.3436757893682634,0.8229411743924955,-0.15260373838286675,0.18648189236382673,1.900784933207875,0.012055400150682573,-0.6749623276863971,0.7036991515462806,0,Ball-Playing Defender,"{""Defender Archetype 1 (Low PrgC)"": 0.0, ""Defender Archetype 2 (High xAG)"": 1.0, ""Defender Archetype 3 (Low npxG)"": 0.0}",1.527,0.528
Conor Chaplin,eng ENG,1997.0,857,22,1,1,1.5,0.7,8,29,13,15,4,4,27.0,Ipswich Town,eng Premier League,"MF,FW",Midfielder,0.158,0.074,0.84,3.046,1.365,1.575,0.42,0.42,77.6,39.1,38.5,20.1,48.7,32.8,17.6,24.9,conor_chaplin_eng_eng_1997_0,Conor Chaplin,857,0.19448876739957946,-0.3015883031210666,-0.14640876126967725,-0.33565312950815895,-0.26433993044028187,-0.11305635117614285,-0.7926346835511348,-0.4971266788558434,1,Box-to-Box / Pressing Engine,"{""Midfielder Archetype 1 (Low xAG)"": 0.7531, ""Midfielder Archetype 2 (High xAG)"": 0.2469}",-0.183,-0.82
Conor Coady,eng ENG,1993.0,1714,22,1,0,0.4,0.1,1,32,3,13,13,1,31.0,Leicester City,eng Premier League,DF,Defender,0.021,0.005,0.053,1.68,0.158,0.683,0.683,0.053,26.7,11.5,4.5,5.1,5.3,1.5,19.0,11.4,conor_coady_eng_eng_1993_0,Conor Coady,1714,-0.8018429120219674,-1.1359166251472577,-1.3652705082897125,-1.1343501506471647,-1.1933501367763377,-1.2755530405878945,-0.2496903047366431,-1.0665105028320443,1,Stopper / Defensive Destroyer,"{""Defender Archetype 1 (Low PrgC)"": 0.9985, ""Defender Archetype 2 (High xAG)"": 0.0001, ""Defender Archetype 3 (Low npxG)"": 0.0015}",-2.079,-1.926
Conor Gallagher,eng ENG,2000.0,1633,32,3,3,2.8,1.2,12,64,24,45,20,17,24.0,Atlético Madrid,es La Liga,MF,Midfielder,0.154,0.066,0.661,3.527,1.323,2.48,1.102,0.937,76.4,33.8,24.7,30.8,47.3,76.6,71.8,66.3,conor_gallagher_eng_eng_2000_0,Conor Gallagher,1633,0.16539879135807442,-0.3983220216168568,-0.42363398708490757,-0.054413548858186715,-0.2966667147535498,1.0663825545611165,0.6153047322339728,0.3049753293068158,1,Box-to-Box / Pressing Engine,"{""Midfielder Archetype 1 (Low xAG)"": 0.9776, ""Midfielder Archetype 2 (High xAG)"": 0.0224}",-0.718,0.512
Copete,es ESP,1999.0,1528,25,0,0,0.5,0.0,0,47,10,29,17,4,24.0,Mallorca,es La Liga,DF,Defender,0.029,0.0,0.0,2.768,0.589,1.708,1.001,0.236,37.4,4.3,1.9,32.0,27.9,50.7,49.7,39.6,copete_es_esp_1999_0,Copete,1528,-0.7436629599389575,-1.1963751992071265,-1.4473539550394734,-0.4981990825657312,-0.8616157548949458,0.06027555430789639,0.40679757535084066,-0.7825943181245654,1,Stopper / Defensive Destroyer,"{""Defender Archetype 1 (Low PrgC)"": 0.9829, ""Defender Archetype 2 (High xAG)"": 0.0002, ""Defender Archetype 3 (Low npxG)"": 0.0169}",-2.287,-0.596
Corentin Tolisso,fr FRA,1994.0,2329,32,7,4,5.3,4.9,31,166,31,57,22,11,29.0,Lyon,fr Ligue 1,MF,Midfielder,0.205,0.189,1.198,6.415,1.198,2.203,0.85,0.425,86.2,83.7,60.7,86.1,41.0,65.8,54.1,25.5,corentin_tolisso_fr_fra_1994_0,Corentin Tolisso,2329,0.5362959858872633,1.0889589002559186,0.4080416903607835,1.6341933303873835,-0.39287738235256137,0.7053830220868392,0.09506905367407952,-0.4893694060496281,1,Box-to-Box / Pressing Engine,"{""Midfielder Archetype 1 (Low xAG)"": 0.0023, ""Midfielder Archetype 2 (High xAG)"": 0.9977}",0.426,1.221
Craig Dawson,eng ENG,1990.0,971,15,0,0,0.5,0.0,2,20,6,15,9,1,34.0,Wolves,eng Premier League,DF,Defender,0.046,0.0,0.185,1.854,0.556,1.39,0.834,0.093,57.8,4.3,20.9,7.4,26.7,30.9,31.6,16.3,craig_dawson_eng_eng_1990_0,Craig Dawson,971,-0.6200305617625611,-1.1963751992071265,-1.1608362635544587,-1.032612755567965,-0.8870153711410849,-0.3541571219622125,0.06203821694011802,-1.0044523203823221,1,Stopper / Defensive Destroyer,"{""Defender Archetype 1 (Low PrgC)"": 0.9956, ""Defender Archetype 2 (High xAG)"": 0.0007, ""Defender Archetype 3 (Low npxG)"": 0.0038}",-2.061,-1.249
Cristhian Mosquera,es ESP,2004.0,3319,37,1,0,0.4,0.0,0,123,35,56,35,5,20.0,Valencia,es La Liga,DF,Defender,0.011,0.0,0.0,3.335,0.949,1.519,0.949,0.136,12.6,4.3,1.9,50.3,47.5,38.4,43.6,25.3,cristhian_mosquera_es_esp_2004_0,Cristhian Mosquera,3319,-0.8745678521257301,-1.1963751992071265,-1.4473539550394734,-0.16667550204902806,-0.5845290322097925,-0.186038206116791,0.299447355965466,-0.9377397742488708,1,Stopper / Defensive Destroyer,"{""Defender Archetype 1 (Low PrgC)"": 0.9576, ""Defender Archetype 2 (High xAG)"": 0.0011, ""Defender Archetype 3 (Low npxG)"": 0.0413}",-2.175,-0.506
Cristhian Stuani,uy URU,1986.0,1078,32,11,2,5.8,0.6,6,10,2,9,7,2,37.0,Girona,es La Liga,FW,Forward,0.484,0.05,0.501,0.835,0.167,0.751,0.584,0.167,88.2,8.6,6.7,3.9,1.1,35.7,87.6,2.9,cristhian_stuani_uy_uru_1986_0,Cristhian Stuani,1078,2.5653218147822385,-0.5917894586084373,-0.6714330716124879,-1.62841968422144,-1.186422968709209,-1.1869322167313934,-0.4540686070280298,-0.889644682850336,0,Clinical Finisher / Poacher,"{""Forward Archetype 1 (Low PrgC)"": 0.9984, ""Forward Archetype 2 (High PrgC)"": 0.0016}",-0.343,-3.288
Cristian Cásseres Jr.,ve VEN,2000.0,2696,32,1,3,1.0,2.6,27,128,31,96,42,22,24.0,Toulouse,fr Ligue 1,MF,Midfielder,0.033,0.087,0.901,4.273,1.035,3.205,1.402,0.734,15.3,46.8,42.0,49.3,31.3,95.0,88.2,52.0,cristian_c_sseres_jr__ve_ven_2000_0,Cristian Cásseres Jr.,2696,-0.7145729838974524,-0.14439601056540743,-0.0519353602935372,0.38177091510206074,-0.5183360929016725,2.0112369265605787,1.2346329209957498,-0.00996994662552432,1,Box-to-Box / Pressing Engine,"{""Midfielder Archetype 1 (Low xAG)"": 0.9999, ""Midfielder Archetype 2 (High xAG)"": 0.0001}",-1.289,1.872
Cristian Romero,ar ARG,1998.0,1416,18,1,0,1.6,0.6,7,71,12,35,21,1,26.0,Tottenham,eng Premier League,DF,Defender,0.102,0.038,0.445,4.513,0.763,2.225,1.335,0.064,91.6,51.5,52.9,79.3,39.0,76.5,78.0,12.6,cristian_romero_ar_arg_1998_0,Cristian Romero,1416,-0.21277089718149086,-0.7368900363521228,-0.7581627511971409,0.5220983565906124,-0.7276905055971217,0.734054465099237,1.0963162921722864,-1.0494445026583705,1,Stopper / Defensive Destroyer,"{""Defender Archetype 1 (Low PrgC)"": 0.9805, ""Defender Archetype 2 (High xAG)"": 0.0092, ""Defender Archetype 3 (Low npxG)"": 0.0103}",-1.942,0.58
Cristiano Biraghi,it ITA,1992.0,1591,23,1,0,0.7,3.0,31,51,27,20,12,1,31.0,"Torino, Fiorentina",it Serie A,DF,Defender,0.04,0.17,1.754,2.885,1.527,1.131,0.679,0.057,49.7,94.2,96.1,35.6,65.4,14.7,18.6,11.7,cristiano_biraghi_it_ita_1992_0,Cristiano Biraghi,1591,-0.6636655258248185,0.8592163188284169,1.269143509094125,-0.4297894548400623,-0.13965090523196289,-0.6916982010627098,-0.2579480139201335,-1.060304684587072,0,Ball-Playing Defender,"{""Defender Archetype 1 (Low PrgC)"": 0.0, ""Defender Archetype 2 (High xAG)"": 1.0, ""Defender Archetype 3 (Low npxG)"": 0.0}",0.442,-0.151
Crysencio Summerville,nl NED,2001.0,786,19,1,1,1.6,1.7,17,18,29,13,0,13,22.0,West Ham,eng Premier League,"FW,MF",Forward,0.183,0.195,1.947,2.061,3.321,1.489,0.0,1.489,24.1,76.3,87.8,45.2,74.1,78.9,2.8,73.2,crysencio_summerville_nl_ned_2001_0,Crysencio Summerville,786,0.3763011176589858,1.1615091891277614,1.5680511548055187,-0.9115803372840893,1.2411645961490516,-0.22513562840642365,-1.6596941478176233,1.1613782471129819,1,Dynamic Winger / Dribbler,"{""Forward Archetype 1 (Low PrgC)"": 0.0255, ""Forward Archetype 2 (High PrgC)"": 0.9745}",2.893,-0.436
Cucho,co COL,1999.0,1139,15,5,1,3.8,1.5,14,34,27,15,7,17,25.0,Betis,es La Liga,FW,Forward,0.3,0.119,1.106,2.687,2.133,1.185,0.553,1.343,60.1,44.0,46.1,64.1,49.7,62.5,86.0,66.6,cucho_co_col_1999_0,Cucho,1139,1.2271829168730075,0.2425388634177537,0.2655572167574251,-0.5455595940681173,0.32677841128804536,-0.6213228409413706,-0.51806585320008,0.9348658811714957,0,Clinical Finisher / Poacher,"{""Forward Archetype 1 (Low PrgC)"": 0.9368, ""Forward Archetype 2 (High PrgC)"": 0.0632}",1.388,-1.01
Curtis Jones,eng ENG,2001.0,1712,33,3,3,4.3,1.1,22,117,30,39,7,12,23.0,Liverpool,eng Premier League,"MF,DF",Midfielder,0.226,0.058,1.157,6.151,1.577,2.05,0.368,0.631,88.7,27.4,58.0,83.7,57.3,58.3,12.1,43.1,curtis_jones_eng_eng_2001_0,Curtis Jones,1712,0.6890183601051648,-0.4950557401126471,0.34454317495059117,1.4798331447499766,-0.10116663819235822,0.5059861684097113,-0.8999849029365096,-0.1697697664335589,1,Box-to-Box / Pressing Engine,"{""Midfielder Archetype 1 (Low xAG)"": 0.0064, ""Midfielder Archetype 2 (High xAG)"": 0.9936}",0.341,0.404
Cyle Larin,ca CAN,1995.0,1764,32,7,2,6.1,1.4,8,20,20,12,1,8,29.0,Mallorca,es La Liga,FW,Forward,0.311,0.071,0.408,1.02,1.02,0.612,0.051,0.408,64.2,17.8,3.3,8.0,20.4,26.5,7.6,15.1,cyle_larin_ca_can_1995_0,Cyle Larin,1764,1.3071803509871465,-0.337863447556988,-0.815466289494144,-1.5202506147406816,-0.5298813730135539,-1.368083606673359,-1.554408355728121,-0.5157441335907601,0,Clinical Finisher / Poacher,"{""Forward Archetype 1 (Low PrgC)"": 0.9994, ""Forward Archetype 2 (High PrgC)"": 0.0006}",0.146,-3.056
Cédric Bakambu,cd COD,1991.0,710,25,2,2,3.2,0.6,8,14,9,6,0,1,33.0,Betis,es La Liga,FW,Forward,0.406,0.076,1.014,1.775,1.141,0.761,0.0,0.127,80.2,20.7,41.0,34.5,23.9,36.6,2.8,2.0,c_dric_bakambu_cd_cod_1991_0,Cédric Bakambu,710,1.9980672819728909,-0.277404873497119,0.12307274315406633,-1.0788038717246131,-0.4367494467777106,-1.173899742634849,-1.6596941478176233,-0.9517028653000583,0,Clinical Finisher / Poacher,"{""Forward Archetype 1 (Low PrgC)"": 0.9989, ""Forward Archetype 2 (High PrgC)"": 0.0011}",0.706,-2.847
Cédric Kipré,ci CIV,1996.0,2190,28,0,1,0.6,1.3,10,77,16,42,32,10,27.0,Reims,fr Ligue 1,DF,Defender,0.025,0.053,0.411,3.164,0.658,1.726,1.315,0.411,32.0,60.0,50.7,44.5,32.6,51.7,77.0,60.4,c_dric_kipr__ci_civ_1996_0,Cédric Kipré,2190,-0.7727529359804625,-0.5555143141725161,-0.8108200566592517,-0.26665880410962095,-0.8085074663802915,0.08373400768167616,1.0550277462548345,-0.5110897699070309,1,Stopper / Defensive Destroyer,"{""Defender Archetype 1 (Low PrgC)"": 0.0104, ""Defender Archetype 2 (High xAG)"": 0.0056, ""Defender Archetype 3 (Low npxG)"": 0.984}",-1.8,0.105
César Azpilicueta,es ESP,1989.0,875,14,1,0,0.2,0.1,3,66,13,25,5,1,34.0,Atlético Madrid,es La Liga,DF,Defender,0.021,0.01,0.309,6.789,1.337,2.571,0.514,0.103,26.7,18.9,39.8,96.8,58.6,89.3,7.1,17.6,c_sar_azpilicueta_es_esp_1989_0,César Azpilicueta,875,-0.8018429120219674,-1.0754580510873888,-0.9687919730455842,1.8528702600403761,-0.2858911199824605,1.18497806883967,-0.5985785177391112,-0.9889377747698916,1,Stopper / Defensive Destroyer,"{""Defender Archetype 1 (Low PrgC)"": 0.9343, ""Defender Archetype 2 (High xAG)"": 0.0177, ""Defender Archetype 3 (Low npxG)"": 0.048}",-1.592,1.111
César Tárrega,es ESP,2002.0,3026,34,2,0,1.9,0.1,3,79,20,49,22,11,22.0,Valencia,es La Liga,DF,Defender,0.057,0.003,0.089,2.35,0.595,1.457,0.654,0.327,68.8,9.0,7.9,19.3,28.7,35.4,16.7,51.3,c_sar_t_rrega_es_esp_2002_0,César Tárrega,3026,-0.5400331276484224,-1.1601000547712053,-1.309515714271007,-0.7426027098249584,-0.8569976428501933,-0.2668395455153655,-0.3095586963169483,-0.6414119530514474,1,Stopper / Defensive Destroyer,"{""Defender Archetype 1 (Low PrgC)"": 0.9918, ""Defender Archetype 2 (High xAG)"": 0.0004, ""Defender Archetype 3 (Low npxG)"": 0.0078}",-1.799,-1.19
Daichi Kamada,jp JPN,1996.0,1564,34,0,0,1.1,1.9,20,89,25,47,18,7,27.0,Crystal Palace,eng Premier League,MF,Midfielder,0.063,0.109,1.151,5.121,1.439,2.705,1.036,0.403,35.7,57.1,57.0,69.2,50.7,83.7,68.1,23.1,daichi_kamada_jp_jpn_1996_0,Daichi Kamada,1564,-0.4963981635861648,0.1216217152980159,0.3352507092808069,0.8775945416949433,-0.20738321522166694,1.3596132217333636,0.47905253070638165,-0.5235014063969753,1,Box-to-Box / Pressing Engine,"{""Midfielder Archetype 1 (Low xAG)"": 0.9952, ""Midfielder Archetype 2 (High xAG)"": 0.0048}",-0.6,1.55
Dailon Livramento,cv CPV,2001.0,940,29,1,1,1.8,0.9,8,13,23,15,3,6,23.0,Hellas Verona,it Serie A,"FW,MF",Forward,0.172,0.086,0.766,1.245,2.202,1.436,0.287,0.574,21.7,27.4,21.8,15.5,51.2,76.5,48.9,25.9,dailon_livramento_cv_cpv_2001_0,Dailon Livramento,940,0.29630368354484693,-0.15648772537738123,-0.26101583786368304,-1.3886936383451645,0.37988669980269973,-0.29420774111810866,-1.0672035139021894,-0.2582026764244131,0,Clinical Finisher / Poacher,"{""Forward Archetype 1 (Low PrgC)"": 0.8988, ""Forward Archetype 2 (High PrgC)"": 0.1012}",0.299,-1.484
Daler Kuzyaev,ru RUS,1993.0,567,12,1,0,0.2,0.6,2,32,4,13,9,2,31.0,Le Havre,fr Ligue 1,MF,Midfielder,0.032,0.095,0.317,5.079,0.635,2.063,1.429,0.317,14.1,50.9,5.0,68.7,12.3,59.6,89.4,17.0,daler_kuzyaev_ru_rus_1993_0,Daler Kuzyaev,567,-0.7218454779078287,-0.047662292069617064,-0.9564020188192052,0.8530372394344464,-0.8262102292185095,0.5229283847352194,1.29037245798431,-0.656926498663878,1,Box-to-Box / Pressing Engine,"{""Midfielder Archetype 1 (Low xAG)"": 0.9889, ""Midfielder Archetype 2 (High xAG)"": 0.0111}",-1.775,1.039
Daley Blind,nl NED,1990.0,2780,34,0,2,0.5,1.6,19,272,71,49,32,15,34.0,Girona,es La Liga,DF,Defender,0.016,0.052,0.615,8.806,2.299,1.586,1.036,0.486,20.0,59.2,65.2,99.6,86.0,43.5,53.6,67.9,daley_blind_nl_ned_1990_0,Daley Blind,2780,-0.8382053820738488,-0.5676060289844899,-0.4948762238865869,3.0322054662170776,0.4545461778595327,-0.09872062966994395,0.47905253070638165,-0.3947306778138018,0,Ball-Playing Defender,"{""Defender Archetype 1 (Low PrgC)"": 0.0099, ""Defender Archetype 2 (High xAG)"": 0.9533, ""Defender Archetype 3 (Low npxG)"": 0.0368}",-0.683,1.916
Damián Rodríguez,es ESP,2003.0,927,17,0,0,0.1,0.8,17,71,8,14,7,0,21.0,Celta Vigo,es La Liga,MF,Midfielder,0.01,0.078,1.65,6.893,0.777,1.359,0.68,0.0,2.7,41.6,79.8,90.5,18.7,21.6,39.9,0.4,dami_n_rodr_guez_es_esp_2003_0,Damián Rodríguez,927,-0.8818403461361063,-0.2532214438731714,1.1080741041511977,1.9136788180187485,-0.7169149108260323,-0.39455779166149973,-0.25588358662426086,-1.1487375945779261,1,Box-to-Box / Pressing Engine,"{""Midfielder Archetype 1 (Low xAG)"": 0.2214, ""Midfielder Archetype 2 (High xAG)"": 0.7786}",-0.405,1.017
Dan Burn,eng ENG,1992.0,3330,37,1,1,2.0,0.9,9,75,12,39,27,3,32.0,Newcastle Utd,eng Premier League,DF,Defender,0.054,0.024,0.243,2.027,0.324,1.054,0.73,0.081,65.7,37.2,30.3,10.7,13.9,12.0,22.0,14.2,dan_burn_eng_eng_1992_0,Dan Burn,3330,-0.5618506096795511,-0.9061740437197559,-1.071009095413211,-0.9314600581616339,-1.0655823702048504,-0.7920482516061009,-0.15266222183063147,-1.0230697751172388,1,Stopper / Defensive Destroyer,"{""Defender Archetype 1 (Low PrgC)"": 0.9966, ""Defender Archetype 2 (High xAG)"": 0.0001, ""Defender Archetype 3 (Low npxG)"": 0.0033}",-1.799,-1.487
Dan Ndoye,ch SUI,2000.0,2143,30,8,4,5.4,3.8,27,74,132,26,9,37,23.0,Bologna,it Serie A,FW,Forward,0.227,0.16,1.134,3.108,5.544,1.092,0.378,1.554,38.5,62.3,48.4,74.5,95.1,55.2,64.1,75.4,dan_ndoye_ch_sui_2000_0,Dan Ndoye,2143,0.6962908541155411,0.7382991707086789,0.3089220565497513,-0.299401873790283,2.952175108729873,-0.7425248500392325,-0.8793406299777836,1.2622227935937804,1,Dynamic Winger / Dribbler,"{""Forward Archetype 1 (Low PrgC)"": 0.0002, ""Forward Archetype 2 (High PrgC)"": 0.9998}",2.872,-0.265
Danel Sinani,lu LUX,1997.0,1250,26,2,2,1.7,3.0,24,60,16,14,1,10,27.0,St. Pauli,de Bundesliga,"FW,MF",Forward,0.122,0.216,1.728,4.32,1.152,1.008,0.072,0.72,9.1,81.9,79.4,90.9,24.4,49.4,10.1,37.5,danel_sinani_lu_lux_1997_0,Danel Sinani,1250,-0.06732101697396574,1.4154352001792108,1.228876157858393,0.40925170572690245,-0.42828290802899766,-0.8519976324502048,-1.5110553825147968,-0.0316903104829271,0,Clinical Finisher / Poacher,"{""Forward Archetype 1 (Low PrgC)"": 0.0061, ""Forward Archetype 2 (High PrgC)"": 0.9939}",1.66,-0.306
Dango Ouattara,bf BFA,2002.0,2005,32,7,4,8.4,5.5,35,43,79,35,11,39,22.0,Bournemouth,eng Premier League,FW,Forward,0.377,0.247,1.571,1.93,3.546,1.571,0.494,1.751,76.6,87.8,74.9,39.9,77.8,83.3,80.7,82.9,dango_ouattara_bf_bfa_2002_0,Dango Ouattara,2005,1.7871649556719793,1.7902783593503981,0.9857233061657049,-0.9881757324299236,1.4143437978272722,-0.11826934081476057,-0.639867063656563,1.5678593421586617,1,Dynamic Winger / Dribbler,"{""Forward Archetype 1 (Low PrgC)"": 0.137, ""Forward Archetype 2 (High PrgC)"": 0.863}",3.24,-0.542
Dani Carvajal,es ESP,1992.0,609,8,1,0,1.3,0.2,5,27,13,12,10,2,32.0,Real Madrid,es La Liga,DF,Defender,0.192,0.03,0.739,3.99,1.921,1.773,1.478,0.296,99.3,44.4,71.1,68.0,77.0,53.9,85.3,48.5,dani_carvajal_es_esp_1992_0,Dani Carvajal,609,0.4417535637523722,-0.8336237548479131,-0.30283193337771225,0.21630147368014402,0.16360511904012173,0.1449866359354343,1.3915293954820669,-0.6895070444499821,1,Stopper / Defensive Destroyer,"{""Defender Archetype 1 (Low PrgC)"": 0.0, ""Defender Archetype 2 (High xAG)"": 1.0, ""Defender Archetype 3 (Low npxG)"": 0.0}",-1.065,0.254
Dani Ceballos,es ESP,1996.0,1215,23,0,0,0.4,1.6,22,150,42,41,14,8,27.0,Real Madrid,es La Liga,MF,Midfielder,0.03,0.119,1.63,11.111,3.111,3.037,1.037,0.593,12.0,60.9,78.9,99.7,90.2,91.5,68.3,40.6,dani_ceballos_es_esp_1996_0,Dani Ceballos,1215,-0.7363904659285812,0.2425388634177537,1.0770992185852502,4.379933602180042,1.0795306745827122,1.7922913617386342,0.481116958002254,-0.228725039760795,0,Deep-Lying Playmaker,"{""Midfielder Archetype 1 (Low xAG)"": 0.0018, ""Midfielder Archetype 2 (High xAG)"": 0.9982}",0.502,4.23
Dani Gómez,es ESP,1998.0,532,14,2,0,2.7,0.0,1,6,3,3,2,3,26.0,Valencia,es La Liga,FW,Forward,0.457,0.0,0.169,1.015,0.508,0.508,0.338,0.508,86.0,0.4,0.6,7.8,5.5,18.0,59.5,21.5,dani_g_mez_es_esp_1998_0,Dani Gómez,532,2.3689644765020796,-1.1963751992071265,-1.1856161720072167,-1.5231741031050263,-0.9239602674991053,-1.5036213372774199,-0.9619177218126872,-0.3605986774664546,0,Clinical Finisher / Poacher,"{""Forward Archetype 1 (Low PrgC)"": 0.9999, ""Forward Archetype 2 (High PrgC)"": 0.0001}",-0.353,-3.613
Dani Olmo,es ESP,1998.0,1212,25,10,3,4.9,3.0,26,81,33,16,3,23,26.0,Barcelona,es La Liga,"MF,FW",Midfielder,0.364,0.223,1.931,6.015,2.45,1.188,0.223,1.708,97.3,89.6,88.2,81.8,82.1,14.4,4.3,90.7,dani_olmo_es_esp_1998_0,Dani Olmo,1212,1.692622533537088,1.5000772038630275,1.5432712463527607,1.4003142612397974,0.5707686643191389,-0.6174130987124073,-1.1993268608380354,1.5011467960252105,0,Deep-Lying Playmaker,"{""Midfielder Archetype 1 (Low xAG)"": 0.0, ""Midfielder Archetype 2 (High xAG)"": 1.0}",3.354,0.246
Dani Raba,es ESP,1995.0,1879,29,8,6,3.6,5.3,47,69,42,37,14,46,28.0,Leganés,es La Liga,"FW,MF",Forward,0.172,0.254,2.251,3.305,2.012,1.772,0.671,2.203,21.7,89.2,93.3,77.8,46.8,88.5,92.2,90.9,dani_raba_es_esp_1995_0,Dani Raba,1879,0.29630368354484693,1.8749203630342146,2.038869415407921,-0.18421643223509687,0.23364648505220215,0.14368338852578,-0.27446343228711423,2.269116803840522,1,Dynamic Winger / Dribbler,"{""Forward Archetype 1 (Low PrgC)"": 0.0004, ""Forward Archetype 2 (High PrgC)"": 0.9996}",2.925,0.919
Dani Rodríguez,es ESP,1988.0,2162,37,4,7,2.8,3.1,33,78,37,49,12,16,36.0,Mallorca,es La Liga,"MF,FW",Midfielder,0.117,0.129,1.374,3.247,1.54,2.04,0.5,0.666,65.0,64.2,70.1,23.9,55.6,57.7,23.4,45.6,dani_rodr_guez_es_esp_1988_0,Dani Rodríguez,2162,-0.10368348702584695,0.36345601153749163,0.680620683341122,-0.218128897261497,-0.12964499580166558,0.4929536943131673,-0.6274804998813275,-0.11546885679005194,1,Box-to-Box / Pressing Engine,"{""Midfielder Archetype 1 (Low xAG)"": 0.8962, ""Midfielder Archetype 2 (High xAG)"": 0.1038}",0.449,0.127
Dani de Wit,nl NED,1998.0,1153,28,2,1,2.1,0.5,10,33,5,29,12,1,26.0,Bochum,de Bundesliga,"MF,FW",Midfielder,0.164,0.039,0.781,2.576,0.39,2.264,0.937,0.078,78.8,15.8,32.8,10.6,4.5,68.3,61.8,1.2,dani_de_wit_nl_ned_1998_0,Dani de Wit,1153,0.23812373146183705,-0.724798321540149,-0.23778467368922238,-0.6104610357565723,-1.0147831377125722,0.7848811140757594,0.2746742284149951,-1.027724138800968,1,Box-to-Box / Pressing Engine,"{""Midfielder Archetype 1 (Low xAG)"": 0.723, ""Midfielder Archetype 2 (High xAG)"": 0.277}",-1.469,-0.419
Daniel Fila,cz CZE,2002.0,492,10,2,0,1.4,0.3,6,8,5,2,0,2,21.0,Venezia,it Serie A,FW,Forward,0.256,0.055,1.098,1.463,0.915,0.366,0.0,0.366,48.6,10.2,45.2,22.0,15.5,9.8,2.8,12.5,daniel_fila_cz_cze_2002_0,Daniel Fila,492,0.9071931804164525,-0.5313308845485685,0.25316726253104604,-1.26122954565973,-0.6106983337967236,-1.6886824694483489,-1.6596941478176233,-0.5809052251629683,0,Clinical Finisher / Poacher,"{""Forward Archetype 1 (Low PrgC)"": 0.9952, ""Forward Archetype 2 (High PrgC)"": 0.0048}",0.452,-2.769
Daniel Maldini,it ITA,2001.0,1564,30,6,0,6.699999999999999,1.1,15,41,53,16,6,36,22.0,"Monza, Atalanta",it Serie A,"MF,FW",Midfielder,0.386,0.063,0.863,2.359,3.05,0.921,0.345,2.072,98.2,31.8,39.8,7.7,89.6,7.6,10.3,96.4,daniel_maldini_it_ita_2001_0,Daniel Maldini,1564,1.8526174017653656,-0.43459716605277815,-0.11078764286883756,-0.7373404307691377,1.0325798687943943,-0.9653801570901401,-0.9474667307415792,2.0658762563176825,0,Deep-Lying Playmaker,"{""Midfielder Archetype 1 (Low xAG)"": 0.0, ""Midfielder Archetype 2 (High xAG)"": 1.0}",2.061,-1.628
Daniel Mosquera,co COL,1999.0,1375,35,5,1,6.6,1.3,12,25,17,11,2,16,24.0,Hellas Verona,it Serie A,FW,Forward,0.432,0.085,0.785,1.636,1.113,0.72,0.131,1.047,83.1,26.7,23.2,27.9,23.1,33.9,19.5,54.2,daniel_mosquera_co_col_1999_0,Daniel Mosquera,1375,2.1871521262426734,-0.16857944018935483,-0.23158969657603287,-1.1600768482533992,-0.4583006363198892,-1.2273328864306807,-1.3892541720583136,0.4756353310435516,0,Clinical Finisher / Poacher,"{""Forward Archetype 1 (Low PrgC)"": 0.9998, ""Forward Archetype 2 (High PrgC)"": 0.0002}",1.134,-2.759
Daniel Muñoz,co COL,1996.0,3228,37,4,5,4.9,5.5,46,97,62,123,44,21,28.0,Crystal Palace,eng Premier League,DF,Defender,0.137,0.153,1.283,2.704,1.729,3.429,1.227,0.586,96.3,90.8,89.0,29.7,72.4,98.5,71.4,75.0,daniel_mu_oz_co_col_1996_0,Daniel Muñoz,3228,0.04176639318167818,0.6536571670248624,0.5396849540160604,-0.5356197336293447,0.01582553360803998,2.303164346323171,0.8733581442180467,-0.2395852216894964,0,Ball-Playing Defender,"{""Defender Archetype 1 (Low PrgC)"": 0.0, ""Defender Archetype 2 (High xAG)"": 1.0, ""Defender Archetype 3 (Low npxG)"": 0.0}",-0.264,1.426
Daniel Parejo,es ESP,1989.0,2273,36,3,3,0.8,1.8,23,176,19,52,24,8,35.0,Villarreal,es La Liga,MF,Midfielder,0.032,0.071,0.911,6.969,0.752,2.059,0.95,0.317,14.1,36.8,43.0,91.2,18.1,58.9,63.2,17.0,daniel_parejo_es_esp_1989_0,Daniel Parejo,2273,-0.7218454779078287,-0.337863447556988,-0.03644791751056342,1.9581158411567903,-0.7361570443458347,0.5177153950966017,0.3015117832613386,-0.656926498663878,1,Box-to-Box / Pressing Engine,"{""Midfielder Archetype 1 (Low xAG)"": 0.984, ""Midfielder Archetype 2 (High xAG)"": 0.016}",-1.058,1.444
Daniel Svensson,se SWE,2002.0,781,12,1,3,0.8,1.2,10,41,11,15,5,1,22.0,Dortmund,de Bundesliga,"DF,FW",Defender,0.092,0.138,1.152,4.725,1.268,1.729,0.576,0.115,89.0,87.9,86.5,82.1,56.7,52.0,10.7,20.9,daniel_svensson_se_swe_2002_0,Daniel Svensson,781,-0.2854958372852534,0.4722814448452558,0.3367994535591041,0.6460542632388329,-0.33899940849711485,0.0876437499106396,-0.4705840253950106,-0.9703203200349749,0,Ball-Playing Defender,"{""Defender Archetype 1 (Low PrgC)"": 0.0, ""Defender Archetype 2 (High xAG)"": 0.9976, ""Defender Archetype 3 (Low npxG)"": 0.0024}",-0.078,0.298
Daniel Vivian,es ESP,1999.0,2608,32,4,0,1.9,0.4,10,185,36,40,47,10,25.0,Athletic Club,es La Liga,DF,Defender,0.066,0.014,0.345,6.384,1.242,1.38,1.622,0.345,77.0,25.9,43.9,95.9,56.3,30.5,91.3,53.5,daniel_vivian_es_esp_1999_0,Daniel Vivian,2608,-0.47458068155503597,-1.0270911918394936,-0.9130371790268786,1.6160677025284458,-0.35901122735770924,-0.36718959605875684,1.6888069260877203,-0.6134857709490725,1,Stopper / Defensive Destroyer,"{""Defender Archetype 1 (Low PrgC)"": 0.9847, ""Defender Archetype 2 (High xAG)"": 0.001, ""Defender Archetype 3 (Low npxG)"": 0.0143}",-1.843,0.968
Daniele Ghilardi,it ITA,2003.0,2029,24,0,0,0.6,0.2,6,57,16,44,30,2,21.0,Hellas Verona,it Serie A,DF,Defender,0.027,0.009,0.266,2.528,0.71,1.952,1.331,0.089,34.6,17.1,34.0,23.7,35.4,64.2,77.6,15.8,daniele_ghilardi_it_ita_2003_0,Daniele Ghilardi,2029,-0.75820794795971,-1.0875497658993627,-1.0353879770123713,-0.6385265240542826,-0.7684838286591026,0.37826792226357736,1.0880585829887959,-1.0106581386272944,1,Stopper / Defensive Destroyer,"{""Defender Archetype 1 (Low PrgC)"": 0.9693, ""Defender Archetype 2 (High xAG)"": 0.0007, ""Defender Archetype 3 (Low npxG)"": 0.03}",-2.405,-0.146
Danilho Doekhi,nl NED,1998.0,3060,34,1,1,2.6,1.4,13,96,13,37,44,3,26.0,Union Berlin,de Bundesliga,DF,Defender,0.076,0.041,0.382,2.824,0.382,1.088,1.294,0.088,83.0,53.3,47.7,34.1,17.2,13.2,75.5,15.4,danilho_doekhi_nl_ned_1998_0,Danilho Doekhi,3060,-0.40185574145127345,-0.7006148919162014,-0.8557336407298757,-0.46545601288506916,-1.0209406204389089,-0.7477378396778502,1.0116747730415103,-1.0122095931885375,1,Stopper / Defensive Destroyer,"{""Defender Archetype 1 (Low PrgC)"": 0.9702, ""Defender Archetype 2 (High xAG)"": 0.0006, ""Defender Archetype 3 (Low npxG)"": 0.0291}",-1.911,-0.742
Danilo,br BRA,1991.0,581,12,0,1,0.1,0.4,3,45,16,10,9,0,33.0,Juventus,it Serie A,DF,Defender,0.015,0.062,0.465,6.971,2.478,1.549,1.394,0.0,18.2,64.9,55.5,97.6,89.0,40.6,81.1,4.3,danilo_br_bra_1991_0,Danilo,581,-0.845477876084225,-0.44668888086475195,-0.7271878656311933,1.959285236502528,0.5923198538613175,-0.14694078382715806,1.2181175026287692,-1.1487375945779261,1,Stopper / Defensive Destroyer,"{""Defender Archetype 1 (Low PrgC)"": 0.0, ""Defender Archetype 2 (High xAG)"": 0.7467, ""Defender Archetype 3 (Low npxG)"": 0.2533}",-1.282,1.474
Danilo Cataldi,it ITA,1994.0,1712,24,3,0,1.1,0.8,15,90,18,25,22,3,29.0,Fiorentina,it Serie A,MF,Midfielder,0.058,0.042,0.789,4.731,0.946,1.314,1.157,0.158,32.7,17.9,33.7,61.4,26.7,18.8,75.1,5.9,danilo_cataldi_it_ita_1994_0,Danilo Cataldi,1712,-0.532760633638046,-0.6885231771042276,-0.22539471946284334,0.6495624492760468,-0.5868380882321688,-0.45320392509594903,0.7288482335069651,-0.9036077739015236,1,Box-to-Box / Pressing Engine,"{""Midfielder Archetype 1 (Low xAG)"": 0.998, ""Midfielder Archetype 2 (High xAG)"": 0.002}",-1.329,0.201
Danilo D'Ambrosio,it ITA,1988.0,1095,20,0,1,0.5,0.4,5,34,10,28,15,2,35.0,Monza,it Serie A,DF,Defender,0.041,0.033,0.411,2.795,0.822,2.301,1.233,0.164,51.2,47.3,50.7,32.6,41.2,80.5,72.3,30.3,danilo_d_ambrosio_it_ita_1988_0,Danilo D'Ambrosio,1095,-0.6563930318144423,-0.7973486104119917,-0.8108200566592517,-0.48241224539826905,-0.6822790704903883,0.8331012682329738,0.8857447079932823,-0.8942990465340652,1,Stopper / Defensive Destroyer,"{""Defender Archetype 1 (Low PrgC)"": 0.5571, ""Defender Archetype 2 (High xAG)"": 0.0045, ""Defender Archetype 3 (Low npxG)"": 0.4384}",-2.057,0.192
Danny Welbeck,eng ENG,1990.0,2115,30,10,4,8.8,1.4,23,47,21,26,5,13,33.0,Brighton,eng Premier League,FW,Forward,0.374,0.06,0.979,2.0,0.894,1.106,0.213,0.553,75.6,12.5,39.2,42.4,14.9,57.4,35.0,23.9,danny_welbeck_eng_eng_1990_0,Danny Welbeck,2115,1.7653474736408505,-0.47087231048869954,0.0688666934136581,-0.947246895329096,-0.6268617259533575,-0.7242793863040705,-1.2199711337967611,-0.29078322221051706,0,Clinical Finisher / Poacher,"{""Forward Archetype 1 (Low PrgC)"": 0.9975, ""Forward Archetype 2 (High PrgC)"": 0.0025}",0.483,-2.27
Danny da Costa,de GER,1993.0,2006,25,0,1,0.1,0.6,10,109,21,42,27,8,31.0,Mainz 05,de Bundesliga,DF,Defender,0.004,0.027,0.449,4.89,0.942,1.884,1.211,0.359,5.5,41.0,53.3,83.8,47.1,61.1,69.5,55.4,danny_da_costa_de_ger_1993_0,Danny da Costa,2006,-0.9254753101983638,-0.8698988992838345,-0.7519677740839514,0.7425293792622121,-0.5899168295953371,0.28964709840707603,0.8403273074840852,-0.5917654070916697,1,Stopper / Defensive Destroyer,"{""Defender Archetype 1 (Low PrgC)"": 0.7792, ""Defender Archetype 2 (High xAG)"": 0.006, ""Defender Archetype 3 (Low npxG)"": 0.2148}",-1.81,0.725
Dante,br BRA,1983.0,1964,25,0,0,0.5,0.2,4,96,18,32,34,6,40.0,Nice,fr Ligue 1,DF,Defender,0.023,0.009,0.183,4.399,0.825,1.466,1.558,0.275,29.3,17.1,20.5,77.0,41.3,36.0,88.8,45.3,dante_br_bra_1983_0,Dante,1964,-0.787297924001215,-1.0875497658993627,-1.1639337521110535,0.4554428218835505,-0.679970014468012,-0.25511031882847574,1.5566835791518745,-0.7220875902360862,1,Stopper / Defensive Destroyer,"{""Defender Archetype 1 (Low PrgC)"": 0.9799, ""Defender Archetype 2 (High xAG)"": 0.0001, ""Defender Archetype 3 (Low npxG)"": 0.02}",-2.304,0.332
Dany Mota,pt POR,1998.0,2104,31,5,2,5.1,1.8,22,47,53,13,9,13,26.0,Monza,it Serie A,"FW,MF",Forward,0.218,0.077,0.941,2.01,2.267,0.556,0.385,0.556,35.7,21.3,34.8,42.6,52.8,20.4,66.1,24.2,dany_mota_pt_por_1998_0,Dany Mota,2104,0.6308384080221547,-0.2653131586851452,0.010014410838357742,-0.9413999186004065,0.42991624695418573,-1.4410654616140073,-0.8648896389066755,-0.2861288585267879,0,Clinical Finisher / Poacher,"{""Forward Archetype 1 (Low PrgC)"": 0.9407, ""Forward Archetype 2 (High PrgC)"": 0.0593}",0.643,-1.846
Dara O'Shea,ie IRL,1999.0,3122,35,0,2,1.3,0.5,3,80,3,49,33,1,25.0,Ipswich Town,eng Premier League,DF,Defender,0.037,0.014,0.086,2.306,0.086,1.413,0.951,0.029,46.0,25.9,7.5,17.6,2.3,32.6,44.3,9.0,dara_o_shea_ie_irl_1999_0,Dara O'Shea,3122,-0.6854830078559474,-1.0270911918394936,-1.3141619471058992,-0.7683294074311928,-1.2487674813133685,-0.32418243154016047,0.3035762105572112,-1.1037454123018775,1,Stopper / Defensive Destroyer,"{""Defender Archetype 1 (Low PrgC)"": 0.9888, ""Defender Archetype 2 (High xAG)"": 0.0002, ""Defender Archetype 3 (Low npxG)"": 0.011}",-2.339,-1.056
Dario Essugo,pt POR,2005.0,1938,27,1,0,0.7,0.4,13,76,18,59,42,12,19.0,Las Palmas,es La Liga,MF,Midfielder,0.033,0.019,0.604,3.529,0.836,2.74,1.95,0.557,15.3,5.6,19.9,31.0,21.7,84.6,98.2,37.1,dario_essugo_pt_por_2005_0,Dario Essugo,1938,-0.7145729838974524,-0.9666326177796246,-0.5119124109478581,-0.05324415351244891,-0.6715034757192989,1.4052268810712687,2.3659390791339296,-0.2845774039655448,1,Box-to-Box / Pressing Engine,"{""Midfielder Archetype 1 (Low xAG)"": 1.0, ""Midfielder Archetype 2 (High xAG)"": 0.0}",-2.348,1.431
Darko Brašanac,rs SRB,1992.0,1617,30,1,2,1.8,0.4,9,43,6,26,16,2,32.0,Leganés,es La Liga,MF,Midfielder,0.1,0.022,0.501,2.393,0.334,1.447,0.891,0.111,56.4,7.8,12.1,8.3,3.5,25.5,58.4,2.3,darko_bra_anac_rs_srb_1992_0,Darko Brašanac,1617,-0.2273158852022433,-0.9303574733437034,-0.6714330716124879,-0.7174607098915929,-1.0578855167969294,-0.2798720196119098,0.17971057280485583,-0.9765261382799472,1,Box-to-Box / Pressing Engine,"{""Midfielder Archetype 1 (Low xAG)"": 0.9769, ""Midfielder Archetype 2 (High xAG)"": 0.0231}",-1.692,-1.017
Darko Lazović,rs SRB,1990.0,1459,27,2,3,1.7,3.4,18,40,22,21,11,7,33.0,Hellas Verona,it Serie A,"DF,MF",Defender,0.105,0.21,1.11,2.467,1.357,1.295,0.679,0.432,92.5,96.7,85.8,22.5,59.5,24.3,18.6,62.1,darko_lazovi__rs_srb_1990_0,Darko Lazović,1459,-0.1909534151503621,1.342884911307368,0.2717521938706146,-0.6741930820992894,-0.27049741316661857,-0.47796562587938335,-0.2579480139201335,-0.4785092241209267,0,Ball-Playing Defender,"{""Defender Archetype 1 (Low PrgC)"": 0.0, ""Defender Archetype 2 (High xAG)"": 1.0, ""Defender Archetype 3 (Low npxG)"": 0.0}",0.496,-0.451
Darwin Machís,ve VEN,1993.0,639,18,0,1,0.9,0.5,8,19,17,5,5,5,31.0,Valladolid,es La Liga,"MF,FW",Midfielder,0.127,0.07,1.127,2.676,2.394,0.704,0.704,0.704,67.5,36.4,55.6,12.8,80.4,2.5,42.1,48.3,darwin_mach_s_ve_ven_1993_0,Darwin Machís,639,-0.030958546922084437,-0.3499551623689616,0.29808084660166984,-0.5519912684696757,0.5276662852347817,-1.2481848449851516,-0.20633733152331887,-0.05651358346281599,0,Deep-Lying Playmaker,"{""Midfielder Archetype 1 (Low xAG)"": 0.2739, ""Midfielder Archetype 2 (High xAG)"": 0.7261}",0.42,-0.92
Darwin Núñez,uy URU,1999.0,1133,30,5,2,5.8,1.3,11,27,23,21,4,8,25.0,Liverpool,eng Premier League,FW,Forward,0.461,0.103,0.874,2.145,1.827,1.668,0.318,0.635,86.3,36.9,30.3,48.1,43.5,86.8,55.7,29.8,darwin_n__ez_uy_uru_1999_0,Darwin Núñez,1133,2.398054452543585,0.049071426426173126,-0.0937514558075664,-0.8624657327630961,0.09125469700566496,0.008145657921719136,-1.003206267730139,-0.16356394818858666,0,Clinical Finisher / Poacher,"{""Forward Archetype 1 (Low PrgC)"": 0.997, ""Forward Archetype 2 (High PrgC)"": 0.003}",1.012,-1.82
David Brooks,wls WAL,1997.0,960,29,2,0,2.5,1.9,20,35,35,14,5,11,27.0,Bournemouth,eng Premier League,"FW,MF",Forward,0.234,0.178,1.875,3.281,3.281,1.312,0.469,1.031,41.2,69.8,85.8,77.4,72.9,70.7,78.9,52.8,david_brooks_wls_wal_1997_0,David Brooks,960,0.7471983121881749,0.9559500373242069,1.4565415667681074,-0.19824917638395206,1.210377182517368,-0.4558104199152579,-0.6914777460533779,0.4508120580636627,1,Dynamic Winger / Dribbler,"{""Forward Archetype 1 (Low PrgC)"": 0.0574, ""Forward Archetype 2 (High PrgC)"": 0.9426}",2.323,-0.121
David Jurásek,cz CZE,2000.0,619,14,0,1,0.1,0.9,7,22,17,6,6,3,23.0,Hoffenheim,de Bundesliga,DF,Defender,0.015,0.131,1.018,3.199,2.472,0.872,0.872,0.436,18.2,86.4,82.2,45.7,88.6,5.6,35.8,62.4,david_jur_sek_cz_cze_2000_0,David Jurásek,619,-0.845477876084225,0.3876394411614392,0.12926772026725583,-0.24619438555920733,0.5877017418165648,-1.0292392801632073,0.14048645418327657,-0.4723034058759545,0,Ball-Playing Defender,"{""Defender Archetype 1 (Low PrgC)"": 0.0, ""Defender Archetype 2 (High xAG)"": 0.8726, ""Defender Archetype 3 (Low npxG)"": 0.1274}",0.141,-0.144
David López,es ESP,1989.0,2429,29,1,1,0.9,0.6,4,132,17,32,14,6,34.0,Girona,es La Liga,DF,Defender,0.033,0.022,0.148,4.891,0.63,1.186,0.519,0.222,41.4,35.0,15.8,84.0,31.1,17.7,7.5,37.4,david_l_pez_es_esp_1989_0,David López,2429,-0.7145729838974524,-0.9303574733437034,-1.2181398018514618,0.7431140769350812,-0.8300586559224701,-0.6200195935317162,-0.5882563812597482,-0.8043146819819682,1,Stopper / Defensive Destroyer,"{""Defender Archetype 1 (Low PrgC)"": 0.9737, ""Defender Archetype 2 (High xAG)"": 0.0008, ""Defender Archetype 3 (Low npxG)"": 0.0255}",-1.522,-0.56
David Nemeth,at AUT,2001.0,2137,24,0,1,0.2,0.1,3,65,14,43,18,4,23.0,St. Pauli,de Bundesliga,DF,Defender,0.008,0.004,0.126,2.737,0.59,1.811,0.758,0.168,8.9,10.0,12.7,30.6,28.1,56.6,25.5,30.9,david_nemeth_at_aut_2001_0,David Nemeth,2137,-0.8963853341568587,-1.1480083399592313,-1.252212175974004,-0.5163247104246689,-0.8608460695541538,0.1945100375023027,-0.09485825754619884,-0.888093228289093,1,Stopper / Defensive Destroyer,"{""Defender Archetype 1 (Low PrgC)"": 0.9881, ""Defender Archetype 2 (High xAG)"": 0.0002, ""Defender Archetype 3 (Low npxG)"": 0.0117}",-2.122,-0.625
David Neres,br BRA,1997.0,1283,28,2,4,2.7,3.5,26,32,73,21,7,33,27.0,Napoli,it Serie A,FW,Forward,0.189,0.246,1.824,2.245,5.121,1.473,0.491,2.315,26.3,87.5,84.0,51.0,93.1,77.9,80.5,93.1,david_neres_br_bra_1997_0,David Neres,1283,0.41993608172124336,1.7781866445384242,1.3775556085749414,-0.8039959654761996,2.626598209574819,-0.24598758696089457,-0.6460603455441808,2.4428797146997443,1,Dynamic Winger / Dribbler,"{""Forward Archetype 1 (Low PrgC)"": 0.0001, ""Forward Archetype 2 (High PrgC)"": 0.9999}",3.873,0.46
David Raum,de GER,1998.0,1783,22,1,5,0.5,6.5,48,71,36,38,9,11,26.0,RB Leipzig,de Bundesliga,DF,Defender,0.025,0.328,2.423,3.584,1.817,1.918,0.454,0.555,32.0,100.0,99.6,57.6,74.7,62.4,4.7,73.1,david_raum_de_ger_1998_0,David Raum,1783,-0.7727529359804625,2.769707259120275,2.30525343127507,-0.021085781504655756,0.08355784359774403,0.3339575103353267,-0.7224441554914666,-0.28768031308803094,0,Ball-Playing Defender,"{""Defender Archetype 1 (Low PrgC)"": 0.0, ""Defender Archetype 2 (High xAG)"": 1.0, ""Defender Archetype 3 (Low npxG)"": 0.0}",2.148,1.196
David Torres,es ESP,2003.0,1387,18,0,0,0.3,0.0,1,37,11,13,10,1,21.0,Valladolid,es La Liga,DF,Defender,0.019,0.0,0.065,2.401,0.714,0.844,0.649,0.065,23.9,4.3,5.4,21.4,35.7,4.0,16.0,12.7,david_torres_es_esp_2003_0,David Torres,1387,-0.81638790004272,-1.1963751992071265,-1.346685576950144,-0.7127831285086412,-0.7654050872959343,-1.0657302076335313,-0.3198808327963113,-1.0478930480971278,1,Stopper / Defensive Destroyer,"{""Defender Archetype 1 (Low PrgC)"": 0.9942, ""Defender Archetype 2 (High xAG)"": 0.0003, ""Defender Archetype 3 (Low npxG)"": 0.0055}",-1.901,-1.539
David Zec,si SVN,2000.0,1541,18,2,0,1.2,0.5,8,34,3,23,17,5,24.0,Holstein Kiel,de Bundesliga,DF,Defender,0.07,0.029,0.467,1.986,0.175,1.343,0.993,0.292,79.4,43.2,55.7,10.1,6.4,27.3,49.2,47.9,david_zec_si_svn_2000_0,David Zec,1541,-0.4454907055135309,-0.8457154696598869,-0.7240903770745986,-0.9554326627492615,-1.180265485982872,-0.41540975021597065,0.3902821569838601,-0.6957128626949544,1,Stopper / Defensive Destroyer,"{""Defender Archetype 1 (Low PrgC)"": 0.9364, ""Defender Archetype 2 (High xAG)"": 0.0113, ""Defender Archetype 3 (Low npxG)"": 0.0523}",-1.749,-1.029
Davide Calabria,it ITA,1996.0,948,18,0,1,0.4,1.5,14,64,15,22,11,3,27.0,"Bologna, Milan",it Serie A,DF,Defender,0.038,0.142,1.329,6.076,1.424,2.089,1.044,0.285,47.0,88.6,90.2,94.4,61.0,70.3,54.6,47.1,davide_calabria_it_ita_1996_0,Davide Calabria,948,-0.6782105138455711,0.5206483040931507,0.6109271908177398,1.4359808192848043,-0.2189284953335484,0.5568128173862343,0.4955679490733624,-0.7065730446236558,0,Ball-Playing Defender,"{""Defender Archetype 1 (Low PrgC)"": 0.0, ""Defender Archetype 2 (High xAG)"": 0.9995, ""Defender Archetype 3 (Low npxG)"": 0.0005}",-0.266,1.621
Davide Frattesi,it ITA,1999.0,1158,27,5,1,4.0,0.8,7,31,23,17,5,7,24.0,Inter,it Serie A,MF,Midfielder,0.311,0.062,0.544,2.409,1.788,1.321,0.389,0.544,95.0,30.8,14.3,8.6,64.8,19.4,14.7,35.6,davide_frattesi_it_ita_1999_0,Davide Frattesi,1158,1.3071803509871465,-0.44668888086475195,-0.6048370676457006,-0.7081055471256895,0.0612369687147734,-0.44408119322836814,-0.856631929723185,-0.30474631326170454,1,Box-to-Box / Pressing Engine,"{""Midfielder Archetype 1 (Low xAG)"": 0.0, ""Midfielder Archetype 2 (High xAG)"": 1.0}",0.177,-1.711
Davide Zappacosta,it ITA,1992.0,2067,30,4,2,2.2,2.1,23,107,67,26,11,12,32.0,Atalanta,it Serie A,DF,Defender,0.096,0.091,1.001,4.659,2.917,1.132,0.479,0.522,89.8,76.9,81.3,81.6,93.7,14.8,5.9,70.3,davide_zappacosta_it_ita_1992_0,Davide Zappacosta,2067,-0.25640586124374837,-0.09602915131751225,0.10293906753620025,0.6074642168294813,0.9302117184690459,-0.6903949536530556,-0.6708334730946519,-0.3388783136090518,0,Ball-Playing Defender,"{""Defender Archetype 1 (Low PrgC)"": 0.0, ""Defender Archetype 2 (High xAG)"": 0.9745, ""Defender Archetype 3 (Low npxG)"": 0.0255}",0.563,-0.058
Dayot Upamecano,fr FRA,1998.0,1759,20,2,0,1.2,0.5,7,137,17,36,34,3,25.0,Bayern Munich,de Bundesliga,DF,Defender,0.061,0.026,0.358,7.01,0.87,1.842,1.74,0.153,72.8,39.8,44.9,97.7,44.2,58.4,93.9,28.2,dayot_upamecano_fr_fra_1998_0,Dayot Upamecano,1759,-0.5109431516069173,-0.8819906140958083,-0.8929035034090127,1.9820884457444174,-0.6453341741323677,0.2349107072015902,1.932409347000686,-0.9113650467077389,1,Stopper / Defensive Destroyer,"{""Defender Archetype 1 (Low PrgC)"": 0.9795, ""Defender Archetype 2 (High xAG)"": 0.0019, ""Defender Archetype 3 (Low npxG)"": 0.0186}",-2.187,1.524
Dean Huijsen,es ESP,2005.0,2427,32,3,2,1.9,2.0,15,132,41,36,51,2,19.0,Bournemouth,eng Premier League,DF,Defender,0.07,0.074,0.556,4.895,1.52,1.335,1.891,0.074,79.4,70.9,62.6,84.1,65.0,26.7,96.3,13.5,dean_huijsen_es_esp_2005_0,Dean Huijsen,2427,-0.4454907055135309,-0.3015883031210666,-0.586252136306132,0.7454528676265568,-0.14503870261750745,-0.4258357294932061,2.2441378686774476,-1.0339299570459402,1,Stopper / Defensive Destroyer,"{""Defender Archetype 1 (Low PrgC)"": 0.0, ""Defender Archetype 2 (High xAG)"": 0.0074, ""Defender Archetype 3 (Low npxG)"": 0.9926}",-1.664,0.844
Declan Rice,eng ENG,1999.0,2825,35,4,7,3.5,6.6,59,192,90,53,25,14,25.0,Arsenal,eng Premier League,MF,Midfielder,0.112,0.21,1.88,6.117,2.867,1.688,0.796,0.446,63.1,88.4,87.1,83.3,88.1,39.1,50.3,27.2,declan_rice_eng_eng_1999_0,Declan Rice,2825,-0.14004595707772827,1.342884911307368,1.4642852881595942,1.459953423872432,0.8917274514294414,0.034210606114807765,-0.0164100203030403,-0.45678886026352394,0,Deep-Lying Playmaker,"{""Midfielder Archetype 1 (Low xAG)"": 0.0015, ""Midfielder Archetype 2 (High xAG)"": 0.9985}",1.5,1.526
Deiver Machado,co COL,1993.0,1805,27,1,4,2.3,2.1,20,45,42,36,16,23,30.0,Lens,fr Ligue 1,"DF,MF",Defender,0.115,0.105,0.997,2.244,2.094,1.795,0.798,1.147,94.2,81.8,80.9,15.9,81.1,55.3,28.3,94.4,deiver_machado_co_col_1993_0,Deiver Machado,1805,-0.11822847504659947,0.07325485605012072,0.09674409042301091,-0.8045806631490685,0.29676068299715364,0.17365807894783178,-0.012281165711295111,0.6307807871678571,0,Ball-Playing Defender,"{""Defender Archetype 1 (Low PrgC)"": 0.0, ""Defender Archetype 2 (High xAG)"": 0.9996, ""Defender Archetype 3 (Low npxG)"": 0.0004}",0.346,-0.127
Dejan Kulusevski,se SWE,2000.0,2389,32,7,4,4.2,6.2,65,124,120,45,13,38,24.0,Tottenham,eng Premier League,"MF,FW",Midfielder,0.158,0.234,2.449,4.671,4.521,1.695,0.49,1.432,77.6,91.2,96.4,60.2,98.2,39.5,22.7,84.6,dejan_kulusevski_se_swe_2000_0,Dejan Kulusevski,2389,0.19448876739957946,1.633086066794739,2.3455207825108015,0.6144805889039091,2.1647870050995626,0.04333333798238893,-0.6481247728400534,1.0729453371221276,0,Deep-Lying Playmaker,"{""Midfielder Archetype 1 (Low xAG)"": 0.0, ""Midfielder Archetype 2 (High xAG)"": 1.0}",3.452,1.395
Denis Suárez,es ESP,1994.0,608,21,1,1,0.9,1.5,14,35,27,12,3,10,30.0,Villarreal,es La Liga,MF,Midfielder,0.133,0.222,2.072,5.181,3.997,1.776,0.444,1.48,69.2,89.4,91.5,70.5,95.7,44.9,19.3,86.1,denis_su_rez_es_esp_1994_0,Denis Suárez,608,0.01267641714017313,1.4879854890510535,1.7616441895926906,0.912676402067081,1.761471886524506,0.14889637816439774,-0.7430884284501925,1.1474151560617942,0,Deep-Lying Playmaker,"{""Midfielder Archetype 1 (Low xAG)"": 0.0, ""Midfielder Archetype 2 (High xAG)"": 1.0}",2.957,1.428
Denis Vavro,sk SVK,1996.0,2461,29,2,0,1.4,0.2,7,96,9,21,37,3,28.0,Wolfsburg,de Bundesliga,DF,Defender,0.051,0.007,0.256,3.511,0.329,0.768,1.353,0.11,62.4,14.0,32.8,56.3,14.3,2.8,79.0,20.3,denis_vavro_sk_svk_1996_0,Denis Vavro,2461,-0.5836680917106799,-1.11173319552331,-1.0508754197953452,-0.06376871162409016,-1.06173394350089,-1.164777010767268,1.133475983497993,-0.9780775928411902,1,Stopper / Defensive Destroyer,"{""Defender Archetype 1 (Low PrgC)"": 0.9944, ""Defender Archetype 2 (High xAG)"": 0.0001, ""Defender Archetype 3 (Low npxG)"": 0.0055}",-2.194,-0.742
Denis Zakaria,ch SUI,1996.0,2144,26,6,4,3.6,1.4,16,113,27,41,34,21,27.0,Monaco,fr Ligue 1,MF,Midfielder,0.151,0.059,0.672,4.743,1.133,1.721,1.427,0.882,75.0,28.2,25.2,62.2,36.5,40.8,89.2,63.4,denis_zakaria_ch_sui_1996_0,Denis Zakaria,2144,0.14358130932694563,-0.48296402530067334,-0.4065978000236364,0.6565788213504746,-0.44290692950404736,0.07721777063340414,1.2862436033925648,0.21964532843844775,1,Box-to-Box / Pressing Engine,"{""Midfielder Archetype 1 (Low xAG)"": 0.9936, ""Midfielder Archetype 2 (High xAG)"": 0.0064}",-0.868,0.597
Deniz Undav,de GER,1996.0,1726,27,9,3,11.7,3.6,26,70,31,11,3,10,28.0,Stuttgart,de Bundesliga,"FW,MF",Forward,0.61,0.188,1.356,3.65,1.616,0.574,0.156,0.521,95.8,74.4,62.1,84.5,37.7,22.8,24.5,22.6,deniz_undav_de_ger_1996_0,Deniz Undav,1726,3.4816560600896467,1.0768671854439449,0.6527432863317693,0.017504264904695824,-0.0711489099014665,-1.4176070082402277,-1.3376434896614988,-0.34042976817029486,0,Clinical Finisher / Poacher,"{""Forward Archetype 1 (Low PrgC)"": 0.9959, ""Forward Archetype 2 (High PrgC)"": 0.0041}",2.431,-2.341
Dennis Appiah,fr FRA,1992.0,2128,29,0,1,0.2,2.1,13,108,51,71,29,20,32.0,Saint-Étienne,fr Ligue 1,DF,Defender,0.008,0.089,0.55,4.568,2.157,3.003,1.227,0.846,8.9,75.9,62.3,80.2,82.8,96.0,71.4,86.8,dennis_appiah_fr_fra_1992_0,Dennis Appiah,2128,-0.8963853341568587,-0.12021258094145984,-0.5955446019759163,0.5542567285984054,0.34525085946705564,1.7479809498103838,0.8733581442180467,0.16379296423369774,0,Ball-Playing Defender,"{""Defender Archetype 1 (Low PrgC)"": 0.0, ""Defender Archetype 2 (High xAG)"": 0.9452, ""Defender Archetype 3 (Low npxG)"": 0.0548}",-0.962,1.817
Dennis Geiger,de GER,1998.0,734,20,0,0,0.2,0.5,11,37,12,24,7,4,26.0,Hoffenheim,de Bundesliga,"MF,FW",Midfielder,0.025,0.061,1.349,4.537,1.471,2.943,0.858,0.49,9.2,29.9,68.0,56.9,53.1,89.4,55.0,31.2,dennis_geiger_de_ger_1998_0,Dennis Geiger,734,-0.7727529359804625,-0.45878059567672574,0.6419020763836873,0.5361311007394676,-0.18275328431631996,1.6697861052311178,0.11158447204106026,-0.3885248595688296,1,Box-to-Box / Pressing Engine,"{""Midfielder Archetype 1 (Low xAG)"": 0.9658, ""Midfielder Archetype 2 (High xAG)"": 0.0342}",-0.7,1.492
Dennis Man,ro ROU,1998.0,1995,33,4,4,5.5,4.2,45,60,67,13,8,25,25.0,Parma,it Serie A,"FW,MF",Forward,0.248,0.189,2.03,2.707,3.023,0.586,0.361,1.128,44.8,74.9,90.5,64.9,68.3,24.1,61.9,57.6,dennis_man_ro_rou_1998_0,Dennis Man,1995,0.8490132283334424,1.0889589002559186,1.6965969299042005,-0.533865640610738,1.011798364593008,-1.4019680393243745,-0.9144358940076177,0.601303150504239,1,Dynamic Winger / Dribbler,"{""Forward Archetype 1 (Low PrgC)"": 0.0508, ""Forward Archetype 2 (High PrgC)"": 0.9492}",2.719,-0.853
Denzel Dumfries,nl NED,1996.0,1865,28,7,2,5.4,3.2,21,51,55,25,6,13,28.0,Inter,it Serie A,"DF,FW",Defender,0.261,0.154,1.013,2.461,2.654,1.206,0.29,0.627,99.9,91.4,81.8,22.3,92.2,19.0,1.2,77.5,denzel_dumfries_nl_ned_1996_0,Denzel Dumfries,1865,0.9435556504683338,0.6657488818368362,0.12152399887576877,-0.6777012681365033,0.7277844738407256,-0.5939546453386276,-1.0610102320145718,-0.1759755846785311,0,Ball-Playing Defender,"{""Defender Archetype 1 (Low PrgC)"": 0.0, ""Defender Archetype 2 (High xAG)"": 1.0, ""Defender Archetype 3 (Low npxG)"": 0.0}",1.324,-1.206
Derek Cornelius,ca CAN,1997.0,1420,21,0,0,0.9,0.1,4,68,10,24,14,0,26.0,Marseille,fr Ligue 1,DF,Defender,0.057,0.006,0.254,4.31,0.634,1.521,0.887,0.0,68.8,13.0,32.4,76.3,31.6,38.6,37.4,4.3,derek_cornelius_ca_can_1997_0,Derek Cornelius,1420,-0.5400331276484224,-1.1238249103352838,-1.0539729083519398,0.4034047289982124,-0.8269799145593018,-0.18343171129748215,0.17145286362136547,-1.1487375945779261,1,Stopper / Defensive Destroyer,"{""Defender Archetype 1 (Low PrgC)"": 0.9921, ""Defender Archetype 2 (High xAG)"": 0.0011, ""Defender Archetype 3 (Low npxG)"": 0.0068}",-1.971,-0.345
Derrick Köhn,de GER,1999.0,1343,27,2,2,0.7,1.6,16,39,36,20,10,15,25.0,Werder Bremen,de Bundesliga,"DF,FW",Defender,0.047,0.107,1.072,2.614,2.413,1.34,0.67,1.005,59.0,83.0,84.6,25.9,87.4,27.0,17.9,90.9,derrick_k_hn_de_ger_1999_0,Derrick Köhn,1343,-0.6127580677521849,0.09743828567406831,0.21289991129531424,-0.5882425241875517,0.5422903067098311,-0.4193194924449338,-0.2765278595829868,0.41047423947134326,0,Ball-Playing Defender,"{""Defender Archetype 1 (Low PrgC)"": 0.0, ""Defender Archetype 2 (High xAG)"": 0.9087, ""Defender Archetype 3 (Low npxG)"": 0.0913}",0.471,-0.177
Destiny Udogie,it ITA,2002.0,1924,25,0,1,0.3,1.5,16,121,54,75,22,13,21.0,Tottenham,eng Premier League,DF,Defender,0.014,0.07,0.748,5.66,2.526,3.508,1.029,0.608,16.6,69.3,71.5,91.6,90.1,98.7,52.9,76.3,destiny_udogie_it_ita_2002_0,Destiny Udogie,1924,-0.8527503700946013,-0.3499551623689616,-0.28889323487303586,1.1927465873713152,0.6292647502193377,2.406120891685871,0.46460153963527323,-0.20545322134214916,0,Ball-Playing Defender,"{""Defender Archetype 1 (Low PrgC)"": 0.0, ""Defender Archetype 2 (High xAG)"": 0.1318, ""Defender Archetype 3 (Low npxG)"": 0.8682}",-0.881,2.363
Devyne Rensch,nl NED,2003.0,469,14,0,1,0.3,0.8,2,14,2,17,7,0,21.0,Roma,it Serie A,DF,Defender,0.058,0.154,0.384,2.687,0.384,3.262,1.343,0.0,70.1,91.4,48.0,29.4,17.4,97.7,78.5,4.3,devyne_rensch_nl_ned_2003_0,Devyne Rensch,469,-0.532760633638046,0.6657488818368362,-0.8526361521732809,-0.5455595940681173,-1.0194012497573248,2.085522028910881,1.112831710539267,-1.1487375945779261,1,Stopper / Defensive Destroyer,"{""Defender Archetype 1 (Low PrgC)"": 0.0, ""Defender Archetype 2 (High xAG)"": 1.0, ""Defender Archetype 3 (Low npxG)"": 0.0}",-1.913,0.995
Diego,es ESP,2000.0,1195,28,3,0,3.8,0.2,6,16,9,1,2,4,24.0,Leganés,es La Liga,FW,Forward,0.286,0.015,0.452,1.205,0.678,0.075,0.151,0.301,57.5,1.6,4.4,14.2,8.4,0.9,23.3,8.0,diego_es_esp_2000_0,Diego,1195,1.12536800072774,-1.01499947702752,-0.7473215412490593,-1.412081545259923,-0.7931137595644496,-2.0679274656577884,-1.347965626140862,-0.6817497716437668,0,Clinical Finisher / Poacher,"{""Forward Archetype 1 (Low PrgC)"": 0.9995, ""Forward Archetype 2 (High PrgC)"": 0.0005}",-0.311,-3.382
Diego Carlos,br BRA,1993.0,830,10,0,0,0.6,0.0,0,34,3,8,5,2,31.0,Aston Villa,eng Premier League,DF,Defender,0.065,0.0,0.0,3.687,0.325,0.867,0.542,0.217,76.3,4.3,1.9,60.2,14.1,5.0,8.4,36.7,diego_carlos_br_bra_1993_0,Diego Carlos,830,-0.48185317556541224,-1.1963751992071265,-1.4473539550394734,0.03913807880084748,-1.0648126848640582,-1.0357555172114794,-0.5407745534546785,-0.8120719547881834,1,Stopper / Defensive Destroyer,"{""Defender Archetype 1 (Low PrgC)"": 0.9918, ""Defender Archetype 2 (High xAG)"": 0.0006, ""Defender Archetype 3 (Low npxG)"": 0.0076}",-1.758,-1.374
Diego Coppola,it ITA,2003.0,2927,34,2,0,0.7,0.1,3,48,4,66,72,1,20.0,Hellas Verona,it Serie A,DF,Defender,0.022,0.003,0.092,1.476,0.123,2.029,2.214,0.031,28.1,9.0,8.2,2.7,3.7,68.4,99.2,9.4,diego_coppola_it_ita_2003_0,Diego Coppola,2927,-0.7945704180115913,-1.1601000547712053,-1.3048694814361148,-1.2536284759124336,-1.220289123704061,0.47861797280696844,2.9109478852442945,-1.1006425031793914,1,Stopper / Defensive Destroyer,"{""Defender Archetype 1 (Low PrgC)"": 0.999, ""Defender Archetype 2 (High xAG)"": 0.0, ""Defender Archetype 3 (Low npxG)"": 0.001}",-3.47,0.106
Diego Gómez,py PAR,2003.0,516,16,1,0,0.9,0.7,8,27,8,21,8,6,21.0,Brighton,eng Premier League,MF,Midfielder,0.157,0.122,1.395,4.709,1.395,3.663,1.395,1.047,77.1,62.2,71.8,61.0,49.6,97.7,88.1,73.5,diego_g_mez_py_par_2003_0,Diego Gómez,516,0.1872162733892032,0.27881400785367505,0.7131443131853668,0.6366991004729294,-0.24124937021651904,2.6081242401823075,1.220181929924642,0.4756353310435516,1,Box-to-Box / Pressing Engine,"{""Midfielder Archetype 1 (Low xAG)"": 0.9994, ""Midfielder Archetype 2 (High xAG)"": 0.0006}",-0.237,2.324
Diego Llorente,es ESP,1993.0,2519,30,2,0,1.5,0.3,6,81,7,36,43,6,30.0,Betis,es La Liga,DF,Defender,0.054,0.011,0.214,2.894,0.25,1.286,1.536,0.214,65.7,20.6,25.8,35.8,9.8,23.5,88.0,36.4,diego_llorente_es_esp_1993_0,Diego Llorente,2519,-0.5618506096795511,-1.063366336275415,-1.1159226794838348,-0.42452717578424143,-1.1225390854234651,-0.4896948525662731,1.5112661786426773,-0.8167263184719126,1,Stopper / Defensive Destroyer,"{""Defender Archetype 1 (Low PrgC)"": 0.9948, ""Defender Archetype 2 (High xAG)"": 0.0, ""Defender Archetype 3 (Low npxG)"": 0.0052}",-2.421,-0.449
Diego López,es ESP,2002.0,2737,38,8,5,6.6,5.0,38,85,76,31,16,23,22.0,Valencia,es La Liga,"MF,FW",Midfielder,0.217,0.164,1.25,2.795,2.499,1.019,0.526,0.756,87.9,76.9,63.2,14.8,83.4,10.0,26.3,53.7,diego_l_pez_es_esp_2002_0,Diego López,2737,0.6235659140117785,0.7866660299565741,0.4885763928322472,-0.48241224539826905,0.6084832460179513,-0.8376619109440061,-0.5738053901886401,0.024162053721822906,0,Deep-Lying Playmaker,"{""Midfielder Archetype 1 (Low xAG)"": 0.0008, ""Midfielder Archetype 2 (High xAG)"": 0.9992}",1.357,-0.801
Diego Moreira,pt POR,2004.0,2568,32,2,7,2.0,7.3,30,87,99,44,35,57,19.0,Strasbourg,fr Ligue 1,"DF,MF",Defender,0.07,0.256,1.051,3.049,3.47,1.542,1.227,1.998,79.4,98.5,83.4,41.2,97.1,40.0,71.4,99.7,diego_moreira_pt_por_2004_0,Diego Moreira,2568,-0.4454907055135309,1.8991037926581622,0.18037628145106913,-0.333899036489552,1.3558477119270735,-0.15606351569473895,0.8733581442180467,1.9510686187856963,0,Ball-Playing Defender,"{""Defender Archetype 1 (Low PrgC)"": 0.0, ""Defender Archetype 2 (High xAG)"": 1.0, ""Defender Archetype 3 (Low npxG)"": 0.0}",1.874,1.13
Diego Rico,es ESP,1993.0,2819,33,0,3,0.4,2.7,36,136,27,81,34,6,31.0,Getafe,es La Liga,DF,Defender,0.013,0.086,1.149,4.342,0.862,2.586,1.085,0.192,15.6,74.7,86.4,76.9,43.2,90.1,58.6,33.3,diego_rico_es_esp_1993_0,Diego Rico,2819,-0.8600228641049775,-0.15648772537738123,0.33215322072421216,0.4221150545300193,-0.6514916568587045,1.204526779984486,0.5802094682041384,-0.8508583188192598,0,Ball-Playing Defender,"{""Defender Archetype 1 (Low PrgC)"": 0.0, ""Defender Archetype 2 (High xAG)"": 0.8711, ""Defender Archetype 3 (Low npxG)"": 0.1289}",-1.199,1.233
Dilane Bakwa,fr FRA,2002.0,2497,30,6,8,4.7,6.6,47,129,107,26,15,50,21.0,Strasbourg,fr Ligue 1,"MF,DF",Midfielder,0.169,0.238,1.694,4.65,3.857,0.937,0.541,1.802,79.7,91.8,80.9,59.0,95.2,8.1,28.2,92.9,dilane_bakwa_fr_fra_2002_0,Dilane Bakwa,2497,0.27448620151371833,1.6814529260426339,1.1762188523962822,0.6022019377736609,1.6537159388136133,-0.9445281985356693,-0.5428389807505511,1.646983524782058,0,Deep-Lying Playmaker,"{""Midfielder Archetype 1 (Low xAG)"": 0.0, ""Midfielder Archetype 2 (High xAG)"": 1.0}",3.126,0.611
Dimitri Foulquier,fr FRA,1993.0,2299,32,0,1,0.4,1.4,10,97,48,48,16,8,31.0,Valencia,es La Liga,DF,Defender,0.016,0.055,0.391,3.797,1.879,1.879,0.626,0.313,20.0,61.1,48.7,63.0,76.3,60.6,14.9,50.3,dimitri_foulquier_fr_fra_1993_0,Dimitri Foulquier,2299,-0.8382053820738488,-0.5313308845485685,-0.8417949422251992,0.1034548228164338,0.13127833472685382,0.283130861358804,-0.3673626606013809,-0.6631323169088502,1,Stopper / Defensive Destroyer,"{""Defender Archetype 1 (Low PrgC)"": 0.0, ""Defender Archetype 2 (High xAG)"": 0.0196, ""Defender Archetype 3 (Low npxG)"": 0.9804}",-1.014,0.039
Dimitris Giannoulis,gr GRE,1995.0,2650,31,1,4,1.1,4.2,42,104,60,47,47,29,28.0,Augsburg,de Bundesliga,DF,Defender,0.037,0.143,1.426,3.532,2.038,1.596,1.596,0.985,46.0,89.1,92.4,56.7,79.3,44.4,90.6,90.5,dimitris_giannoulis_gr_gre_1995_0,Dimitris Giannoulis,2650,-0.6854830078559474,0.5327400189051245,0.7611553858125854,-0.05149006049384195,0.2536583039127964,-0.08568815557339964,1.635131816395033,0.37944514824648234,0,Ball-Playing Defender,"{""Defender Archetype 1 (Low PrgC)"": 0.0, ""Defender Archetype 2 (High xAG)"": 0.9991, ""Defender Archetype 3 (Low npxG)"": 0.0009}",0.079,1.185
Diogo Dalot,pt POR,1999.0,2814,33,0,3,2.0,2.0,26,103,62,68,37,27,25.0,Manchester Utd,eng Premier League,DF,Defender,0.064,0.064,0.832,3.294,1.983,2.175,1.183,0.864,75.3,66.5,75.4,49.2,78.5,74.0,66.5,87.6,diogo_dalot_pt_por_1999_0,Diogo Dalot,2814,-0.4891256695757885,-0.42250545124080435,-0.1587987154960563,-0.19064810663665557,0.21132561016923154,0.6688920946165151,0.7825233431996526,0.19171914633607276,0,Ball-Playing Defender,"{""Defender Archetype 1 (Low PrgC)"": 0.0, ""Defender Archetype 2 (High xAG)"": 0.1932, ""Defender Archetype 3 (Low npxG)"": 0.8068}",-0.646,0.687
Diogo Jota,pt POR,1996.0,1196,26,6,3,7.9,1.8,11,34,37,14,8,11,27.0,Liverpool,eng Premier League,FW,Forward,0.594,0.135,0.828,2.559,2.784,1.054,0.602,0.828,95.1,51.0,25.1,62.1,63.0,50.8,88.9,43.5,diogo_jota_pt_por_1996_0,Diogo Jota,1196,3.3652961559236263,0.4360063004093344,-0.1649936926092458,-0.6204008961953447,0.8278435681436975,-0.7920482516061009,-0.41690891570232314,0.13586678213132275,0,Clinical Finisher / Poacher,"{""Forward Archetype 1 (Low PrgC)"": 0.9989, ""Forward Archetype 2 (High PrgC)"": 0.0011}",1.854,-2.049
Diogo Leite,pt POR,1999.0,2546,30,1,2,1.4,1.0,13,116,20,64,57,10,25.0,Union Berlin,de Bundesliga,DF,Defender,0.049,0.035,0.46,4.101,0.707,2.262,2.015,0.353,60.3,49.1,54.6,71.2,35.0,78.1,97.7,54.6,diogo_leite_pt_por_1999_0,Diogo Leite,2546,-0.5982130797314323,-0.7731651807880441,-0.7349315870226802,0.281202915368599,-0.770792884681479,0.7822746192564508,2.500126853365649,-0.601074134459128,1,Stopper / Defensive Destroyer,"{""Defender Archetype 1 (Low PrgC)"": 0.6665, ""Defender Archetype 2 (High xAG)"": 0.0009, ""Defender Archetype 3 (Low npxG)"": 0.3326}",-2.41,1.212
Djaoui Cissé,fr FRA,2004.0,1121,14,1,0,0.4,0.2,6,84,16,33,13,13,20.0,Rennes,fr Ligue 1,MF,Midfielder,0.032,0.016,0.482,6.744,1.285,2.649,1.044,1.044,14.1,4.2,11.6,89.4,46.1,82.1,68.7,73.2,djaoui_ciss__fr_fra_2004_0,Djaoui Cissé,1121,-0.7218454779078287,-1.002907762215546,-0.700859212900138,1.8265588647612727,-0.3259147577036493,1.2866313667927154,0.4955679490733624,0.4709809673598226,1,Box-to-Box / Pressing Engine,"{""Midfielder Archetype 1 (Low xAG)"": 0.9808, ""Midfielder Archetype 2 (High xAG)"": 0.0192}",-1.236,1.804
Djed Spence,eng ENG,2000.0,1792,25,1,2,0.6,1.8,11,105,59,47,21,38,23.0,Tottenham,eng Premier League,DF,Defender,0.03,0.09,0.552,5.273,2.963,2.36,1.055,1.908,38.6,76.5,62.4,88.5,94.3,81.8,55.5,99.5,djed_spence_eng_eng_2000_0,Djed Spence,1792,-0.7363904659285812,-0.10812086612948604,-0.5924471134193215,0.9664685879710255,0.9656172441454823,0.9099928654025848,0.5182766493279607,1.8114377082738213,0,Ball-Playing Defender,"{""Defender Archetype 1 (Low PrgC)"": 0.0, ""Defender Archetype 2 (High xAG)"": 1.0, ""Defender Archetype 3 (Low npxG)"": 0.0}",0.311,1.752
Djené,tg TOG,1991.0,2548,31,0,0,0.3,0.6,9,74,18,25,21,7,32.0,Getafe,es La Liga,"DF,MF",Defender,0.011,0.021,0.318,2.614,0.636,0.883,0.742,0.247,12.6,34.5,40.8,25.9,31.8,6.0,24.1,41.2,djen__tg_tog_1991_0,Djené,2548,-0.8745678521257301,-0.942449188155677,-0.9548532745409076,-0.5882425241875517,-0.8254405438777174,-1.0149035586570085,-0.12788909428016032,-0.7655283179508917,1,Stopper / Defensive Destroyer,"{""Defender Archetype 1 (Low PrgC)"": 0.9738, ""Defender Archetype 2 (High xAG)"": 0.0004, ""Defender Archetype 3 (Low npxG)"": 0.0258}",-1.609,-1.184
Djibril Sidibé,fr FRA,1992.0,2101,28,0,3,0.4,2.9,18,121,16,65,20,11,32.0,Toulouse,fr Ligue 1,DF,Defender,0.017,0.124,0.771,5.183,0.685,2.784,0.857,0.471,21.3,85.5,72.7,87.7,33.9,93.5,34.1,66.4,djibril_sidib__fr_fra_1992_0,Djibril Sidibé,2101,-0.8309328880634725,0.30299743747762264,-0.25327211647219616,0.9138457974128188,-0.7877259621789049,1.4625697670960631,0.10952004474518766,-0.4180024962324476,0,Ball-Playing Defender,"{""Defender Archetype 1 (Low PrgC)"": 0.0, ""Defender Archetype 2 (High xAG)"": 0.9999, ""Defender Archetype 3 (Low npxG)"": 0.0001}",-0.982,1.426
Djibril Sow,ch SUI,1997.0,2062,30,2,1,2.4,1.6,21,100,23,25,28,10,27.0,Sevilla,es La Liga,MF,Midfielder,0.105,0.07,0.917,4.365,1.004,1.091,1.222,0.436,59.4,36.4,43.5,51.9,29.7,11.6,77.4,25.9,djibril_sow_ch_sui_1997_0,Djibril Sow,2062,-0.1909534151503621,-0.3499551623689616,-0.027155451840779155,0.4355631010060058,-0.5421963384662273,-0.7438280974488871,0.8630360077386835,-0.4723034058759545,1,Box-to-Box / Pressing Engine,"{""Midfielder Archetype 1 (Low xAG)"": 0.9981, ""Midfielder Archetype 2 (High xAG)"": 0.0019}",-0.792,0.023
Dodi Lukebakio,be BEL,1997.0,3092,38,11,2,9.3,4.5,54,93,131,22,11,84,26.0,Sevilla,es La Liga,FW,Forward,0.271,0.131,1.572,2.707,3.813,0.64,0.32,2.445,53.9,48.9,75.3,64.9,80.9,28.3,56.5,94.5,dodi_lukebakio_be_bel_1997_0,Dodi Lukebakio,3092,1.0162805905720964,0.3876394411614392,0.9872720504440025,-0.533865640610738,1.6198497838187613,-1.331592679203035,-0.9990774131383939,2.6445688076613414,1,Dynamic Winger / Dribbler,"{""Forward Archetype 1 (Low PrgC)"": 0.0038, ""Forward Archetype 2 (High PrgC)"": 0.9962}",3.232,-0.808
Dodô,br BRA,1998.0,3025,34,0,4,1.4,4.2,36,128,143,44,34,52,25.0,Fiorentina,it Serie A,DF,Defender,0.042,0.125,1.071,3.808,4.255,1.309,1.012,1.547,52.5,85.7,84.5,63.3,98.9,25.1,51.1,97.5,dod__br_bra_1998_0,Dodô,3025,-0.6491205378040661,0.31508915228959644,0.2113511670170167,0.10988649721799222,1.960050704448866,-0.4597201621442213,0.4295062756054394,1.2513626116650787,0,Ball-Playing Defender,"{""Defender Archetype 1 (Low PrgC)"": 0.0, ""Defender Archetype 2 (High xAG)"": 1.0, ""Defender Archetype 3 (Low npxG)"": 0.0}",1.307,0.864
Domagoj Bradarić,hr CRO,1999.0,1933,28,1,0,0.8,2.2,25,46,30,36,15,15,24.0,Hellas Verona,it Serie A,DF,Defender,0.037,0.102,1.164,2.142,1.397,1.676,0.698,0.698,46.0,80.5,86.6,13.6,60.3,49.4,20.1,80.5,domagoj_bradari__hr_cro_1999_0,Domagoj Bradarić,1933,-0.6854830078559474,0.036979711614199336,0.3553843848986727,-0.8642198257817031,-0.23970999953493485,0.018571637198954587,-0.21872389529855443,-0.06582231083027433,0,Ball-Playing Defender,"{""Defender Archetype 1 (Low PrgC)"": 0.0, ""Defender Archetype 2 (High xAG)"": 0.9114, ""Defender Archetype 3 (Low npxG)"": 0.0886}",-0.152,-0.228
Domingos André Ribeiro Almeida,pt POR,2000.0,1977,34,0,4,1.2,3.2,43,142,45,48,8,22,24.0,Valencia,es La Liga,"MF,FW",Midfielder,0.055,0.146,1.958,6.464,2.049,2.185,0.364,1.002,30.5,71.6,89.2,86.2,69.8,64.8,11.9,70.6,domingos_andr__ribeiro_almeida_pt_por_2000_0,Domingos André Ribeiro Almeida,1977,-0.5545781156691748,0.5690151633410458,1.5850873418667897,1.6628435163579631,0.26212484266150954,0.6819245687130597,-0.9082426121199999,0.40581987578761425,0,Deep-Lying Playmaker,"{""Midfielder Archetype 1 (Low xAG)"": 0.5631, ""Midfielder Archetype 2 (High xAG)"": 0.4369}",1.349,1.709
Domingos Duarte,pt POR,1995.0,1859,22,1,0,0.2,0.1,2,47,3,28,18,0,29.0,Getafe,es La Liga,DF,Defender,0.01,0.005,0.097,2.275,0.145,1.356,0.871,0.0,11.0,11.5,8.7,16.8,4.5,28.6,35.7,4.3,domingos_duarte_pt_por_1995_0,Domingos Duarte,1859,-0.8818403461361063,-1.1359166251472577,-1.297125760044628,-0.7864550352901307,-1.203356046206635,-0.3984675338904629,0.13842202688740396,-1.1487375945779261,1,Stopper / Defensive Destroyer,"{""Defender Archetype 1 (Low PrgC)"": 0.9963, ""Defender Archetype 2 (High xAG)"": 0.0001, ""Defender Archetype 3 (Low npxG)"": 0.0036}",-2.375,-1.102
Dominic Calvert-Lewin,eng ENG,1997.0,1609,26,3,1,6.7,0.6,7,20,23,9,7,10,27.0,Everton,eng Premier League,FW,Forward,0.375,0.034,0.392,1.119,1.287,0.503,0.392,0.559,76.2,6.2,2.8,12.0,27.7,17.7,67.8,24.4,dominic_calvert_lewin_eng_eng_1997_0,Dominic Calvert-Lewin,1609,1.7726199676512269,-0.7852568956000179,-0.8402461979469018,-1.462365545126654,-0.32437538702206514,-1.510137574325692,-0.8504386478355673,-0.2814744948430587,0,Clinical Finisher / Poacher,"{""Forward Archetype 1 (Low PrgC)"": 0.9991, ""Forward Archetype 2 (High PrgC)"": 0.0009}",0.051,-3.035
Dominic Solanke,eng ENG,1997.0,2201,27,9,3,10.1,2.9,14,47,31,18,1,17,26.0,Tottenham,eng Premier League,FW,Forward,0.413,0.119,0.572,1.922,1.268,0.736,0.041,0.695,80.9,44.0,9.3,39.7,27.5,35.1,6.9,34.8,dominic_solanke_eng_eng_1997_0,Dominic Solanke,2201,2.0489747400455243,0.2425388634177537,-0.5614722278533741,-0.9928533138128753,-0.33899940849711485,-1.2064809278762099,-1.575052628686847,-0.0704766745140035,0,Clinical Finisher / Poacher,"{""Forward Archetype 1 (Low PrgC)"": 0.999, ""Forward Archetype 2 (High PrgC)"": 0.001}",1.031,-2.734
Dominik Kohr,de GER,1994.0,2295,28,2,0,1.6,0.6,11,101,26,62,42,5,30.0,Mainz 05,de Bundesliga,"DF,MF",Defender,0.063,0.024,0.431,3.961,1.02,2.431,1.647,0.196,74.2,37.2,52.3,66.8,50.3,83.8,92.0,34.2,dominik_kohr_de_ger_1994_0,Dominik Kohr,2295,-0.4963981635861648,-0.9061740437197559,-0.7798451710933041,0.19934524116694385,-0.5298813730135539,1.0025234314880496,1.7404176084845349,-0.8446525005742876,1,Stopper / Defensive Destroyer,"{""Defender Archetype 1 (Low PrgC)"": 0.8739, ""Defender Archetype 2 (High xAG)"": 0.0046, ""Defender Archetype 3 (Low npxG)"": 0.1214}",-2.237,0.929
Dominik Szoboszlai,hu HUN,2000.0,2491,36,6,6,7.3,7.4,56,131,72,38,9,21,23.0,Liverpool,eng Premier League,MF,Midfielder,0.264,0.267,2.023,4.733,2.601,1.373,0.325,0.759,91.3,96.0,90.7,61.7,85.1,22.4,9.5,54.4,dominik_szoboszlai_hu_hun_2000_0,Dominik Szoboszlai,2491,0.9653731324994625,2.032112655589874,1.6857557199561195,0.6507318446217846,0.6869911507787447,-0.37631232792633773,-0.988755276659031,0.02881641740555207,0,Deep-Lying Playmaker,"{""Midfielder Archetype 1 (Low xAG)"": 0.0, ""Midfielder Archetype 2 (High xAG)"": 1.0}",2.729,0.272
Donny van de Beek,nl NED,1997.0,1421,26,2,2,1.5,3.2,18,45,17,29,10,6,27.0,Girona,es La Liga,MF,Midfielder,0.095,0.203,1.14,2.85,1.077,1.837,0.633,0.38,55.1,86.2,56.3,15.9,33.2,49.2,35.8,20.7,donny_van_de_beek_nl_ned_1997_0,Donny van de Beek,1421,-0.2636783552541246,1.2582429076235517,0.3182145222195356,-0.4502538733904759,-0.4860093085884046,0.2283944701533179,-0.35291166953027275,-0.5591848613055656,1,Box-to-Box / Pressing Engine,"{""Midfielder Archetype 1 (Low xAG)"": 0.0052, ""Midfielder Archetype 2 (High xAG)"": 0.9948}",0.254,-0.022
Donyell Malen,nl NED,1999.0,919,28,6,0,5.1,0.4,4,23,35,7,3,15,25.0,"Aston Villa, Dortmund","eng Premier League, de Bundesliga","FW,MF",Forward,0.499,0.039,0.392,2.252,3.428,0.686,0.294,1.469,90.1,6.9,2.8,51.4,76.5,32.2,50.8,71.8,donyell_malen_nl_ned_1999_0,Donyell Malen,919,2.6744092249378824,-0.724798321540149,-0.8402461979469018,-0.799903081766117,1.3235209276138054,-1.2716432983589312,-1.0527525228310814,1.1303491558881207,0,Clinical Finisher / Poacher,"{""Forward Archetype 1 (Low PrgC)"": 0.9762, ""Forward Archetype 2 (High PrgC)"": 0.0238}",1.702,-2.492
Douglas,br BRA,1997.0,2307,28,4,2,3.4,1.5,15,125,14,69,32,12,27.0,Nantes,fr Ligue 1,MF,Midfielder,0.133,0.059,0.585,4.876,0.546,2.692,1.248,0.468,69.2,28.2,18.2,65.2,9.0,83.1,80.1,29.7,douglas_br_bra_1997_0,Douglas,2307,0.01267641714017313,-0.48296402530067334,-0.5413385522355083,0.7343436118420469,-0.8947122245490058,1.342671005407856,0.9167111174313709,-0.4226568599161767,1,Box-to-Box / Pressing Engine,"{""Midfielder Archetype 1 (Low xAG)"": 0.9924, ""Midfielder Archetype 2 (High xAG)"": 0.0076}",-1.51,1.009
Douglas Luiz,br BRA,1998.0,529,19,0,0,0.6,1.0,15,35,16,13,4,11,26.0,Juventus,it Serie A,MF,Midfielder,0.102,0.17,2.552,5.955,2.722,2.212,0.681,1.871,57.9,78.9,96.9,80.6,86.5,66.7,40.3,94.5,douglas_luiz_br_bra_1998_0,Douglas Luiz,529,-0.21277089718149086,0.8592163188284169,2.5050414431754313,1.3652324008676597,0.7801230770145879,0.7171122487737296,-0.2538191593283883,1.7540338895078285,0,Deep-Lying Playmaker,"{""Midfielder Archetype 1 (Low xAG)"": 0.0001, ""Midfielder Archetype 2 (High xAG)"": 0.9999}",2.516,2.222
Duje Ćaleta-Car,hr CRO,1996.0,1584,19,1,0,2.1,0.1,2,46,4,20,17,1,27.0,Lyon,fr Ligue 1,DF,Defender,0.119,0.006,0.114,2.614,0.227,1.136,0.966,0.057,95.1,13.0,10.9,25.9,8.4,15.2,45.5,11.7,duje__aleta_car_hr_cro_1996_0,Duje Ćaleta-Car,1584,-0.08913849900509453,-1.1238249103352838,-1.2707971073135726,-0.5882425241875517,-1.1402418482616832,-0.6851819640144378,0.3345426199953001,-1.060304684587072,1,Stopper / Defensive Destroyer,"{""Defender Archetype 1 (Low PrgC)"": 0.9994, ""Defender Archetype 2 (High xAG)"": 0.0006, ""Defender Archetype 3 (Low npxG)"": 0.0}",-2.047,-1.355
Duván Zapata,co COL,1991.0,587,7,3,0,3.4,0.5,9,7,6,7,2,1,33.0,Torino,it Serie A,FW,Forward,0.521,0.077,1.38,1.073,0.92,1.073,0.307,0.153,91.6,21.3,64.0,9.8,15.7,53.0,52.8,2.2,duv_n_zapata_co_col_1991_0,Duván Zapata,587,2.8344040931661603,-0.2653131586851452,0.689913149010906,-1.4892616380786263,-0.6068499070927631,-0.7672865508226668,-1.0259149679847377,-0.9113650467077389,0,Clinical Finisher / Poacher,"{""Forward Archetype 1 (Low PrgC)"": 0.9927, ""Forward Archetype 2 (High PrgC)"": 0.0073}",0.866,-2.844
Dušan Vlahović,rs SRB,2000.0,1784,29,10,4,9.2,1.3,15,22,27,4,1,9,24.0,Juventus,it Serie A,FW,Forward,0.464,0.066,0.757,1.11,1.362,0.202,0.05,0.454,86.7,15.6,21.3,11.1,29.3,3.3,7.3,18.2,du_an_vlahovi__rs_srb_2000_0,Dušan Vlahović,1784,2.4198719345747137,-0.3983220216168568,-0.2749545363683594,-1.4676278241824747,-0.26664898646265806,-1.9024150446316757,-1.5564727830239935,-0.44437722377357947,0,Clinical Finisher / Poacher,"{""Forward Archetype 1 (Low PrgC)"": 1.0, ""Forward Archetype 2 (High PrgC)"": 0.0}",0.953,-3.579
Dwight McNeil,eng ENG,1999.0,1371,21,4,6,1.1,5.2,37,69,38,13,6,24,24.0,Everton,eng Premier League,"MF,FW",Midfielder,0.072,0.341,2.429,4.53,2.495,0.853,0.394,1.575,40.6,99.3,95.7,56.7,83.1,5.8,15.3,89.1,dwight_mcneil_eng_eng_1999_0,Dwight McNeil,1371,-0.4309457174927785,2.9268995516759344,2.314545896944854,0.532038217029385,0.605404504654783,-1.0540009809466415,-0.846309793243822,1.2948033393798843,0,Deep-Lying Playmaker,"{""Midfielder Archetype 1 (Low xAG)"": 0.0, ""Midfielder Archetype 2 (High xAG)"": 1.0}",3.505,0.936
Dylan Batubinsika,cd COD,1996.0,2016,25,1,0,0.8,0.2,4,51,11,26,39,6,28.0,Saint-Étienne,fr Ligue 1,DF,Defender,0.036,0.009,0.179,2.277,0.491,1.161,1.741,0.268,45.2,17.1,20.0,17.0,23.1,16.3,94.0,44.0,dylan_batubinsika_cd_cod_1996_0,Dylan Batubinsika,2016,-0.6927555018663236,-1.0875497658993627,-1.170128729224243,-0.7852856399443927,-0.9370449182925707,-0.6526007787730769,1.9344737742965588,-0.7329477721647876,1,Stopper / Defensive Destroyer,"{""Defender Archetype 1 (Low PrgC)"": 0.9965, ""Defender Archetype 2 (High xAG)"": 0.0, ""Defender Archetype 3 (Low npxG)"": 0.0035}",-2.522,-0.49
Désiré Doué,fr FRA,2005.0,1730,31,6,6,5.1,7.8,55,139,97,48,13,57,19.0,Paris S-G,fr Ligue 1,"FW,MF",Forward,0.265,0.406,2.861,7.231,5.046,2.497,0.676,2.965,51.4,98.0,97.8,99.6,92.0,97.3,92.5,98.0,d_sir__dou__fr_fra_2005_0,Désiré Doué,1730,0.9726456265098389,3.71286101445423,2.983603425169321,2.1113066314484588,2.5688718090154117,1.0885377605252418,-0.26414129580775125,3.45132517950773,1,Dynamic Winger / Dribbler,"{""Forward Archetype 1 (Low PrgC)"": 0.0, ""Forward Archetype 2 (High PrgC)"": 1.0}",5.834,3.502
Eberechi Eze,eng ENG,1998.0,2588,34,8,8,8.9,6.2,58,97,69,39,11,67,26.0,Crystal Palace,eng Premier League,"MF,FW",Midfielder,0.31,0.216,2.017,3.373,2.4,1.356,0.383,2.33,94.9,88.9,90.5,26.9,80.6,21.2,14.0,98.5,eberechi_eze_eng_eng_1998_0,Eberechi Eze,2588,1.2999078569767701,1.4154352001792108,1.6764632542863347,-0.14445699048000724,0.532284397279534,-0.3984675338904629,-0.8690184934984206,2.4661515331183903,0,Deep-Lying Playmaker,"{""Midfielder Archetype 1 (Low xAG)"": 0.0, ""Midfielder Archetype 2 (High xAG)"": 1.0}",3.38,-0.051
Eddie Nketiah,eng ENG,1999.0,1034,29,3,1,5.8,1.7,13,19,41,15,3,11,25.0,Crystal Palace,eng Premier League,"FW,MF",Forward,0.505,0.148,1.132,1.654,3.569,1.306,0.261,0.957,90.9,57.0,48.1,28.8,78.5,70.3,45.2,48.9,eddie_nketiah_eng_eng_1999_0,Eddie Nketiah,1034,2.71804418900014,0.5931985929649934,0.30582456799315655,-1.1495522901417579,1.4320465606654904,-0.46362990437318446,-1.1208786235948767,0.3360044205316768,0,Clinical Finisher / Poacher,"{""Forward Archetype 1 (Low PrgC)"": 0.98, ""Forward Archetype 2 (High PrgC)"": 0.02}",2.417,-1.901
Edimilson Fernandes,ch SUI,1996.0,1105,19,0,1,0.4,0.6,8,40,7,9,20,3,28.0,Brest,fr Ligue 1,"MF,DF",Midfielder,0.033,0.049,0.652,3.258,0.57,0.733,1.629,0.244,15.3,21.7,23.5,24.5,9.8,3.3,94.9,12.1,edimilson_fernandes_ch_sui_1996_0,Edimilson Fernandes,1105,-0.7145729838974524,-0.6038811734204111,-0.43757268558958395,-0.21169722285993833,-0.8762397763699957,-1.2103906701051732,1.7032579171588282,-0.7701826816346209,1,Box-to-Box / Pressing Engine,"{""Midfielder Archetype 1 (Low xAG)"": 1.0, ""Midfielder Archetype 2 (High xAG)"": 0.0}",-1.763,-0.286
Edmond Tapsoba,bf BFA,1999.0,2507,29,0,0,1.1,0.2,4,164,52,39,24,11,25.0,Leverkusen,de Bundesliga,DF,Defender,0.039,0.007,0.144,5.888,1.867,1.4,0.862,0.395,48.2,14.0,15.2,93.0,75.9,32.0,34.8,58.7,edmond_tapsoba_bf_bfa_1999_0,Edmond Tapsoba,2507,-0.6709380198351949,-1.11173319552331,-1.2243347789646513,1.326057656785439,0.1220421106373487,-0.3411246478656682,0.11984218122455063,-0.5359130428869197,1,Stopper / Defensive Destroyer,"{""Defender Archetype 1 (Low PrgC)"": 0.5032, ""Defender Archetype 2 (High xAG)"": 0.065, ""Defender Archetype 3 (Low npxG)"": 0.4318}",-1.335,0.32
Edoardo Bove,it ITA,2002.0,836,11,1,2,0.6,1.5,11,37,12,24,6,7,22.0,Fiorentina,it Serie A,"MF,FW",Midfielder,0.065,0.161,1.184,3.983,1.292,2.584,0.646,0.754,36.7,76.2,60.2,41.8,46.3,80.1,37.1,53.6,edoardo_bove_it_ita_2002_0,Edoardo Bove,836,-0.48185317556541224,0.7503908855206527,0.3863592704646202,0.2122085899700612,-0.32052696031810457,1.2019202851651776,-0.32607411468392905,0.021059144599336794,1,Box-to-Box / Pressing Engine,"{""Midfielder Archetype 1 (Low xAG)"": 0.9003, ""Midfielder Archetype 2 (High xAG)"": 0.0997}",0.146,0.978
Edoardo Goldaniga,it ITA,1993.0,2532,32,1,0,2.5,0.3,4,81,20,34,33,3,30.0,Como,it Serie A,DF,Defender,0.089,0.011,0.142,2.879,0.711,1.209,1.173,0.107,88.0,20.6,15.0,35.3,35.6,19.1,65.4,19.2,edoardo_goldaniga_it_ita_1993_0,Edoardo Goldaniga,2532,-0.30731331931638217,-1.063366336275415,-1.227432267521246,-0.43329764087727596,-0.7677141433183106,-0.5900449031096642,0.7618790702409267,-0.9827319565249194,1,Stopper / Defensive Destroyer,"{""Defender Archetype 1 (Low PrgC)"": 0.9996, ""Defender Archetype 2 (High xAG)"": 0.0002, ""Defender Archetype 3 (Low npxG)"": 0.0003}",-2.033,-0.877
Edon Zhegrova,xk KVX,1999.0,978,12,4,1,2.3,2.2,16,54,37,5,4,23,25.0,Lille,fr Ligue 1,"FW,MF",Forward,0.212,0.202,1.472,4.969,3.405,0.46,0.368,2.117,33.4,78.0,70.7,94.2,75.7,16.2,63.2,89.0,edon_zhegrova_xk_kvx_1999_0,Edon Zhegrova,978,0.5872034439598972,1.246151192811578,0.8323976226142648,0.7887204954188606,1.305818164775587,-1.5661772129408327,-0.8999849029365096,2.13569171157362,1,Dynamic Winger / Dribbler,"{""Forward Archetype 1 (Low PrgC)"": 0.0, ""Forward Archetype 2 (High PrgC)"": 1.0}",3.162,-0.017
Edson Álvarez,mx MEX,1997.0,1772,28,0,1,0.4,0.8,12,85,24,50,18,14,26.0,West Ham,eng Premier League,MF,Midfielder,0.02,0.041,0.609,4.317,1.219,2.54,0.914,0.711,6.6,17.1,20.1,50.7,42.5,79.0,59.7,49.8,edson__lvarez_mx_mex_1997_0,Edson Álvarez,1772,-0.8091154060323437,-0.7006148919162014,-0.5041686895563712,0.4074976127082955,-0.37671399019592733,1.1445773991403825,0.2271924006099255,-0.0456534015341146,1,Box-to-Box / Pressing Engine,"{""Midfielder Archetype 1 (Low xAG)"": 0.9975, ""Midfielder Archetype 2 (High xAG)"": 0.0025}",-1.234,0.912
Edu Expósito,es ESP,1996.0,1045,19,0,2,1.0,3.2,28,64,23,23,15,15,27.0,Espanyol,es La Liga,MF,Midfielder,0.086,0.276,2.411,5.512,1.981,1.981,1.292,1.292,49.8,97.0,95.4,75.1,68.5,54.6,81.8,80.9,edu_exp_sito_es_esp_1996_0,Edu Expósito,1045,-0.32913080134751094,2.1409380888976384,2.286668499935501,1.1062113317867082,0.20978623948764735,0.416062097143556,1.007545918449765,0.8557416985481001,0,Deep-Lying Playmaker,"{""Midfielder Archetype 1 (Low xAG)"": 0.0005, ""Midfielder Archetype 2 (High xAG)"": 0.9995}",1.971,2.392
Eduardo Camavinga,fr FRA,2002.0,1102,19,1,2,0.4,0.8,11,61,26,42,18,15,21.0,Real Madrid,es La Liga,"MF,DF",Midfielder,0.033,0.065,0.898,4.982,2.123,3.43,1.47,1.225,15.3,33.1,41.8,66.5,71.6,96.7,91.2,78.9,eduardo_camavinga_fr_fra_2002_0,Eduardo Camavinga,1102,-0.7145729838974524,-0.4104137364288306,-0.056581593128429336,0.7963215651661572,0.3190815578801246,2.3044675937328254,1.3750139771150862,0.7517942429448156,1,Box-to-Box / Pressing Engine,"{""Midfielder Archetype 1 (Low xAG)"": 0.9985, ""Midfielder Archetype 2 (High xAG)"": 0.0015}",-0.824,2.508
El Chadaille Bitshiabu,fr FRA,2005.0,1130,21,0,0,0.3,0.4,5,69,4,27,13,2,19.0,RB Leipzig,de Bundesliga,DF,Defender,0.024,0.032,0.398,5.496,0.319,2.15,1.035,0.159,30.6,46.3,49.1,90.9,13.6,72.5,53.3,29.7,el_chadaille_bitshiabu_fr_fra_2005_0,El Chadaille Bitshiabu,1130,-0.7800254299908388,-0.8094403252239655,-0.8309537322771176,1.0968561690208052,-1.0694307969088108,0.6363109093751546,0.4769881034105088,-0.9020563193402805,1,Stopper / Defensive Destroyer,"{""Defender Archetype 1 (Low PrgC)"": 0.8421, ""Defender Archetype 2 (High xAG)"": 0.0162, ""Defender Archetype 3 (Low npxG)"": 0.1417}",-2.015,0.767
Eldor Shomurodov,uz UZB,1995.0,1097,27,4,4,4.7,1.3,17,21,19,14,3,8,29.0,Roma,it Serie A,"FW,MF",Forward,0.386,0.107,1.395,1.723,1.559,1.149,0.246,0.656,77.6,38.4,65.4,30.2,36.6,60.8,42.5,31.3,eldor_shomurodov_uz_uzb_1995_0,Eldor Shomurodov,1097,1.8526174017653656,0.09743828567406831,0.7131443131853668,-1.1092081507137992,-0.1150209743266159,-0.66823974768893,-1.1518450330329657,-0.1309834024024825,0,Clinical Finisher / Poacher,"{""Forward Archetype 1 (Low PrgC)"": 0.9906, ""Forward Archetype 2 (High PrgC)"": 0.0094}",1.297,-1.977
Elias Saad,tn TUN,1999.0,900,18,3,2,2.8,0.8,14,27,29,20,3,16,24.0,St. Pauli,de Bundesliga,"FW,MF",Forward,0.28,0.08,1.4,2.7,2.9,2.0,0.3,1.6,55.8,23.5,65.7,64.5,64.7,93.1,52.0,77.6,elias_saad_tn_tun_1999_0,Elias Saad,900,1.0817330366654827,-0.22903801424922382,0.7208880345768535,-0.5379585243208206,0.9171270676755804,0.44082379792699006,-1.0403659590558458,1.333589703410961,1,Dynamic Winger / Dribbler,"{""Forward Archetype 1 (Low PrgC)"": 0.0771, ""Forward Archetype 2 (High PrgC)"": 0.9229}",1.735,-0.41
Eliesse Ben Seghir,ma MAR,2005.0,1750,33,6,3,4.1,5.2,33,122,85,31,13,35,19.0,Monaco,fr Ligue 1,"MF,FW",Midfielder,0.211,0.267,1.697,6.274,4.371,1.594,0.669,1.8,87.1,96.0,81.4,84.7,97.5,33.9,38.8,92.7,eliesse_ben_seghir_ma_mar_2005_0,Eliesse Ben Seghir,1750,0.5799309499495209,2.032112655589874,1.1808650852311746,1.5517509585128595,2.049334203980749,-0.0882946503927085,-0.2785922868788594,1.6438806156595718,0,Deep-Lying Playmaker,"{""Midfielder Archetype 1 (Low xAG)"": 0.0, ""Midfielder Archetype 2 (High xAG)"": 1.0}",3.37,1.678
Elif Elmas,mk MKD,1999.0,1065,15,4,0,1.7,0.4,9,36,42,13,6,14,24.0,"Torino, RB Leipzig","it Serie A, de Bundesliga","FW,MF",Forward,0.144,0.034,0.761,3.042,3.549,1.099,0.507,1.183,12.5,6.2,21.5,72.3,78.3,56.5,81.7,60.1,elif_elmas_mk_mkd_1999_0,Elif Elmas,1065,0.09267385125431181,-0.7852568956000179,-0.2687595592551699,-0.3379919201996348,1.4166528538496486,-0.7334021181716516,-0.6130295088102193,0.6866331513726072,0,Clinical Finisher / Poacher,"{""Forward Archetype 1 (Low PrgC)"": 0.0379, ""Forward Archetype 2 (High PrgC)"": 0.9621}",0.747,-0.688
Elisha Owusu,gh GHA,1997.0,2344,28,1,3,0.4,1.0,14,78,8,73,42,9,26.0,Auxerre,fr Ligue 1,MF,Midfielder,0.015,0.038,0.538,2.995,0.307,2.803,1.613,0.346,4.7,15.0,14.1,19.4,2.8,86.6,94.2,18.2,elisha_owusu_gh_gha_1997_0,Elisha Owusu,2344,-0.845477876084225,-0.7368900363521228,-0.6141295333154848,-0.365472710824476,-1.078667020998316,1.4873314678794975,1.670227080424867,-0.6119343163878295,1,Box-to-Box / Pressing Engine,"{""Midfielder Archetype 1 (Low xAG)"": 1.0, ""Midfielder Archetype 2 (High xAG)"": 0.0}",-2.432,0.994
Elliot Anderson,eng ENG,2002.0,2728,37,2,6,2.1,3.3,37,143,52,92,31,36,21.0,Nott'ham Forest,eng Premier League,MF,Midfielder,0.069,0.109,1.221,4.718,1.716,3.035,1.023,1.188,38.3,57.1,61.4,61.2,62.2,91.4,67.5,77.9,elliot_anderson_eng_eng_2002_0,Elliot Anderson,2728,-0.4527631995239072,0.1216217152980159,0.4436628087616234,0.6419613795287502,0.005819624177742679,1.7896848669193257,0.45221497586003767,0.6943904241788222,1,Box-to-Box / Pressing Engine,"{""Midfielder Archetype 1 (Low xAG)"": 0.9948, ""Midfielder Archetype 2 (High xAG)"": 0.0052}",-0.038,1.852
Ellyes Skhiri,tn TUN,1995.0,2231,30,1,2,1.4,1.4,22,105,17,40,31,11,29.0,Eint Frankfurt,de Bundesliga,MF,Midfielder,0.056,0.056,0.887,4.236,0.686,1.614,1.251,0.444,31.2,26.5,41.3,48.4,14.9,35.0,80.4,26.7,ellyes_skhiri_tn_tun_1995_0,Ellyes Skhiri,2231,-0.5473056216587986,-0.5192391697365947,-0.07361778018970049,0.3601371012059091,-0.7869562768381129,-0.062229702199619874,0.9229043993189885,-0.45989176938601006,1,Box-to-Box / Pressing Engine,"{""Midfielder Archetype 1 (Low xAG)"": 0.9986, ""Midfielder Archetype 2 (High xAG)"": 0.0014}",-1.247,0.419
Elvis Rexhbeçaj,xk KVX,1997.0,1785,27,1,1,1.4,1.1,16,94,31,27,16,10,26.0,Augsburg,de Bundesliga,MF,Midfielder,0.071,0.055,0.807,4.739,1.563,1.361,0.807,0.504,40.0,25.6,35.5,62.0,56.2,21.7,51.2,32.5,elvis_rexhbe_aj_xk_kvx_1997_0,Elvis Rexhbeçaj,1785,-0.43821821150315476,-0.5313308845485685,-0.19751732245349055,0.6542400306589985,-0.11194223296344753,-0.3919512968421909,0.006298679951558228,-0.3668044957114268,1,Box-to-Box / Pressing Engine,"{""Midfielder Archetype 1 (Low xAG)"": 0.9871, ""Midfielder Archetype 2 (High xAG)"": 0.0129}",-0.562,0.119
Elye Wahi,fr FRA,2003.0,770,21,3,1,6.5,0.5,7,12,13,0,1,8,21.0,"Marseille, Eint Frankfurt","fr Ligue 1, de Bundesliga",FW,Forward,0.76,0.058,0.818,1.403,1.519,0.0,0.117,0.935,98.9,11.8,24.6,20.6,34.8,0.3,16.2,47.9,elye_wahi_fr_fra_2003_0,Elye Wahi,770,4.572530161646085,-0.4950557401126471,-0.18048113539221958,-1.2963114060318681,-0.14580838795829965,-2.1656710213818706,-1.4181561542005299,0.3018724201843297,0,Clinical Finisher / Poacher,"{""Forward Archetype 1 (Low PrgC)"": 1.0, ""Forward Archetype 2 (High PrgC)"": 0.0}",2.0,-4.3
Emanuel Emegha,nl NED,2003.0,2293,27,14,3,17.0,2.4,18,14,37,6,1,7,21.0,Strasbourg,fr Ligue 1,FW,Forward,0.667,0.094,0.706,0.549,1.452,0.235,0.039,0.275,97.6,31.2,18.2,0.4,32.3,4.0,6.5,6.5,emanuel_emegha_nl_ned_2003_0,Emanuel Emegha,2293,3.8961882186810937,-0.05975400688159086,-0.3539404945615257,-1.795643218661964,-0.1973773057913698,-1.8594078801130796,-1.579181483278592,-0.7220875902360862,0,Clinical Finisher / Poacher,"{""Forward Archetype 1 (Low PrgC)"": 1.0, ""Forward Archetype 2 (High PrgC)"": 0.0}",1.445,-4.32
Emanuele Valeri,it ITA,1998.0,2873,35,2,6,1.0,4.7,36,93,79,51,29,12,25.0,Parma,it Serie A,DF,Defender,0.031,0.147,1.128,2.913,2.475,1.598,0.908,0.376,39.8,89.9,86.1,36.5,88.9,44.5,39.8,56.4,emanuele_valeri_it_ita_1998_0,Emanuele Valeri,2873,-0.7291179719182049,0.5811068781530196,0.29962959087996704,-0.41341791999973126,0.5900107978389412,-0.08308166075409078,0.21480583683468993,-0.5653906795505378,0,Ball-Playing Defender,"{""Defender Archetype 1 (Low PrgC)"": 0.0, ""Defender Archetype 2 (High xAG)"": 0.9724, ""Defender Archetype 3 (Low npxG)"": 0.0276}",0.107,0.299
Emerson,br BRA,1999.0,1377,17,0,0,0.4,0.7,15,68,23,45,14,7,25.0,Milan,it Serie A,DF,Defender,0.026,0.046,0.98,4.444,1.503,2.941,0.915,0.458,33.3,56.1,80.1,77.9,64.1,95.3,40.3,65.0,emerson_br_bra_1999_0,Emerson,1377,-0.7654804419700862,-0.6401563178563325,0.07041543769195548,0.4817542171626539,-0.15812335341097314,1.6671796104118088,0.22925682790579807,-0.4381714055286073,0,Ball-Playing Defender,"{""Defender Archetype 1 (Low PrgC)"": 0.0, ""Defender Archetype 2 (High xAG)"": 0.1202, ""Defender Archetype 3 (Low npxG)"": 0.8798}",-1.087,1.334
Emerson Palmieri,it ITA,1994.0,2113,31,2,1,2.0,1.5,16,66,47,60,21,10,29.0,West Ham,eng Premier League,DF,Defender,0.085,0.064,0.681,2.811,2.002,2.556,0.894,0.426,87.2,66.5,67.8,33.4,78.8,89.0,38.2,61.4,emerson_palmieri_it_ita_1994_0,Emerson Palmieri,2113,-0.3364032953578871,-0.42250545124080435,-0.39265910151896,-0.4730570826323656,0.22594963164428106,1.1654293576948533,0.1859038546924736,-0.487817951488385,0,Ball-Playing Defender,"{""Defender Archetype 1 (Low PrgC)"": 0.0, ""Defender Archetype 2 (High xAG)"": 0.2585, ""Defender Archetype 3 (Low npxG)"": 0.7415}",-0.867,0.357
Emil Holm,se SWE,2000.0,1137,21,1,1,0.6,0.7,10,49,29,34,10,10,24.0,Bologna,it Serie A,DF,Defender,0.047,0.055,0.792,3.879,2.296,2.691,0.792,0.792,59.0,61.1,73.7,64.7,85.8,92.1,27.3,84.8,emil_holm_se_swe_2000_0,Emil Holm,1137,-0.6127580677521849,-0.5313308845485685,-0.2207484866279512,0.1514000319916888,0.45223712183715636,1.3413677579982013,-0.024667729486530673,0.0800144179265729,0,Ball-Playing Defender,"{""Defender Archetype 1 (Low PrgC)"": 0.0, ""Defender Archetype 2 (High xAG)"": 0.0228, ""Defender Archetype 3 (Low npxG)"": 0.9772}",-0.527,0.959
Emile Smith Rowe,eng ENG,2000.0,2043,34,6,3,4.5,1.4,24,126,53,31,11,16,24.0,Fulham,eng Premier League,MF,Midfielder,0.198,0.062,1.057,5.551,2.335,1.366,0.485,0.705,84.4,30.8,52.3,75.6,78.4,22.1,22.1,48.7,emile_smith_rowe_eng_eng_2000_0,Emile Smith Rowe,2043,0.4853885278146297,-0.44668888086475195,0.1896687471208534,1.129014541028598,0.4822548501280481,-0.38543505979391857,-0.6584469093194163,-0.05496212890157293,0,Deep-Lying Playmaker,"{""Midfielder Archetype 1 (Low xAG)"": 0.0259, ""Midfielder Archetype 2 (High xAG)"": 0.9741}",0.576,0.013
Emmanuel Agbadou,ci CIV,1997.0,2670,30,1,0,1.3,0.5,12,108,16,55,31,19,27.0,"Wolves, Reims","eng Premier League, fr Ligue 1",DF,Defender,0.044,0.017,0.404,3.64,0.539,1.854,1.045,0.64,55.3,28.8,50.0,58.8,25.7,58.8,54.9,78.1,emmanuel_agbadou_ci_civ_1997_0,Emmanuel Agbadou,2670,-0.6345755497833137,-0.9908160474035722,-0.8216612666073333,0.011657288176006302,-0.9001000219345503,0.2505496761174434,0.49763237636923474,-0.1558066753823714,1,Stopper / Defensive Destroyer,"{""Defender Archetype 1 (Low PrgC)"": 0.0122, ""Defender Archetype 2 (High xAG)"": 0.0208, ""Defender Archetype 3 (Low npxG)"": 0.967}",-1.679,0.034
Emmanuel Biumla,fr FRA,2005.0,1336,17,1,0,0.7,0.0,1,16,3,19,8,7,19.0,Angers,fr Ligue 1,DF,Defender,0.047,0.0,0.067,1.078,0.202,1.28,0.539,0.472,59.0,4.3,5.6,0.3,7.8,23.1,8.2,66.6,emmanuel_biumla_fr_fra_2005_0,Emmanuel Biumla,1336,-0.6127580677521849,-1.1963751992071265,-1.3435880883935494,-1.4863381497142816,-1.1594839817814857,-0.49751433702419967,-0.5469678353422963,-0.41645104167120456,1,Stopper / Defensive Destroyer,"{""Defender Archetype 1 (Low PrgC)"": 0.9723, ""Defender Archetype 2 (High xAG)"": 0.0019, ""Defender Archetype 3 (Low npxG)"": 0.0258}",-1.815,-1.808
Emmanuel Gyasi,gh GHA,1994.0,3217,37,2,1,3.9,0.7,17,53,22,52,11,20,30.0,Empoli,it Serie A,"DF,FW",Defender,0.109,0.02,0.476,1.483,0.615,1.455,0.308,0.56,93.2,33.2,57.2,2.8,30.3,35.2,1.6,73.5,emmanuel_gyasi_gh_gha_1994_0,Emmanuel Gyasi,3217,-0.16186343910885703,-0.9545409029676508,-0.7101516785699222,-1.2495355922023508,-0.8416039360343514,-0.26944604033467434,-1.023850540688865,-0.2799230402818157,1,Stopper / Defensive Destroyer,"{""Defender Archetype 1 (Low PrgC)"": 0.006, ""Defender Archetype 2 (High xAG)"": 0.9831, ""Defender Archetype 3 (Low npxG)"": 0.0109}",-0.952,-1.656
Emmanuel Sabbi,us USA,1997.0,653,15,0,0,1.9,0.6,4,15,11,14,3,11,26.0,Le Havre,fr Ligue 1,"FW,MF",Forward,0.262,0.083,0.551,2.067,1.516,1.93,0.413,1.516,50.4,25.1,8.6,45.7,34.6,91.8,70.4,73.8,emmanuel_sabbi_us_usa_1997_0,Emmanuel Sabbi,653,0.95082814447871,-0.19276286981330243,-0.593995857697619,-0.9080721512468753,-0.14811744398067583,0.34959647925117987,-0.8070856746222429,1.2032675202665442,0,Clinical Finisher / Poacher,"{""Forward Archetype 1 (Low PrgC)"": 0.3909, ""Forward Archetype 2 (High PrgC)"": 0.6091}",0.533,-1.022
Emre Can,de GER,1994.0,2105,31,3,0,0.4,0.7,8,116,20,50,20,15,30.0,Dortmund,de Bundesliga,"DF,MF",Defender,0.017,0.03,0.342,4.96,0.855,2.138,0.855,0.641,21.3,44.4,43.2,85.2,42.7,72.1,33.8,78.2,emre_can_de_ger_1994_0,Emre Can,2105,-0.8309328880634725,-0.8336237548479131,-0.9176834118617706,0.7834582163630397,-0.6568794542442491,0.6206719404593013,0.10539119015344248,-0.15425522082112833,1,Stopper / Defensive Destroyer,"{""Defender Archetype 1 (Low PrgC)"": 0.1613, ""Defender Archetype 2 (High xAG)"": 0.0355, ""Defender Archetype 3 (Low npxG)"": 0.8033}",-1.495,0.623
Enric Franquesa,es ESP,1997.0,616,12,1,0,0.3,0.1,2,12,11,17,5,9,27.0,Leganés,es La Liga,"DF,FW",Defender,0.044,0.015,0.292,1.753,1.607,2.484,0.731,1.315,55.3,27.1,37.2,5.6,67.6,86.2,22.4,96.0,enric_franquesa_es_esp_1997_0,Enric Franquesa,616,-0.6345755497833137,-1.01499947702752,-0.9951206257766395,-1.0916672205277305,-0.07807607796859542,1.0715955441997342,-0.15059779453475886,0.8914251534566902,1,Stopper / Defensive Destroyer,"{""Defender Archetype 1 (Low PrgC)"": 0.0, ""Defender Archetype 2 (High xAG)"": 0.1349, ""Defender Archetype 3 (Low npxG)"": 0.8651}",-0.982,-0.136
Enrico Del Prato,it ITA,1999.0,2947,34,4,0,2.0,1.2,14,81,8,33,19,2,24.0,Parma,it Serie A,DF,Defender,0.061,0.037,0.428,2.474,0.244,1.008,0.58,0.061,72.8,50.6,51.8,22.6,9.5,9.5,11.0,12.2,enrico_del_prato_it_ita_1999_0,Enrico Del Prato,2947,-0.5109431516069173,-0.7489817511640966,-0.7844914039281964,-0.6701001983892066,-1.1271571974682177,-0.8519976324502048,-0.4623263162115202,-1.0540988663421,1,Stopper / Defensive Destroyer,"{""Defender Archetype 1 (Low PrgC)"": 0.9842, ""Defender Archetype 2 (High xAG)"": 0.0018, ""Defender Archetype 3 (Low npxG)"": 0.0141}",-1.492,-1.434
Enzo Barrenechea,ar ARG,2001.0,2191,30,1,2,1.3,0.9,15,126,21,57,28,11,23.0,Valencia,es La Liga,MF,Midfielder,0.053,0.037,0.616,5.176,0.863,2.341,1.15,0.452,29.3,14.2,20.9,70.1,22.9,72.8,74.6,28.3,enzo_barrenechea_ar_arg_2001_0,Enzo Barrenechea,2191,-0.5691231036899274,-0.7489817511640966,-0.49332747960828954,0.9097529137027363,-0.6507219715179124,0.8852311646191511,0.7143972424358568,-0.4474801328960656,1,Box-to-Box / Pressing Engine,"{""Midfielder Archetype 1 (Low xAG)"": 0.9988, ""Midfielder Archetype 2 (High xAG)"": 0.0012}",-1.544,1.027
Enzo Boyomo,cm CMR,2001.0,3257,37,2,0,1.6,0.9,4,118,17,74,45,10,22.0,"Osasuna, Valladolid",es La Liga,DF,Defender,0.044,0.025,0.111,3.261,0.47,2.045,1.243,0.276,55.3,38.4,10.7,48.4,22.3,69.1,73.3,45.5,enzo_boyomo_cm_cmr_2001_0,Enzo Boyomo,3257,-0.6345755497833137,-0.894082328907782,-1.2754433401484646,-0.20994312984133137,-0.9532083104492048,0.49946993136143936,0.9063889809520081,-0.7205361356748431,1,Stopper / Defensive Destroyer,"{""Defender Archetype 1 (Low PrgC)"": 0.6097, ""Defender Archetype 2 (High xAG)"": 0.0032, ""Defender Archetype 3 (Low npxG)"": 0.3871}",-2.281,0.018
Enzo Fernández,ar ARG,2001.0,2947,36,6,7,6.1,6.8,77,212,60,65,13,26,23.0,Chelsea,eng Premier League,MF,Midfielder,0.186,0.208,2.352,6.474,1.832,1.985,0.397,0.794,81.9,87.6,94.7,86.4,66.0,54.7,15.4,57.1,enzo_fern_ndez_ar_arg_2001_0,Enzo Fernández,2947,0.3981185996901146,1.3187014816834204,2.1952925875159557,1.6686904930866526,0.09510312370962551,0.42127508678217374,-0.8401165113562044,0.08311732704905903,0,Deep-Lying Playmaker,"{""Midfielder Archetype 1 (Low xAG)"": 0.0402, ""Midfielder Archetype 2 (High xAG)"": 0.9598}",2.089,1.42
Enzo Loiodice,fr FRA,2000.0,684,17,0,0,0.3,0.2,5,31,3,17,10,4,23.0,Las Palmas,es La Liga,MF,Midfielder,0.039,0.026,0.658,4.079,0.395,2.237,1.316,0.526,20.2,9.4,24.1,43.9,4.6,67.5,82.3,34.4,enzo_loiodice_fr_fra_2000_0,Enzo Loiodice,684,-0.6709380198351949,-0.8819906140958083,-0.4282802199197997,0.26833956656548164,-1.0109347110086118,0.7496934340150901,1.0570921735507073,-0.33267249536407956,1,Box-to-Box / Pressing Engine,"{""Midfielder Archetype 1 (Low xAG)"": 0.9992, ""Midfielder Archetype 2 (High xAG)"": 0.0008}",-1.845,0.724
Enzo Millot,fr FRA,2002.0,1843,29,6,5,6.7,3.1,23,118,44,30,13,31,22.0,Stuttgart,de Bundesliga,"MF,FW",Midfielder,0.327,0.151,1.123,5.762,2.149,1.465,0.635,1.514,96.2,74.0,55.2,77.1,72.3,26.5,36.2,87.7,enzo_millot_fr_fra_2002_0,Enzo Millot,1843,1.4235402551531666,0.6294737374009148,0.29188586948848033,1.2523857500039492,0.3390933767407189,-0.25641356623813,-0.3487828149385276,1.200164611144058,0,Deep-Lying Playmaker,"{""Midfielder Archetype 1 (Low xAG)"": 0.0, ""Midfielder Archetype 2 (High xAG)"": 1.0}",1.734,0.253
Enzo Tchato,cm CMR,2002.0,1899,27,0,0,0.1,1.5,14,62,44,48,22,6,21.0,Montpellier,fr Ligue 1,DF,Defender,0.005,0.071,0.664,2.938,2.085,2.275,1.043,0.284,6.1,69.9,67.2,37.2,80.7,79.1,54.4,46.8,enzo_tchato_cm_cmr_2002_0,Enzo Tchato,1899,-0.9182028161879875,-0.337863447556988,-0.4189877542500154,-0.39880047817800696,0.2898335149300249,0.7992168355819583,0.4935035217774896,-0.7081244991848988,0,Ball-Playing Defender,"{""Defender Archetype 1 (Low PrgC)"": 0.0, ""Defender Archetype 2 (High xAG)"": 0.0296, ""Defender Archetype 3 (Low npxG)"": 0.9704}",-1.124,0.544
Eray Cömert,ch SUI,1998.0,1779,25,0,0,0.9,0.0,0,48,9,24,24,4,26.0,Valladolid,es La Liga,"DF,MF",Defender,0.046,0.0,0.0,2.428,0.455,1.214,1.214,0.202,57.8,4.3,1.9,21.8,21.3,19.8,69.9,35.0,eray_c_mert_ch_sui_1998_0,Eray Cömert,1779,-0.6200305617625611,-1.1963751992071265,-1.4473539550394734,-0.6969962913411791,-0.9647535905610861,-0.5835286660613922,0.8465205893717027,-0.8353437732068293,1,Stopper / Defensive Destroyer,"{""Defender Archetype 1 (Low PrgC)"": 0.995, ""Defender Archetype 2 (High xAG)"": 0.0001, ""Defender Archetype 3 (Low npxG)"": 0.0049}",-2.362,-0.948
Eren Dinkçi,de GER,2001.0,1196,23,0,3,1.1,2.2,23,35,33,21,7,16,22.0,Freiburg,de Bundesliga,"MF,FW",Midfielder,0.083,0.166,1.731,2.634,2.483,1.58,0.527,1.204,48.3,77.8,83.0,11.9,82.6,33.2,26.7,78.3,eren_dink_i_de_ger_2001_0,Eren Dinkçi,1196,-0.35094828337863965,0.8108494595805217,1.2335223906932855,-0.5765485707301724,0.5961682805652779,-0.10654011412787054,-0.5717409628927674,0.7192136971587112,0,Deep-Lying Playmaker,"{""Midfielder Archetype 1 (Low xAG)"": 0.0088, ""Midfielder Archetype 2 (High xAG)"": 0.9912}",1.528,0.193
Erhan Mašović,rs SRB,1998.0,910,16,1,1,0.6,0.9,3,35,1,14,12,0,25.0,Bochum,de Bundesliga,DF,Defender,0.059,0.089,0.297,3.462,0.099,1.385,1.187,0.0,71.2,75.9,38.0,54.5,2.9,30.7,67.3,4.3,erhan_ma_ovi__rs_srb_1998_0,Erhan Mašović,910,-0.5254881396276698,-0.12021258094145984,-0.9873769043851528,-0.0924188975946694,-1.2387615718830713,-0.36067335901048453,0.790781052383143,-1.1487375945779261,1,Stopper / Defensive Destroyer,"{""Defender Archetype 1 (Low PrgC)"": 0.0, ""Defender Archetype 2 (High xAG)"": 0.1486, ""Defender Archetype 3 (Low npxG)"": 0.8514}",-1.863,-0.359
Eric Bailly,ci CIV,1994.0,617,12,0,0,0.3,0.0,0,18,1,12,6,3,30.0,Villarreal,es La Liga,DF,Defender,0.044,0.0,0.0,2.626,0.146,1.75,0.875,0.438,55.3,4.3,1.9,26.9,4.7,52.9,36.2,62.6,eric_bailly_ci_civ_1994_0,Eric Bailly,617,-0.6345755497833137,-1.1963751992071265,-1.4473539550394734,-0.5812261521131241,-1.202586360865843,0.11501194551338251,0.14667973607089435,-0.46920049675346837,1,Stopper / Defensive Destroyer,"{""Defender Archetype 1 (Low PrgC)"": 0.856, ""Defender Archetype 2 (High xAG)"": 0.0022, ""Defender Archetype 3 (Low npxG)"": 0.1417}",-2.197,-0.769
Eric Dier,eng ENG,1994.0,1463,21,2,1,1.1,0.1,3,73,12,19,20,2,30.0,Bayern Munich,de Bundesliga,DF,Defender,0.068,0.006,0.185,4.491,0.738,1.169,1.23,0.123,78.2,13.0,20.9,78.7,37.7,16.8,71.9,22.9,eric_dier_eng_eng_1994_0,Eric Dier,1463,-0.4600356935342835,-1.1238249103352838,-1.1608362635544587,0.5092350077874951,-0.746932639116924,-0.6421747994958414,0.8795514261056643,-0.9579086835450304,1,Stopper / Defensive Destroyer,"{""Defender Archetype 1 (Low PrgC)"": 0.9979, ""Defender Archetype 2 (High xAG)"": 0.0001, ""Defender Archetype 3 (Low npxG)"": 0.002}",-2.037,-0.275
Eric García,es ESP,2001.0,1566,29,2,3,2.3,0.8,7,109,18,38,14,5,23.0,Barcelona,es La Liga,"DF,MF",Defender,0.132,0.046,0.402,6.264,1.034,2.184,0.805,0.287,96.1,56.1,49.8,95.2,50.9,74.7,28.7,47.4,eric_garc_a_es_esp_2001_0,Eric García,1566,0.005403923129796869,-0.6401563178563325,-0.824758755163928,1.54590398178417,-0.5191057782424645,0.6806213213034055,0.002169825359813041,-0.7034701355011697,1,Stopper / Defensive Destroyer,"{""Defender Archetype 1 (Low PrgC)"": 0.6435, ""Defender Archetype 2 (High xAG)"": 0.3549, ""Defender Archetype 3 (Low npxG)"": 0.0016}",-1.19,0.696
Eric Smith,se SWE,1997.0,2827,32,1,1,1.4,1.5,28,118,16,46,37,3,27.0,St. Pauli,de Bundesliga,"DF,MF",Defender,0.045,0.048,0.891,3.757,0.509,1.464,1.178,0.096,56.4,57.4,77.4,61.9,24.1,35.8,65.9,16.5,eric_smith_se_swe_1997_0,Eric Smith,2827,-0.6273030557729373,-0.6159728882323849,-0.06742280307651098,0.08006691590167518,-0.9231905821583133,-0.2577168136477846,0.7722012067202894,-0.999797956698593,1,Stopper / Defensive Destroyer,"{""Defender Archetype 1 (Low PrgC)"": 0.0, ""Defender Archetype 2 (High xAG)"": 0.7049, ""Defender Archetype 3 (Low npxG)"": 0.2951}",-1.519,0.026
Erling Haaland,no NOR,2000.0,2736,31,22,3,18.8,3.0,29,20,24,11,5,13,24.0,Manchester City,eng Premier League,FW,Forward,0.618,0.099,0.954,0.658,0.789,0.362,0.164,0.428,96.2,35.0,36.5,1.6,10.6,9.3,26.6,16.2,erling_haaland_no_nor_2000_0,Erling Haaland,2736,3.539836012172657,0.0007045671782781161,0.030148086456223654,-1.7319111723192468,-0.7076786867365272,-1.6938954590869666,-1.3211280712945181,-0.48471504236589896,0,Clinical Finisher / Poacher,"{""Forward Archetype 1 (Low PrgC)"": 1.0, ""Forward Archetype 2 (High PrgC)"": 0.0}",1.295,-3.915
Ermedin Demirović,ba BIH,1998.0,1855,34,15,1,12.4,1.9,18,31,20,12,3,5,26.0,Stuttgart,de Bundesliga,FW,Forward,0.602,0.092,0.873,1.504,0.97,0.582,0.146,0.243,95.6,30.2,29.9,23.9,17.7,23.5,22.5,5.1,ermedin_demirovi__ba_bih_1998_0,Ermedin Demirović,1855,3.4234761080066365,-0.08393743650553845,-0.09530020008586378,-1.2372569410721026,-0.5683656400531585,-1.4071810289629922,-1.3582877626202248,-0.771734136195864,0,Clinical Finisher / Poacher,"{""Forward Archetype 1 (Low PrgC)"": 1.0, ""Forward Archetype 2 (High PrgC)"": 0.0}",1.099,-3.526
Ernest Nuamah,gh GHA,2003.0,1052,23,3,1,2.2,1.5,18,33,44,21,8,22,20.0,Lyon,fr Ligue 1,"FW,MF",Forward,0.188,0.128,1.54,2.823,3.764,1.797,0.684,1.882,25.7,47.6,72.7,68.1,80.5,89.4,92.8,86.0,ernest_nuamah_gh_gha_2003_0,Ernest Nuamah,1052,0.4126635877108671,0.35136429672551783,0.9377122335384864,-0.46604071055793805,1.5821352021199484,0.17626457376714064,-0.24762587744077053,1.771099889681502,1,Dynamic Winger / Dribbler,"{""Forward Archetype 1 (Low PrgC)"": 0.0159, ""Forward Archetype 2 (High PrgC)"": 0.9841}",2.121,0.387
Esteban Lepaul,fr FRA,2000.0,1629,28,9,0,5.1,0.8,7,20,26,11,4,6,24.0,Angers,fr Ligue 1,FW,Forward,0.282,0.044,0.387,1.105,1.436,0.608,0.221,0.331,56.5,7.9,2.4,10.9,31.3,25.9,37.0,9.8,esteban_lepaul_fr_fra_2000_0,Esteban Lepaul,1629,1.096278024686235,-0.6643397474802801,-0.8479899193383887,-1.4705513125468195,-0.2096922712440433,-1.3732965963119768,-1.2034557154297805,-0.6352061348064751,0,Clinical Finisher / Poacher,"{""Forward Archetype 1 (Low PrgC)"": 0.9982, ""Forward Archetype 2 (High PrgC)"": 0.0018}",-0.111,-2.842
Ethan Nwaneri,eng ENG,2007.0,895,26,4,2,1.2,1.2,16,33,46,11,2,37,17.0,Arsenal,eng Premier League,"FW,MF",Forward,0.121,0.121,1.609,3.318,4.626,1.106,0.201,3.721,8.9,44.7,76.9,78.3,88.7,57.4,33.5,98.9,ethan_nwaneri_eng_eng_2007_0,Ethan Nwaneri,895,-0.07459351098434201,0.26672229304170125,1.0445755887410053,-0.1766153624878004,2.245603965882733,-0.7242793863040705,-1.2447442613472324,4.624224827807479,1,Dynamic Winger / Dribbler,"{""Forward Archetype 1 (Low PrgC)"": 0.0, ""Forward Archetype 2 (High PrgC)"": 1.0}",3.912,0.426
Ethan Pinnock,jm JAM,1993.0,1913,22,2,0,1.1,1.2,8,41,3,35,24,3,31.0,Brentford,eng Premier League,DF,Defender,0.052,0.056,0.376,1.929,0.141,1.647,1.129,0.141,63.6,61.9,46.8,8.7,4.4,48.0,62.0,26.4,ethan_pinnock_jm_jam_1993_0,Ethan Pinnock,1913,-0.5763955977003037,-0.5192391697365947,-0.8650261063996599,-0.9887604301027925,-1.2064347875698034,-0.01922253768102378,0.6710442692225326,-0.9299825014426555,1,Stopper / Defensive Destroyer,"{""Defender Archetype 1 (Low PrgC)"": 0.0251, ""Defender Archetype 2 (High xAG)"": 0.0134, ""Defender Archetype 3 (Low npxG)"": 0.9614}",-1.976,-0.697
Etienne Youte Kinkoue,fr FRA,2002.0,2320,28,0,0,1.3,0.2,3,63,12,19,29,2,22.0,Le Havre,fr Ligue 1,DF,Defender,0.05,0.008,0.116,2.444,0.466,0.737,1.125,0.078,61.2,15.2,11.2,21.9,22.0,2.3,61.2,13.8,etienne_youte_kinkoue_fr_fra_2002_0,Etienne Youte Kinkoue,2320,-0.590940585721056,-1.0996414807113362,-1.2676996187569778,-0.6876411285752757,-0.9562870518123732,-1.2051776804665553,0.6627865600390422,-1.027724138800968,1,Stopper / Defensive Destroyer,"{""Defender Archetype 1 (Low PrgC)"": 0.9985, ""Defender Archetype 2 (High xAG)"": 0.0, ""Defender Archetype 3 (Low npxG)"": 0.0015}",-2.131,-1.313
Evanilson,br BRA,1999.0,2319,31,10,1,11.7,1.9,26,28,29,16,1,7,24.0,Bournemouth,eng Premier League,FW,Forward,0.454,0.074,1.009,1.087,1.125,0.621,0.039,0.272,85.5,20.0,40.8,10.2,23.5,27.1,6.5,6.1,evanilson_br_bra_1999_0,Evanilson,2319,2.347146994470951,-0.3015883031210666,0.11532902176257927,-1.4810758706584608,-0.44906441223038407,-1.3563543799864692,-1.579181483278592,-0.7267419539198153,0,Clinical Finisher / Poacher,"{""Forward Archetype 1 (Low PrgC)"": 0.9999, ""Forward Archetype 2 (High PrgC)"": 0.0001}",0.869,-3.246
Evann Guessand,ci CIV,2001.0,2565,33,12,8,9.2,5.4,32,79,87,44,15,49,23.0,Nice,fr Ligue 1,"FW,MF",Forward,0.323,0.189,1.123,2.772,3.053,1.544,0.526,1.719,67.2,74.9,47.3,66.7,69.2,81.2,83.8,81.4,evann_guessand_ci_civ_2001_0,Evann Guessand,2565,1.3944502791116615,1.0889589002559186,0.29188586948848033,-0.49586029187425534,1.0348889248167705,-0.15345702087543006,-0.5738053901886401,1.5182127961988843,1,Dynamic Winger / Dribbler,"{""Forward Archetype 1 (Low PrgC)"": 0.648, ""Forward Archetype 2 (High PrgC)"": 0.352}",2.316,-0.469
Exequiel Palacios,ar ARG,1998.0,1155,24,1,6,1.5,2.3,28,97,15,22,13,8,25.0,Leverkusen,de Bundesliga,MF,Midfielder,0.117,0.179,2.182,7.558,1.169,1.714,1.013,0.623,65.0,81.1,93.3,94.5,39.6,40.6,66.7,42.5,exequiel_palacios_ar_arg_1998_0,Exequiel Palacios,1155,-0.10368348702584695,0.9680417521361807,1.9320060602054019,2.30250277047661,-0.415198257235532,0.06809503876582298,0.4315707029013118,-0.18218140292350332,0,Deep-Lying Playmaker,"{""Midfielder Archetype 1 (Low xAG)"": 0.149, ""Midfielder Archetype 2 (High xAG)"": 0.851}",0.993,2.011
Ezequiel Ávila,ar ARG,1994.0,677,19,2,0,1.5,1.0,15,18,12,8,2,5,30.0,Betis,es La Liga,FW,Forward,0.199,0.133,1.994,2.393,1.595,1.064,0.266,0.665,28.2,50.0,89.4,56.5,37.3,52.3,45.7,31.9,ezequiel__vila_ar_arg_1994_0,Ezequiel Ávila,677,0.492661021825006,0.4118228707853868,1.6408421358854952,-0.7174607098915929,-0.08731230205810053,-0.7790157775095566,-1.1105564871155138,-0.117020311351295,0,Clinical Finisher / Poacher,"{""Forward Archetype 1 (Low PrgC)"": 0.0211, ""Forward Archetype 2 (High PrgC)"": 0.9789}",1.463,-0.984
Ezri Konsa,eng ENG,1997.0,2936,34,2,0,1.3,0.4,6,90,24,34,24,8,26.0,Aston Villa,eng Premier League,DF,Defender,0.04,0.012,0.184,2.759,0.736,1.042,0.736,0.245,49.7,22.7,20.6,31.6,37.4,11.2,22.9,40.9,ezri_konsa_eng_eng_1997_0,Ezri Konsa,2936,-0.6636655258248185,-1.0512746214634412,-1.1623850078327562,-0.5034613616215519,-0.7484720097985081,-0.8076872205219541,-0.1402756580553959,-0.7686312270733778,1,Stopper / Defensive Destroyer,"{""Defender Archetype 1 (Low PrgC)"": 0.9913, ""Defender Archetype 2 (High xAG)"": 0.0002, ""Defender Archetype 3 (Low npxG)"": 0.0086}",-1.678,-1.174
Fabian Rieder,ch SUI,2002.0,867,21,1,3,1.4,2.0,12,38,20,17,10,9,22.0,Stuttgart,de Bundesliga,"MF,FW",Midfielder,0.145,0.208,1.246,3.945,2.076,1.765,1.038,0.934,73.3,87.6,62.5,41.0,70.3,43.9,68.5,65.8,fabian_rieder_ch_sui_2002_0,Fabian Rieder,867,0.09994634526468807,1.3187014816834204,0.4823814157190576,0.1899900784010404,0.2829063468628961,0.13456065665819883,0.4831813852981268,0.30032096562308663,0,Deep-Lying Playmaker,"{""Midfielder Archetype 1 (Low xAG)"": 0.0121, ""Midfielder Archetype 2 (High xAG)"": 0.9879}",0.912,0.749
Fabian Schär,ch SUI,1991.0,2934,34,4,0,3.7,0.4,5,118,18,36,45,8,32.0,Newcastle Utd,eng Premier League,DF,Defender,0.113,0.012,0.153,3.62,0.552,1.104,1.38,0.245,93.7,22.7,16.5,58.2,26.6,14.0,79.9,40.9,fabian_sch_r_ch_sui_1991_0,Fabian Schär,2934,-0.132773463067352,-1.0512746214634412,-1.2103960804599747,-3.6665281373005484e-05,-0.8900941125042532,-0.7268858811233794,1.1892155204865529,-0.7686312270733778,1,Stopper / Defensive Destroyer,"{""Defender Archetype 1 (Low PrgC)"": 0.9996, ""Defender Archetype 2 (High xAG)"": 0.0002, ""Defender Archetype 3 (Low npxG)"": 0.0002}",-2.027,-0.607
Fabiano Parisi,it ITA,2000.0,1049,25,2,0,0.5,0.8,4,40,25,27,17,10,23.0,Fiorentina,it Serie A,"DF,MF",Defender,0.043,0.069,0.343,3.432,2.145,2.316,1.459,0.858,54.1,69.1,43.4,53.6,82.2,80.9,84.8,87.3,fabiano_parisi_it_ita_2000_0,Fabiano Parisi,1049,-0.6418480437936899,-0.3620468771809354,-0.9161346675834734,-0.10995982778073848,0.3360146353775505,0.8526499793777899,1.352305276860488,0.1824104189686144,0,Ball-Playing Defender,"{""Defender Archetype 1 (Low PrgC)"": 0.0, ""Defender Archetype 2 (High xAG)"": 0.4168, ""Defender Archetype 3 (Low npxG)"": 0.5832}",-1.176,0.955
Fabio Carvalho,pt POR,2002.0,455,19,2,1,2.5,0.7,4,17,9,13,3,2,21.0,Brentford,eng Premier League,"FW,MF",Forward,0.495,0.138,0.791,3.363,1.78,2.571,0.593,0.396,89.6,52.8,23.5,79.4,42.1,97.6,88.0,14.1,fabio_carvalho_pt_por_2002_0,Fabio Carvalho,455,2.6453192488963775,0.4722814448452558,-0.2222972309062486,-0.15030396720869701,0.055079485988436656,1.18497806883967,-0.4354887613651765,-0.5343615883256766,0,Clinical Finisher / Poacher,"{""Forward Archetype 1 (Low PrgC)"": 0.0294, ""Forward Archetype 2 (High PrgC)"": 0.9706}",0.707,-0.724
Fabio Miretti,it ITA,2003.0,1677,25,3,3,3.1,2.0,22,54,33,28,7,25,20.0,Genoa,it Serie A,"MF,FW",Midfielder,0.166,0.107,1.181,2.898,1.771,1.503,0.376,1.342,79.3,55.9,59.5,17.0,63.8,29.0,12.9,82.8,fabio_miretti_it_ita_2003_0,Fabio Miretti,1677,0.25266871948258957,0.09743828567406831,0.38171303762972825,-0.4221883850927656,0.04815231792130773,-0.2068901646712619,-0.8834694845695288,0.9333144266102529,0,Deep-Lying Playmaker,"{""Midfielder Archetype 1 (Low xAG)"": 0.2043, ""Midfielder Archetype 2 (High xAG)"": 0.7957}",1.002,-0.523
Fabián Ruiz Peña,es ESP,1996.0,1923,30,4,5,4.3,4.7,36,205,47,37,16,14,28.0,Paris S-G,fr Ligue 1,MF,Midfielder,0.201,0.22,1.685,9.594,2.2,1.732,0.749,0.655,85.0,89.2,80.6,98.5,73.6,41.7,45.4,44.4,fabi_n_ruiz_pe_a_es_esp_1996_0,Fabián Ruiz Peña,1923,0.5072060098457585,1.463802059427106,1.162280153891606,3.492947232437822,0.37834732912111574,0.09155349213960275,-0.11343810320905218,-0.13253485696372555,0,Deep-Lying Playmaker,"{""Midfielder Archetype 1 (Low xAG)"": 0.0001, ""Midfielder Archetype 2 (High xAG)"": 0.9999}",1.68,2.27
Facundo Buonanotte,ar ARG,2004.0,1523,31,5,2,3.9,3.1,24,54,39,53,12,28,19.0,Leicester City,eng Premier League,"FW,MF",Forward,0.23,0.183,1.418,3.191,2.305,3.132,0.709,1.655,39.0,71.8,67.0,75.8,53.7,98.9,94.9,79.4,facundo_buonanotte_ar_arg_2004_0,Facundo Buonanotte,1523,0.7181083361466699,1.016408611384076,0.7487654315862063,-0.2508719669421591,0.4591642899042854,1.9160998656558053,-0.19601519504395593,1.4189197042793287,1,Dynamic Winger / Dribbler,"{""Forward Archetype 1 (Low PrgC)"": 0.0002, ""Forward Archetype 2 (High PrgC)"": 0.9998}",1.512,1.131
Facundo Garcés,my MAS,1999.0,678,10,0,0,0.1,0.8,3,12,3,6,5,0,24.0,Alavés,es La Liga,DF,Defender,0.013,0.106,0.398,1.593,0.398,0.796,0.664,0.0,15.6,82.6,49.1,4.3,18.0,3.2,17.4,4.3,facundo_garc_s_my_mas_1999_0,Facundo Garcés,678,-0.8600228641049775,0.08534657086209452,-0.8309537322771176,-1.1852188481867647,-1.0086256549862354,-1.128286083296944,-0.28891442335822237,-1.1487375945779261,1,Stopper / Defensive Destroyer,"{""Defender Archetype 1 (Low PrgC)"": 0.0, ""Defender Archetype 2 (High xAG)"": 0.7202, ""Defender Archetype 3 (Low npxG)"": 0.2798}",-1.272,-1.51
Facundo Medina,ar ARG,1999.0,2543,29,0,1,1.8,2.0,24,174,46,44,32,10,25.0,Lens,fr Ligue 1,DF,Defender,0.064,0.071,0.849,6.158,1.628,1.557,1.133,0.354,75.3,69.9,76.5,94.7,68.3,41.1,62.8,54.8,facundo_medina_ar_arg_1999_0,Facundo Medina,2543,-0.4891256695757885,-0.337863447556988,-0.13247006276500084,1.4839260284600597,-0.06191268581196154,-0.1365148045499226,0.6793019784060229,-0.599522679897885,0,Ball-Playing Defender,"{""Defender Archetype 1 (Low PrgC)"": 0.0005, ""Defender Archetype 2 (High xAG)"": 0.2799, ""Defender Archetype 3 (Low npxG)"": 0.7195}",-0.758,0.999
Falaye Sacko,ml MLI,1995.0,1233,16,0,1,0.0,0.2,7,59,21,14,13,2,29.0,Montpellier,fr Ligue 1,DF,Defender,0.0,0.015,0.511,4.307,1.533,1.022,0.949,0.146,2.6,27.1,59.8,76.1,65.5,10.2,43.6,27.3,falaye_sacko_ml_mli_1995_0,Falaye Sacko,1233,-0.9545652862398688,-1.01499947702752,-0.655945628829514,0.401650635979606,-0.13503279318721031,-0.8337521687150427,0.299447355965466,-0.9222252286364402,1,Stopper / Defensive Destroyer,"{""Defender Archetype 1 (Low PrgC)"": 0.017, ""Defender Archetype 2 (High xAG)"": 0.1849, ""Defender Archetype 3 (Low npxG)"": 0.7981}",-1.422,-0.205
Fali Candé,gw GNB,1998.0,1530,17,1,1,1.1,0.6,4,47,5,25,15,9,26.0,Venezia,it Serie A,DF,Defender,0.065,0.035,0.235,2.765,0.294,1.471,0.882,0.529,76.3,49.1,28.6,31.7,12.4,36.2,36.8,70.9,fali_cand__gw_gnb_1998_0,Fali Candé,1530,-0.48185317556541224,-0.7731651807880441,-1.08339904963959,-0.4999531755843379,-1.0886729304286131,-0.24859408178020342,0.1611307271420025,-0.3280181316803504,1,Stopper / Defensive Destroyer,"{""Defender Archetype 1 (Low PrgC)"": 0.157, ""Defender Archetype 2 (High xAG)"": 0.0189, ""Defender Archetype 3 (Low npxG)"": 0.8241}",-1.625,-0.771
Fares Chaïbi,dz ALG,2002.0,1013,26,1,3,2.6,2.9,24,52,20,13,10,7,21.0,Eint Frankfurt,de Bundesliga,"MF,FW",Midfielder,0.231,0.258,2.132,4.62,1.777,1.155,0.888,0.622,89.5,94.5,92.4,58.2,64.3,13.3,58.0,42.3,fares_cha_bi_dz_alg_2002_0,Fares Chaïbi,1013,0.7253808301570461,1.9232872222821098,1.8545688462905334,0.5846610075875918,0.05277042996606029,-0.6604202632310034,0.17351729091723805,-0.18373285748474638,0,Deep-Lying Playmaker,"{""Midfielder Archetype 1 (Low xAG)"": 0.0001, ""Midfielder Archetype 2 (High xAG)"": 0.9999}",1.973,0.502
Farid El Melali,dz ALG,1997.0,1893,32,2,3,3.6,3.1,25,43,62,28,16,52,27.0,Angers,fr Ligue 1,FW,Forward,0.171,0.147,1.189,2.044,2.948,1.331,0.761,2.472,21.2,56.4,52.3,44.2,66.3,72.3,96.7,94.7,farid_el_melali_dz_alg_1997_0,Farid El Melali,1893,0.2890311895344709,0.5811068781530196,0.3941029918561073,-0.9215201977228615,0.954071964033601,-0.4310487191318238,-0.08866497565858106,2.686458080814904,1,Dynamic Winger / Dribbler,"{""Forward Archetype 1 (Low PrgC)"": 0.0012, ""Forward Archetype 2 (High PrgC)"": 0.9988}",2.068,-0.132
Faustino Anjorin,eng ENG,2001.0,1114,22,2,3,0.9,1.7,17,55,28,29,13,16,22.0,Empoli,it Serie A,MF,Midfielder,0.073,0.137,1.373,4.443,2.262,2.343,1.05,1.293,41.5,68.0,69.8,54.6,76.0,73.0,68.8,81.2,faustino_anjorin_eng_eng_2001_0,Faustino Anjorin,1114,-0.4236732234824023,0.460189730033282,0.6790719390628245,0.48116951948978476,0.4260678202502253,0.8878376594384596,0.5079545128485979,0.857293153109343,1,Box-to-Box / Pressing Engine,"{""Midfielder Archetype 1 (Low xAG)"": 0.8018, ""Midfielder Archetype 2 (High xAG)"": 0.1982}",0.603,1.517
Federico Baschirotto,it ITA,1996.0,3420,38,2,0,1.2,0.2,4,71,13,37,23,4,27.0,Lecce,it Serie A,DF,Defender,0.032,0.005,0.105,1.868,0.342,0.974,0.605,0.105,40.6,11.5,10.0,7.5,15.1,7.8,12.8,18.4,federico_baschirotto_it_ita_1996_0,Federico Baschirotto,3420,-0.7218454779078287,-1.1359166251472577,-1.284735805818249,-1.0244269881477994,-1.0517280340705926,-0.8963080443784555,-0.4107156338147054,-0.9858348656474055,1,Stopper / Defensive Destroyer,"{""Defender Archetype 1 (Low PrgC)"": 0.9985, ""Defender Archetype 2 (High xAG)"": 0.0001, ""Defender Archetype 3 (Low npxG)"": 0.0014}",-1.929,-1.707
Federico Dimarco,it ITA,1997.0,2140,32,4,7,3.3,6.1,48,83,47,25,14,4,26.0,Inter,it Serie A,"DF,FW",Defender,0.139,0.257,2.019,3.491,1.977,1.051,0.589,0.168,96.5,98.7,98.3,55.2,78.2,11.6,12.0,30.9,federico_dimarco_it_ita_1997_0,Federico Dimarco,2140,0.0563113812024307,1.9111955074701361,1.6795607428429298,-0.07546266508146947,0.20670749812447897,-0.7959579938350644,-0.4437464705486669,-0.888093228289093,0,Ball-Playing Defender,"{""Defender Archetype 1 (Low PrgC)"": 0.0, ""Defender Archetype 2 (High xAG)"": 1.0, ""Defender Archetype 3 (Low npxG)"": 0.0}",1.653,-0.007
Federico Gatti,it ITA,1998.0,2195,30,1,0,2.5,0.5,6,73,24,28,18,7,26.0,Juventus,it Serie A,DF,Defender,0.103,0.021,0.246,2.993,0.984,1.148,0.738,0.287,92.0,34.5,31.3,39.3,48.9,15.8,23.3,47.4,federico_gatti_it_ita_1998_0,Federico Gatti,2195,-0.20549840317111462,-0.942449188155677,-1.0663628625783188,-0.3666421061702141,-0.5575900452820691,-0.6695429950985846,-0.1361468034636507,-0.7034701355011697,1,Stopper / Defensive Destroyer,"{""Defender Archetype 1 (Low PrgC)"": 0.9971, ""Defender Archetype 2 (High xAG)"": 0.0021, ""Defender Archetype 3 (Low npxG)"": 0.0008}",-1.349,-1.126
Federico Valverde,uy URU,1998.0,3032,36,6,4,2.7,3.1,39,226,66,50,55,16,26.0,Real Madrid,es La Liga,"MF,DF",Midfielder,0.08,0.092,1.158,6.708,1.959,1.484,1.633,0.475,46.4,49.3,58.3,88.6,67.8,27.4,95.3,30.4,federico_valverde_uy_uru_1998_0,Federico Valverde,3032,-0.3727657654097684,-0.08393743650553845,0.3460919192288884,1.8055097485379903,0.1928531619902213,-0.23165186545469596,1.7115156263423186,-0.4117966779874754,1,Box-to-Box / Pressing Engine,"{""Midfielder Archetype 1 (Low xAG)"": 0.9992, ""Midfielder Archetype 2 (High xAG)"": 0.0008}",-0.524,1.693
Felix Agu,ng NGA,1999.0,1751,22,3,0,1.4,1.8,20,43,33,30,21,9,24.0,Werder Bremen,de Bundesliga,DF,Defender,0.072,0.093,1.028,2.21,1.696,1.542,1.079,0.463,81.1,77.7,82.6,14.8,70.9,40.0,58.1,65.3,felix_agu_ng_nga_1999_0,Felix Agu,1751,-0.4309457174927785,-0.07184572169356465,0.14475516305022962,-0.8244603840266135,-0.00957408263809919,-0.15606351569473895,0.5678229044289029,-0.430414132722392,0,Ball-Playing Defender,"{""Defender Archetype 1 (Low PrgC)"": 0.0, ""Defender Archetype 2 (High xAG)"": 0.7376, ""Defender Archetype 3 (Low npxG)"": 0.2624}",-0.497,-0.184
Felix Nmecha,de GER,2000.0,1509,26,4,1,1.3,1.1,14,85,21,34,23,17,23.0,Dortmund,de Bundesliga,MF,Midfielder,0.078,0.066,0.835,5.07,1.252,2.028,1.372,1.014,45.0,33.8,37.8,68.3,44.4,56.8,86.2,71.1,felix_nmecha_de_ger_2000_0,Felix Nmecha,1509,-0.38731075343052096,-0.3983220216168568,-0.15415248266116413,0.8477749603786261,-0.3513143739497883,0.4773147253973142,1.1727001021195724,0.4244373305225309,1,Box-to-Box / Pressing Engine,"{""Midfielder Archetype 1 (Low xAG)"": 0.9986, ""Midfielder Archetype 2 (High xAG)"": 0.0014}",-0.786,1.197
Felix Passlack,de GER,1998.0,2334,31,1,6,1.3,3.9,25,65,43,53,18,12,26.0,Bochum,de Bundesliga,"DF,MF",Defender,0.05,0.15,0.964,2.506,1.658,2.044,0.694,0.463,61.2,90.2,79.5,23.3,69.0,68.9,19.8,65.3,felix_passlack_de_ger_1998_0,Felix Passlack,2334,-0.590940585721056,0.617382022588941,0.045635529239197434,-0.6513898728574,-0.03882212558819874,0.49816668395178504,-0.22698160448204482,-0.430414132722392,0,Ball-Playing Defender,"{""Defender Archetype 1 (Low PrgC)"": 0.0, ""Defender Archetype 2 (High xAG)"": 0.9964, ""Defender Archetype 3 (Low npxG)"": 0.0036}",-0.124,0.107
Ferland Mendy,fr FRA,1995.0,1005,14,0,1,0.0,0.5,3,36,12,17,9,3,29.0,Real Madrid,es La Liga,DF,Defender,0.0,0.045,0.269,3.224,1.075,1.522,0.806,0.269,2.6,55.3,34.4,47.1,52.0,38.8,29.0,44.2,ferland_mendy_fr_fra_1995_0,Ferland Mendy,1005,-0.9545652862398688,-0.6522480326683063,-1.030741744177479,-0.231576943737483,-0.48754867926998874,-0.18212846388782755,0.004234252655685634,-0.7313963176035445,1,Stopper / Defensive Destroyer,"{""Defender Archetype 1 (Low PrgC)"": 0.0072, ""Defender Archetype 2 (High xAG)"": 0.0172, ""Defender Archetype 3 (Low npxG)"": 0.9756}",-1.547,-0.38
Fermin López,es ESP,2003.0,1252,28,6,5,5.6,3.9,29,79,31,19,5,25,21.0,Barcelona,es La Liga,"MF,FW",Midfielder,0.403,0.28,2.085,5.679,2.228,1.366,0.359,1.797,98.7,97.2,91.9,76.5,74.5,22.1,11.4,92.5,fermin_l_pez_es_esp_2003_0,Fermin López,1252,1.976249799941762,2.1893049481455336,1.7817778652105565,1.2038558431558255,0.39989851866329434,-0.38543505979391857,-0.9185647485993629,1.6392262519758423,0,Deep-Lying Playmaker,"{""Midfielder Archetype 1 (Low xAG)"": 0.0, ""Midfielder Archetype 2 (High xAG)"": 1.0}",3.701,0.418
Fernando Calero,es ESP,1995.0,715,21,1,0,0.3,0.0,3,17,0,18,16,0,28.0,Espanyol,es La Liga,"DF,MF",Defender,0.038,0.0,0.378,2.14,0.0,2.266,2.014,0.0,47.0,4.3,47.1,13.5,0.7,78.5,97.6,4.3,fernando_calero_es_esp_1995_0,Fernando Calero,715,-0.6782105138455711,-1.1963751992071265,-0.8619286178430652,-0.8653892211274409,-1.3149604206214884,0.7874876088950685,2.498062426069776,-1.1487375945779261,1,Stopper / Defensive Destroyer,"{""Defender Archetype 1 (Low PrgC)"": 0.3125, ""Defender Archetype 2 (High xAG)"": 0.1044, ""Defender Archetype 3 (Low npxG)"": 0.5831}",-3.203,0.349
Ferrán Torres,es ESP,2000.0,1106,27,10,6,8.0,3.1,19,35,23,8,4,11,24.0,Barcelona,es La Liga,"FW,MF",Forward,0.651,0.252,1.546,2.848,1.872,0.651,0.325,0.895,97.1,88.8,73.6,69.0,44.6,28.6,57.6,46.2,ferr_n_torres_es_esp_2000_0,Ferrán Torres,1106,3.7798283145150733,1.850736933410267,0.9470046992082707,-0.45142326873621397,0.12589053734130926,-1.3172569576968363,-0.988755276659031,0.23981423773460747,0,Clinical Finisher / Poacher,"{""Forward Archetype 1 (Low PrgC)"": 0.9998, ""Forward Archetype 2 (High PrgC)"": 0.0002}",3.164,-2.211
Fikayo Tomori,eng ENG,1997.0,1593,22,0,1,0.1,0.7,8,63,8,40,20,2,26.0,Milan,it Serie A,DF,Defender,0.006,0.04,0.452,3.559,0.452,2.26,1.13,0.113,7.0,52.6,53.5,57.2,21.1,77.9,62.2,20.7,fikayo_tomori_eng_eng_1997_0,Fikayo Tomori,1593,-0.9109303221776113,-0.7127066067281752,-0.7473215412490593,-0.035703223326379825,-0.9670626465834625,0.7796681244371417,0.6731086965184049,-0.973423229157461,1,Stopper / Defensive Destroyer,"{""Defender Archetype 1 (Low PrgC)"": 0.5497, ""Defender Archetype 2 (High xAG)"": 0.0101, ""Defender Archetype 3 (Low npxG)"": 0.4402}",-2.118,0.398
Filippo Terracciano,it ITA,2003.0,539,13,0,0,0.2,0.1,2,14,5,9,6,0,21.0,Milan,it Serie A,"DF,MF",Defender,0.033,0.017,0.334,2.338,0.835,1.503,1.002,0.0,41.4,28.8,42.6,18.7,42.0,37.5,49.9,4.3,filippo_terracciano_it_ita_2003_0,Filippo Terracciano,539,-0.7145729838974524,-0.9908160474035722,-0.9300733660881496,-0.7496190818993859,-0.672273161060091,-0.2068901646712619,0.40886200264671346,-1.1487375945779261,1,Stopper / Defensive Destroyer,"{""Defender Archetype 1 (Low PrgC)"": 0.9381, ""Defender Archetype 2 (High xAG)"": 0.0036, ""Defender Archetype 3 (Low npxG)"": 0.0583}",-1.988,-0.744
Finn Jeltsch,de GER,2006.0,780,12,0,0,0.1,0.1,2,31,8,18,13,2,18.0,Stuttgart,de Bundesliga,DF,Defender,0.012,0.012,0.231,3.577,0.923,2.077,1.5,0.231,14.3,22.7,27.9,57.4,46.1,70.1,86.1,38.8,finn_jeltsch_de_ger_2006_0,Finn Jeltsch,780,-0.8672953581153539,-1.0512746214634412,-1.0895940267527795,-0.02517866521473858,-0.6045408510703868,0.5411738484703812,1.436946795991264,-0.7903515909307807,1,Stopper / Defensive Destroyer,"{""Defender Archetype 1 (Low PrgC)"": 0.9561, ""Defender Archetype 2 (High xAG)"": 0.0004, ""Defender Archetype 3 (Low npxG)"": 0.0435}",-2.4,0.499
Finn Ole Becker,de GER,2000.0,670,13,0,1,0.1,0.3,8,45,3,11,10,6,24.0,Hoffenheim,de Bundesliga,MF,Midfielder,0.013,0.04,1.075,6.045,0.403,1.478,1.343,0.806,3.7,16.4,53.2,82.3,5.5,27.0,84.2,58.0,finn_ole_becker_de_ger_2000_0,Finn Ole Becker,670,-0.8600228641049775,-0.7127066067281752,0.2175461441302062,1.4178551914258666,-1.0047772282822751,-0.23947134991262256,1.112831710539267,0.10173478178397569,1,Box-to-Box / Pressing Engine,"{""Midfielder Archetype 1 (Low xAG)"": 0.9612, ""Midfielder Archetype 2 (High xAG)"": 0.0388}",-1.146,1.173
Finn Porath,de GER,1997.0,1970,31,2,3,1.8,2.0,22,58,42,45,21,16,27.0,Holstein Kiel,de Bundesliga,"DF,MF",Defender,0.082,0.091,1.005,2.65,1.919,2.056,0.959,0.731,85.9,76.9,81.7,27.7,76.9,69.5,44.9,81.6,finn_porath_de_ger_1997_0,Finn Porath,1970,-0.3582207773890159,-0.09602915131751225,0.10913404464938975,-0.567193407964269,0.16206574835853754,0.5138056528676382,0.32009162892419196,-0.014624310309253489,0,Ball-Playing Defender,"{""Defender Archetype 1 (Low PrgC)"": 0.0, ""Defender Archetype 2 (High xAG)"": 0.7692, ""Defender Archetype 3 (Low npxG)"": 0.2308}",-0.277,0.258
Fisayo Dele-Bashiru,ng NGA,2001.0,947,20,3,1,1.1,0.8,10,26,23,10,4,14,23.0,Lazio,it Serie A,"MF,FW",Midfielder,0.105,0.076,0.95,2.471,2.186,0.95,0.38,1.331,59.4,40.2,45.3,9.3,73.1,8.3,13.6,82.3,fisayo_dele_bashiru_ng_nga_2001_0,Fisayo Dele-Bashiru,947,-0.1909534151503621,-0.277404873497119,0.023953109343034143,-0.6718542914078136,0.3675717343500262,-0.9275859822101618,-0.8752117753860384,0.9162484264365791,0,Deep-Lying Playmaker,"{""Midfielder Archetype 1 (Low xAG)"": 0.3031, ""Midfielder Archetype 2 (High xAG)"": 0.6969}",0.766,-0.948
Flavius Daniliuc,at AUT,2001.0,1004,18,0,0,0.1,0.1,2,38,8,26,7,4,23.0,Hellas Verona,it Serie A,DF,Defender,0.009,0.009,0.179,3.406,0.717,2.331,0.627,0.359,9.8,17.1,20.0,52.9,36.0,81.4,15.2,55.4,flavius_daniliuc_at_aut_2001_0,Flavius Daniliuc,1004,-0.8891128401464826,-1.0875497658993627,-1.170128729224243,-0.12516196727533146,-0.763096031273558,0.8721986905226065,-0.3652982333055083,-0.5917654070916697,1,Stopper / Defensive Destroyer,"{""Defender Archetype 1 (Low PrgC)"": 0.9016, ""Defender Archetype 2 (High xAG)"": 0.0007, ""Defender Archetype 3 (Low npxG)"": 0.0977}",-1.898,-0.077
Florent Hanin,dz ALG,1990.0,2672,33,1,2,0.9,1.9,25,99,48,69,47,11,34.0,Angers,fr Ligue 1,DF,Defender,0.03,0.064,0.842,3.335,1.617,2.324,1.583,0.371,38.6,66.5,76.3,50.3,68.0,81.3,90.0,56.3,florent_hanin_dz_alg_1990_0,Florent Hanin,2672,-0.7363904659285812,-0.42250545124080435,-0.1433112727130825,-0.16667550204902806,-0.07037922456067448,0.8630759586550253,1.608294261548689,-0.573147952356753,1,Stopper / Defensive Destroyer,"{""Defender Archetype 1 (Low PrgC)"": 0.0, ""Defender Archetype 2 (High xAG)"": 0.0348, ""Defender Archetype 3 (Low npxG)"": 0.9652}",-1.458,1.056
Florian Ayé,fr FRA,1997.0,575,26,2,0,1.9,0.1,3,7,5,2,7,2,27.0,Auxerre,fr Ligue 1,FW,Forward,0.297,0.016,0.47,1.096,0.783,0.313,1.096,0.313,59.8,1.9,5.1,10.6,10.4,7.1,98.9,9.3,florian_ay__fr_fra_1997_0,Florian Ayé,575,1.2053654348418787,-1.002907762215546,-0.7194441442397066,-1.4758135916026403,-0.7122967987812798,-1.7577545821600338,0.6029181684587372,-0.6631323169088502,0,Clinical Finisher / Poacher,"{""Forward Archetype 1 (Low PrgC)"": 0.0002, ""Forward Archetype 2 (High PrgC)"": 0.9998}",-0.946,-2.529
Florian Grillitsch,at AUT,1995.0,1224,21,0,0,0.3,0.8999999999999999,13,82,13,26,12,16,28.0,"Valladolid, Hoffenheim","es La Liga, de Bundesliga",MF,Midfielder,0.022,0.066,0.956,6.029,0.956,1.912,0.882,1.176,7.8,33.8,45.6,81.9,27.4,52.6,57.6,77.6,florian_grillitsch_at_aut_1995_0,Florian Grillitsch,1224,-0.7945704180115913,-0.3983220216168568,0.03324557501281841,1.4085000286599632,-0.5791412348242478,0.3261380258774001,0.1611307271420025,0.6757729694439056,1,Box-to-Box / Pressing Engine,"{""Midfielder Archetype 1 (Low xAG)"": 0.854, ""Midfielder Archetype 2 (High xAG)"": 0.146}",-0.427,1.245
Florian Lejeune,fr FRA,1991.0,3325,37,2,3,3.6,1.9,14,143,21,46,41,4,33.0,Rayo Vallecano,es La Liga,DF,Defender,0.097,0.051,0.379,3.871,0.568,1.245,1.11,0.108,90.3,58.6,47.5,64.6,27.2,21.5,60.6,19.6,florian_lejeune_fr_fra_1991_0,Florian Lejeune,3325,-0.2491333672333721,-0.5796977437964637,-0.8603798735647677,0.1467224506087371,-0.8777791470515797,-0.5431279963621046,0.6318201506009535,-0.9811805019636763,1,Stopper / Defensive Destroyer,"{""Defender Archetype 1 (Low PrgC)"": 0.7142, ""Defender Archetype 2 (High xAG)"": 0.0343, ""Defender Archetype 3 (Low npxG)"": 0.2515}",-1.607,-0.459
Florian Sotoca,fr FRA,1990.0,1794,31,1,1,4.6,1.5,18,105,44,22,14,16,33.0,Lens,fr Ligue 1,"FW,MF",Forward,0.231,0.075,0.903,5.268,2.207,1.104,0.702,0.803,39.7,20.4,32.9,96.0,51.4,57.0,94.0,42.8,florian_sotoca_fr_fra_1990_0,Florian Sotoca,1794,0.7253808301570461,-0.2894965883090928,-0.04883787173694244,0.9635450996066808,0.3837351265066601,-0.7268858811233794,-0.21046618611506407,0.09708041810024652,0,Clinical Finisher / Poacher,"{""Forward Archetype 1 (Low PrgC)"": 0.0, ""Forward Archetype 2 (High PrgC)"": 1.0}",0.534,-0.206
Florian Tardieu,fr FRA,1992.0,1252,24,2,4,0.6,1.3,19,139,11,18,15,3,32.0,Saint-Étienne,fr Ligue 1,MF,Midfielder,0.043,0.093,1.366,9.992,0.791,1.294,1.078,0.216,22.5,49.8,69.7,99.3,19.1,17.7,70.1,9.6,florian_tardieu_fr_fra_1992_0,Florian Tardieu,1252,-0.6418480437936899,-0.07184572169356465,0.668230729114743,3.7256569062396707,-0.7061393160549431,-0.47926887328903767,0.5657584771330305,-0.8136234093494265,1,Box-to-Box / Pressing Engine,"{""Midfielder Archetype 1 (Low xAG)"": 0.4589, ""Midfielder Archetype 2 (High xAG)"": 0.5411}",-0.462,2.147
Florian Thauvin,fr FRA,1993.0,1956,25,8,3,5.7,3.8,39,90,92,20,7,39,31.0,Udinese,it Serie A,"FW,MF",Forward,0.262,0.175,1.794,4.141,4.233,0.92,0.322,1.794,50.4,67.6,82.5,88.8,85.4,45.0,56.8,84.7,florian_thauvin_fr_fra_1993_0,Florian Thauvin,1956,0.95082814447871,0.9196748928882855,1.33109328022602,0.3045908222833576,1.9431176269514399,-0.9666834044997946,-0.9949485585466487,1.6345718882921134,1,Dynamic Winger / Dribbler,"{""Forward Archetype 1 (Low PrgC)"": 0.0025, ""Forward Archetype 2 (High PrgC)"": 0.9975}",3.323,-0.05
Florian Wirtz,de GER,2003.0,2351,31,10,12,6.1,7.0,57,176,131,32,10,82,21.0,Leverkusen,de Bundesliga,"MF,FW",Midfielder,0.234,0.268,2.182,6.738,5.015,1.225,0.383,3.139,89.7,96.4,93.3,89.2,98.7,15.6,14.0,99.7,florian_wirtz_de_ger_2003_0,Florian Wirtz,2351,0.7471983121881749,2.044204370401848,1.9320060602054019,1.8230506787240595,2.5450115634508563,-0.5691929445551933,-0.8690184934984206,3.7212782731640206,0,Deep-Lying Playmaker,"{""Midfielder Archetype 1 (Low xAG)"": 0.0, ""Midfielder Archetype 2 (High xAG)"": 1.0}",5.107,1.845
Flynn Downes,eng ENG,1999.0,2151,27,1,0,0.6,1.1,15,66,29,49,32,8,25.0,Southampton,eng Premier League,MF,Midfielder,0.025,0.046,0.628,2.762,1.213,2.05,1.339,0.335,9.2,20.1,21.8,14.1,41.9,58.3,84.0,17.6,flynn_downes_eng_eng_1999_0,Flynn Downes,2151,-0.7727529359804625,-0.6401563178563325,-0.47474254826872103,-0.5017072686029449,-0.38133210224067987,0.5059861684097113,1.1045740013557768,-0.6290003165615029,1,Box-to-Box / Pressing Engine,"{""Midfielder Archetype 1 (Low xAG)"": 0.9988, ""Midfielder Archetype 2 (High xAG)"": 0.0012}",-1.657,0.337
Fodé Ballo-Touré,sn SEN,1997.0,589,10,0,0,0.0,0.1,1,13,15,8,4,5,27.0,Le Havre,fr Ligue 1,"DF,MF",Defender,0.0,0.015,0.153,1.986,2.292,1.222,0.611,0.764,2.6,27.1,16.5,10.1,85.6,20.6,13.6,82.6,fod__ballo_tour__sn_sen_1997_0,Fodé Ballo-Touré,589,-0.9545652862398688,-1.01499947702752,-1.2103960804599747,-0.9554326627492615,0.449158380473988,-0.5731026867841567,-0.3983290700394698,0.03657369021176735,1,Stopper / Defensive Destroyer,"{""Defender Archetype 1 (Low PrgC)"": 0.0, ""Defender Archetype 2 (High xAG)"": 0.0818, ""Defender Archetype 3 (Low npxG)"": 0.9182}",-0.922,-0.961
Folarin Balogun,us USA,2001.0,615,13,4,0,4.8,0.9,6,9,21,1,1,4,23.0,Monaco,fr Ligue 1,FW,Forward,0.702,0.132,0.878,1.317,3.073,0.146,0.146,0.585,98.4,49.4,30.8,18.2,69.8,2.0,22.5,27.1,folarin_balogun_us_usa_2001_0,Folarin Balogun,615,4.150725509044262,0.399731155973413,-0.0875564786943769,-1.3465954058985992,1.0502826316326126,-1.9753968995723237,-1.3582877626202248,-0.24113667625073945,0,Clinical Finisher / Poacher,"{""Forward Archetype 1 (Low PrgC)"": 1.0, ""Forward Archetype 2 (High PrgC)"": 0.0}",2.55,-3.728
Fran Beltrán,es ESP,1999.0,2421,34,2,1,1.0,1.8,15,152,28,50,26,10,25.0,Celta Vigo,es La Liga,MF,Midfielder,0.037,0.067,0.558,5.651,1.041,1.859,0.967,0.372,18.6,34.4,15.8,76.3,31.5,50.4,63.7,19.9,fran_beltr_n_es_esp_1999_0,Fran Beltrán,2421,-0.6854830078559474,-0.386230306804883,-0.5831546477495373,1.1874843083154942,-0.5137179808569199,0.2570659131657154,0.3366070472911727,-0.5715964977955099,1,Box-to-Box / Pressing Engine,"{""Midfielder Archetype 1 (Low xAG)"": 0.9926, ""Midfielder Archetype 2 (High xAG)"": 0.0074}",-1.194,0.804
Fran Garcia,es ESP,1999.0,2171,31,0,2,0.9,1.8,24,119,78,51,28,8,24.0,Real Madrid,es La Liga,DF,Defender,0.037,0.075,0.995,4.933,3.234,2.114,1.161,0.332,46.0,71.6,80.7,84.8,96.3,71.5,64.7,51.8,fran_garcia_es_esp_1999_0,Fran Garcia,2171,-0.6854830078559474,-0.2894965883090928,0.09364660186641614,0.7676713791955776,1.1742019715001395,0.589394002627595,0.7371059426904556,-0.6336546802452321,0,Ball-Playing Defender,"{""Defender Archetype 1 (Low PrgC)"": 0.0, ""Defender Archetype 2 (High xAG)"": 0.5595, ""Defender Archetype 3 (Low npxG)"": 0.4405}",-0.372,1.359
Francesco Acerbi,it ITA,1988.0,1710,23,0,1,0.4,0.6,9,62,19,23,26,3,36.0,Inter,it Serie A,DF,Defender,0.021,0.032,0.474,3.263,1.0,1.211,1.368,0.158,26.7,46.3,57.0,48.5,49.6,19.4,79.4,29.5,francesco_acerbi_it_ita_1988_0,Francesco Acerbi,1710,-0.8018429120219674,-0.8094403252239655,-0.7132491671265171,-0.20877373449559355,-0.5452750798293957,-0.5874384082903553,1.164442392936082,-0.9036077739015236,1,Stopper / Defensive Destroyer,"{""Defender Archetype 1 (Low PrgC)"": 0.7224, ""Defender Archetype 2 (High xAG)"": 0.0029, ""Defender Archetype 3 (Low npxG)"": 0.2747}",-1.844,-0.19
Francesco Zampano,it ITA,1993.0,1639,24,1,2,1.0,0.8,12,41,42,31,6,8,30.0,Venezia,it Serie A,DF,Defender,0.055,0.044,0.659,2.251,2.306,1.702,0.329,0.439,66.8,54.7,67.1,16.2,86.1,50.3,2.1,62.9,francesco_zampano_it_ita_1993_0,Francesco Zampano,1639,-0.5545781156691748,-0.6643397474802801,-0.4267314756415023,-0.800487779438986,0.45993397524507745,0.052456069849969804,-0.9804975674755405,-0.4676490421922253,0,Ball-Playing Defender,"{""Defender Archetype 1 (Low PrgC)"": 0.0, ""Defender Archetype 2 (High xAG)"": 0.12, ""Defender Archetype 3 (Low npxG)"": 0.88}",-0.384,-0.756
Francisco Conceição,pt POR,2002.0,1340,26,3,3,2.3,4.3,28,35,95,23,6,35,21.0,Juventus,it Serie A,"FW,MF",Forward,0.154,0.289,1.881,2.351,6.381,1.545,0.403,2.351,15.2,93.0,86.0,54.5,97.1,81.5,68.8,93.3,francisco_concei__o_pt_por_2002_0,Francisco Conceição,1340,0.16539879135807442,2.298130381453297,1.4658340324378918,-0.7420180121520894,3.596401738972855,-0.1521537734657758,-0.8277299475809687,2.4987320789044944,1,Dynamic Winger / Dribbler,"{""Forward Archetype 1 (Low PrgC)"": 0.0, ""Forward Archetype 2 (High PrgC)"": 1.0}",4.553,0.863
Francisco Perez,es ESP,2002.0,570,26,0,0,0.3,2.6,7,13,24,17,3,8,21.0,Valencia,es La Liga,"FW,MF",Forward,0.047,0.411,1.105,2.053,3.789,2.684,0.474,1.263,0.4,98.2,45.9,44.8,80.7,97.8,79.2,62.3,francisco_perez_es_esp_2002_0,Francisco Perez,570,-0.6127580677521849,3.7733195885140987,0.26400847247912756,-0.916257918667041,1.601377335639751,1.3322450261306207,-0.6811556095740149,0.8107495162720513,1,Dynamic Winger / Dribbler,"{""Forward Archetype 1 (Low PrgC)"": 0.0, ""Forward Archetype 2 (High PrgC)"": 1.0}",2.596,1.296
Franck Honorat,fr FRA,1996.0,1439,19,4,7,4.5,5.3,50,45,63,17,5,12,27.0,Gladbach,de Bundesliga,FW,Forward,0.281,0.331,3.127,2.814,3.94,1.063,0.313,0.751,56.2,95.8,99.1,67.8,82.5,52.1,54.1,39.2,franck_honorat_fr_fra_1996_0,Franck Honorat,1439,1.089005530675859,2.805982403556196,3.3955694031964225,-0.47130298961375866,1.717599822099357,-0.7803190249192111,-1.013528404209502,0.016404780915607625,1,Dynamic Winger / Dribbler,"{""Forward Archetype 1 (Low PrgC)"": 0.0, ""Forward Archetype 2 (High PrgC)"": 1.0}",4.331,0.107
Frank Magri,cm CMR,1999.0,1516,31,5,1,6.0,1.5,9,25,17,8,4,4,24.0,Toulouse,fr Ligue 1,"FW,MF",Forward,0.356,0.089,0.534,1.484,1.009,0.475,0.237,0.237,73.7,28.5,7.5,23.1,19.3,16.6,40.8,4.7,frank_magri_cm_cmr_1999_0,Frank Magri,1516,1.6344425814540777,-0.12021258094145984,-0.6203245104286743,-1.2489508945294818,-0.5383479117622669,-1.546628501796016,-1.170424878695819,-0.7810428635633223,0,Clinical Finisher / Poacher,"{""Forward Archetype 1 (Low PrgC)"": 0.9993, ""Forward Archetype 2 (High PrgC)"": 0.0007}",0.243,-2.944
Frank Onyeka,ng NGA,1998.0,2611,33,0,1,1.4,1.3,17,107,46,58,36,18,26.0,"Brentford, Augsburg","eng Premier League, de Bundesliga",MF,Midfielder,0.048,0.045,0.586,3.688,1.586,1.999,1.241,0.62,26.2,19.3,18.4,35.2,57.8,55.2,79.2,42.1,frank_onyeka_ng_nga_1998_0,Frank Onyeka,2611,-0.6054855737418086,-0.6522480326683063,-0.5397898079572109,0.03972277647371664,-0.09423947012522929,0.4395205505173358,0.902260126360263,-0.1868357666072325,1,Box-to-Box / Pressing Engine,"{""Midfielder Archetype 1 (Low xAG)"": 0.9981, ""Midfielder Archetype 2 (High xAG)"": 0.0019}",-1.227,0.548
Frans Krätzig,de GER,2003.0,1273,17,1,2,0.6,1.8,28,39,25,34,17,9,21.0,"Heidenheim, Stuttgart",de Bundesliga,"DF,MF",Defender,0.042,0.127,1.98,2.757,1.767,2.404,1.202,0.636,52.5,85.9,97.9,31.4,73.5,83.0,68.7,77.7,frans_kr_tzig_de_ger_2003_0,Frans Krätzig,1273,-0.6491205378040661,0.33927258191354404,1.619159715989332,-0.5046307569672897,0.04507357655813936,0.9673357514273798,0.8217474618212316,-0.1620124936273436,0,Ball-Playing Defender,"{""Defender Archetype 1 (Low PrgC)"": 0.0, ""Defender Archetype 2 (High xAG)"": 1.0, ""Defender Archetype 3 (Low npxG)"": 0.0}",0.146,1.22
Frederic Guilbert,fr FRA,1994.0,2435,31,0,1,0.3,1.8,19,88,48,65,47,18,29.0,Lecce,it Serie A,DF,Defender,0.011,0.067,0.702,3.253,1.774,2.402,1.737,0.665,12.6,68.2,69.2,47.9,73.9,82.9,93.7,78.9,frederic_guilbert_fr_fra_1994_0,Frederic Guilbert,2435,-0.8745678521257301,-0.386230306804883,-0.3601354716747152,-0.21462071122428308,0.05046137394368409,0.9647292566080712,1.9262160651130684,-0.117020311351295,1,Stopper / Defensive Destroyer,"{""Defender Archetype 1 (Low PrgC)"": 0.0, ""Defender Archetype 2 (High xAG)"": 0.0277, ""Defender Archetype 3 (Low npxG)"": 0.9723}",-1.476,1.299
Fredrik Jensen,fi FIN,1997.0,763,20,0,0,0.7,0.7,11,20,16,7,4,7,26.0,Augsburg,de Bundesliga,MF,Midfielder,0.083,0.083,1.298,2.359,1.887,0.826,0.472,0.826,48.3,44.9,66.5,7.7,66.8,4.8,21.5,59.9,fredrik_jensen_fi_fin_1997_0,Fredrik Jensen,763,-0.35094828337863965,-0.19276286981330243,0.5629161181905213,-0.7373404307691377,0.13743581745319056,-1.0891886610073112,-0.68528446416576,0.13276387300883663,0,Deep-Lying Playmaker,"{""Midfielder Archetype 1 (Low xAG)"": 0.4291, ""Midfielder Archetype 2 (High xAG)"": 0.5709}",0.541,-0.942
Frenkie de Jong,nl NED,1997.0,1143,26,2,2,0.7,2.0,21,120,36,19,12,5,27.0,Barcelona,es La Liga,MF,Midfielder,0.055,0.157,1.654,9.449,2.835,1.496,0.945,0.394,30.5,75.0,80.1,98.2,87.4,28.4,62.6,21.8,frenkie_de_jong_nl_ned_1997_0,Frenkie de Jong,1143,-0.5545781156691748,0.7020240262727576,1.1142690812643872,3.4081660698718226,0.8670975205240944,-0.21601289653884279,0.2911896467819756,-0.5374644974481627,0,Deep-Lying Playmaker,"{""Midfielder Archetype 1 (Low xAG)"": 0.0117, ""Midfielder Archetype 2 (High xAG)"": 0.9883}",0.928,2.525
Fábio Silva,pt POR,2002.0,1866,24,10,3,6.4,2.0,16,26,30,12,4,21,22.0,Las Palmas,es La Liga,FW,Forward,0.309,0.096,0.772,1.254,1.447,0.579,0.193,1.013,63.1,33.0,22.8,16.2,31.9,23.3,31.5,51.7,f_bio_silva_pt_por_2002_0,Fábio Silva,1866,1.292635362966394,-0.03557057725764327,-0.2517233721938988,-1.3834313592893437,-0.20122573249533018,-1.4110907711919554,-1.261259679714213,0.4228858759612877,0,Clinical Finisher / Poacher,"{""Forward Archetype 1 (Low PrgC)"": 0.9986, ""Forward Archetype 2 (High PrgC)"": 0.0014}",0.963,-2.514
Félix Lemaréchal,fr FRA,2003.0,1779,27,4,3,3.5,2.9,29,58,35,35,14,24,20.0,Strasbourg,fr Ligue 1,"MF,FW",Midfielder,0.177,0.147,1.467,2.934,1.771,1.771,0.708,1.214,80.3,72.4,74.3,17.7,63.8,44.4,42.4,78.5,f_lix_lemar_chal_fr_fra_2003_0,Félix Lemaréchal,1779,0.33266615359672824,0.5811068781530196,0.824653901222778,-0.4011392688694828,0.04815231792130773,0.14238014111612543,-0.1980796223398285,0.7347282427711417,0,Deep-Lying Playmaker,"{""Midfielder Archetype 1 (Low xAG)"": 0.1962, ""Midfielder Archetype 2 (High xAG)"": 0.8038}",1.073,0.056
Gabriel Gudmundsson,se SWE,1999.0,1785,30,2,0,0.7,1.4,16,91,71,36,17,20,25.0,Lille,fr Ligue 1,DF,Defender,0.035,0.071,0.807,4.588,3.58,1.815,0.857,1.008,44.1,69.9,74.6,80.6,97.5,56.8,34.1,91.0,gabriel_gudmundsson_se_swe_1999_0,Gabriel Gudmundsson,1785,-0.7000279958766998,-0.337863447556988,-0.19751732245349055,0.5659506820557849,1.4405130994142037,0.1997230271409204,0.10952004474518766,0.4151286031550726,0,Ball-Playing Defender,"{""Defender Archetype 1 (Low PrgC)"": 0.0, ""Defender Archetype 2 (High xAG)"": 0.5227, ""Defender Archetype 3 (Low npxG)"": 0.4773}",0.275,0.935
Gabriel Jesus,br BRA,1997.0,608,17,3,0,3.0,0.7,8,19,15,10,4,9,27.0,Arsenal,eng Premier League,FW,Forward,0.444,0.104,1.184,2.812,2.22,1.48,0.592,1.332,84.3,37.4,51.7,67.6,52.3,78.3,87.8,65.3,gabriel_jesus_br_bra_1997_0,Gabriel Jesus,608,2.2744220543671885,0.06116314123814692,0.3863592704646202,-0.4724723849594967,0.3937410359369576,-0.23686485509331368,-0.4375531886610491,0.9177998809978223,0,Clinical Finisher / Poacher,"{""Forward Archetype 1 (Low PrgC)"": 0.9692, ""Forward Archetype 2 (High PrgC)"": 0.0308}",1.627,-1.154
Gabriel Magalhães,br BRA,1997.0,2363,28,3,1,2.6,0.9,13,126,10,25,16,4,26.0,Arsenal,eng Premier League,DF,Defender,0.099,0.034,0.495,4.799,0.381,0.952,0.609,0.152,91.2,48.3,58.9,82.9,17.0,7.6,13.3,27.9,gabriel_magalh_es_br_bra_1997_0,Gabriel Magalhães,2363,-0.23458837921261955,-0.7852568956000179,-0.6807255372822721,0.6893218910311366,-1.021710305779701,-0.9249794873908529,-0.402457924631215,-0.9129165012689818,1,Stopper / Defensive Destroyer,"{""Defender Archetype 1 (Low PrgC)"": 0.9885, ""Defender Archetype 2 (High xAG)"": 0.0088, ""Defender Archetype 3 (Low npxG)"": 0.0026}",-1.201,-0.767
Gabriel Martinelli,br BRA,2001.0,2290,33,8,4,7.4,5.0,40,52,124,23,5,33,23.0,Arsenal,eng Premier League,"FW,MF",Forward,0.291,0.197,1.572,2.044,4.873,0.904,0.197,1.297,58.5,76.9,75.3,44.2,91.1,43.7,32.5,63.9,gabriel_martinelli_br_bra_2001_0,Gabriel Martinelli,2290,1.1617304707796212,1.185692618751709,0.9872720504440025,-0.9215201977228615,2.4357162450583796,-0.9875353630542655,-1.2530019705307227,0.8634989713543152,1,Dynamic Winger / Dribbler,"{""Forward Archetype 1 (Low PrgC)"": 0.0033, ""Forward Archetype 2 (High PrgC)"": 0.9967}",3.28,-0.965
Gabriel Osho,ng NGA,1998.0,1654,20,1,0,1.0,0.1,1,43,12,23,12,4,25.0,Auxerre,fr Ligue 1,DF,Defender,0.054,0.005,0.054,2.34,0.653,1.252,0.653,0.218,65.7,11.5,4.7,18.9,32.4,21.8,16.6,36.9,gabriel_osho_ng_nga_1998_0,Gabriel Osho,1654,-0.5618506096795511,-1.1359166251472577,-1.363721764011415,-0.7484496865536481,-0.8123558930842518,-0.5340052644945238,-0.3116231236128209,-0.8105205002269403,1,Stopper / Defensive Destroyer,"{""Defender Archetype 1 (Low PrgC)"": 0.9954, ""Defender Archetype 2 (High xAG)"": 0.0002, ""Defender Archetype 3 (Low npxG)"": 0.0044}",-1.821,-1.349
Gabriel Strefezza,br BRA,1997.0,2619,37,6,4,3.7,3.9,57,106,80,57,13,36,27.0,Como,it Serie A,"FW,MF",Forward,0.127,0.134,1.959,3.643,2.749,1.959,0.447,1.237,9.4,50.4,88.2,84.0,62.5,92.5,76.4,61.3,gabriel_strefezza_br_bra_1997_0,Gabriel Strefezza,2619,-0.030958546922084437,0.4239145855973606,1.5866360861450872,0.013411381194613003,0.8009045812159745,0.38739065413115853,-0.7368951465625748,0.7704116976797322,1,Dynamic Winger / Dribbler,"{""Forward Archetype 1 (Low PrgC)"": 0.0009, ""Forward Archetype 2 (High PrgC)"": 0.9991}",1.725,0.637
Gabriel Suazo,cl CHI,1997.0,2163,30,0,6,0.8,3.8,40,109,42,59,36,25,26.0,Toulouse,fr Ligue 1,DF,Defender,0.033,0.158,1.664,4.535,1.748,2.455,1.498,1.04,41.4,92.1,95.5,79.7,72.8,84.5,86.0,92.1,gabriel_suazo_cl_chi_1997_0,Gabriel Suazo,2163,-0.7145729838974524,0.7141157410847313,1.1297565240473608,0.5349617053937298,0.030449555083089667,1.0338013693197559,1.4328179413995188,0.4647751491148504,0,Ball-Playing Defender,"{""Defender Archetype 1 (Low PrgC)"": 0.0, ""Defender Archetype 2 (High xAG)"": 1.0, ""Defender Archetype 3 (Low npxG)"": 0.0}",0.164,2.111
Gabriele Zappa,it ITA,1999.0,3060,37,2,0,0.9,3.6,28,146,57,40,23,13,24.0,Cagliari,it Serie A,DF,Defender,0.026,0.106,0.824,4.294,1.676,1.176,0.676,0.382,33.3,82.6,75.3,75.7,69.7,17.2,18.2,57.2,gabriele_zappa_it_ita_1999_0,Gabriele Zappa,3060,-0.7654804419700862,0.08534657086209452,-0.1711886697224353,0.39404956623230897,-0.024967789453941056,-0.6330520676282606,-0.26414129580775125,-0.5560819521830794,0,Ball-Playing Defender,"{""Defender Archetype 1 (Low PrgC)"": 0.0, ""Defender Archetype 2 (High xAG)"": 0.3734, ""Defender Archetype 3 (Low npxG)"": 0.6266}",-0.294,-0.016
Gaby Jean,fr FRA,2000.0,1388,19,0,0,0.1,0.1,1,42,8,14,9,2,24.0,Lecce,it Serie A,DF,Defender,0.006,0.006,0.065,2.723,0.519,0.908,0.584,0.13,7.0,13.0,5.4,30.3,24.5,6.8,11.4,24.0,gaby_jean_fr_fra_2000_0,Gaby Jean,1388,-0.9109303221776113,-1.1238249103352838,-1.346685576950144,-0.5245104778448346,-0.9154937287503921,-0.9823223734156478,-0.4540686070280298,-0.9470485016163291,1,Stopper / Defensive Destroyer,"{""Defender Archetype 1 (Low PrgC)"": 0.9954, ""Defender Archetype 2 (High xAG)"": 0.0001, ""Defender Archetype 3 (Low npxG)"": 0.0045}",-1.88,-1.405
Gaetano Castrovilli,it ITA,1997.0,744,21,0,0,0.4,1.1,9,34,15,17,5,6,27.0,"Monza, Lazio",it Serie A,MF,Midfielder,0.048,0.133,1.089,4.113,1.815,2.056,0.605,0.726,26.2,66.0,53.9,45.6,65.3,58.7,34.0,50.8,gaetano_castrovilli_it_ita_1997_0,Gaetano Castrovilli,744,-0.6054855737418086,0.4118228707853868,0.2392285640263695,0.28821928744302683,0.08201847291615984,0.5138056528676382,-0.4107156338147054,-0.022381583115468767,1,Box-to-Box / Pressing Engine,"{""Midfielder Archetype 1 (Low xAG)"": 0.8185, ""Midfielder Archetype 2 (High xAG)"": 0.1815}",0.193,0.649
Gaetano Oristanio,it ITA,2002.0,2315,37,3,3,4.1,2.6,33,64,72,17,6,55,21.0,Venezia,it Serie A,"FW,MF",Forward,0.159,0.101,1.283,2.488,2.799,0.661,0.233,2.138,17.5,36.3,57.2,59.6,63.6,29.2,39.7,89.8,gaetano_oristanio_it_ita_2002_0,Gaetano Oristanio,2315,0.20176126140995573,0.024887996802225705,0.5396849540160604,-0.6619144309690412,0.839388848255579,-1.304224483600292,-1.1786825878793095,2.1682722573597237,1,Dynamic Winger / Dribbler,"{""Forward Archetype 1 (Low PrgC)"": 0.1292, ""Forward Archetype 2 (High PrgC)"": 0.8708}",2.132,-0.976
Gautier Lloris,fr FRA,1995.0,2768,31,2,1,1.2,0.9,5,99,13,68,34,4,29.0,Le Havre,fr Ligue 1,DF,Defender,0.039,0.029,0.163,3.219,0.423,2.211,1.105,0.13,48.2,43.2,17.5,46.9,19.8,76.1,60.2,24.0,gautier_lloris_fr_fra_1995_0,Gautier Lloris,2768,-0.6709380198351949,-0.8457154696598869,-1.194908637677001,-0.23450043210182803,-0.9893835214664332,0.7158090013640747,0.6214980141215903,-0.9470485016163291,1,Stopper / Defensive Destroyer,"{""Defender Archetype 1 (Low PrgC)"": 0.632, ""Defender Archetype 2 (High xAG)"": 0.0041, ""Defender Archetype 3 (Low npxG)"": 0.3639}",-2.283,0.013
Gavi,es ESP,2004.0,1085,26,1,1,0.9,1.6,14,77,13,30,10,9,19.0,Barcelona,es La Liga,"MF,FW",Midfielder,0.075,0.133,1.161,6.387,1.078,2.488,0.829,0.747,43.1,66.0,58.6,85.7,33.3,77.1,52.9,53.2,gavi_es_esp_2004_0,Gavi,1085,-0.4091282354616497,0.4118228707853868,0.35073815206378073,1.6178217955470522,-0.4852396232476124,1.076808533838352,0.05171608046075505,0.010198962670635404,1,Box-to-Box / Pressing Engine,"{""Midfielder Archetype 1 (Low xAG)"": 0.9634, ""Midfielder Archetype 2 (High xAG)"": 0.0366}",-0.101,1.69
Gaëtan Laborde,fr FRA,1994.0,1829,28,11,4,8.6,3.5,27,40,30,19,6,18,30.0,Nice,fr Ligue 1,FW,Forward,0.423,0.172,1.329,1.968,1.476,0.935,0.295,0.886,81.8,66.2,60.3,41.5,33.5,46.1,51.3,45.9,ga_tan_laborde_fr_fra_1994_0,Gaëtan Laborde,1829,2.121699680149287,0.8833997484523641,0.6109271908177398,-0.965957220860903,-0.17890485761235958,-0.9471346933549781,-1.0506880955352087,0.22585114668341996,0,Clinical Finisher / Poacher,"{""Forward Archetype 1 (Low PrgC)"": 0.9986, ""Forward Archetype 2 (High PrgC)"": 0.0014}",1.834,-1.961
Gaëtan Perrin,fr FRA,1996.0,2691,34,10,11,6.1,7.8,73,142,83,49,12,60,28.0,Auxerre,fr Ligue 1,"MF,FW",Midfielder,0.204,0.261,2.441,4.749,2.776,1.639,0.401,2.007,85.9,94.9,96.0,62.4,86.9,36.5,16.0,96.2,ga_tan_perrin_fr_fra_1996_0,Gaëtan Perrin,2691,0.5290234918768871,1.9595623667180313,2.3331308282844225,0.660087007387688,0.8216860854173609,-0.029648516958259232,-0.8318588021727139,1.9650317098368841,0,Deep-Lying Playmaker,"{""Midfielder Archetype 1 (Low xAG)"": 0.0, ""Midfielder Archetype 2 (High xAG)"": 1.0}",3.566,1.127
Geoffrey Kondogbia,cf CTA,1993.0,2020,25,0,0,0.5,0.2,5,105,20,60,22,10,31.0,Marseille,fr Ligue 1,"DF,MF",Defender,0.022,0.009,0.223,4.678,0.891,2.673,0.98,0.446,28.1,17.1,26.7,81.8,45.2,91.7,47.9,64.0,geoffrey_kondogbia_cf_cta_1993_0,Geoffrey Kondogbia,2020,-0.7945704180115913,-1.0875497658993627,-1.1019839809791585,0.6185734726139916,-0.6291707819757337,1.3179093046244217,0.3634446021375164,-0.45678886026352394,1,Stopper / Defensive Destroyer,"{""Defender Archetype 1 (Low PrgC)"": 0.6243, ""Defender Archetype 2 (High xAG)"": 0.0063, ""Defender Archetype 3 (Low npxG)"": 0.3695}",-2.008,0.852
George Hirst,sct SCO,1999.0,661,26,3,1,2.1,0.3,4,13,9,3,2,2,25.0,Ipswich Town,eng Premier League,FW,Forward,0.286,0.041,0.545,1.77,1.225,0.408,0.272,0.272,57.5,7.3,8.2,33.8,25.9,13.3,46.6,6.1,george_hirst_sct_sco_1999_0,George Hirst,661,1.12536800072774,-0.7006148919162014,-0.6032883233674032,-1.0817273600889579,-0.37209587815117473,-1.633946078242863,-1.0981699233402782,-0.7267419539198153,0,Clinical Finisher / Poacher,"{""Forward Archetype 1 (Low PrgC)"": 0.9973, ""Forward Archetype 2 (High PrgC)"": 0.0027}",-0.084,-2.728
George Ilenikhena,ng NGA,2006.0,717,23,3,2,5.1,1.4,9,10,8,4,2,3,17.0,Monaco,fr Ligue 1,FW,Forward,0.64,0.176,1.13,1.255,1.004,0.502,0.251,0.377,96.9,68.2,47.9,16.4,18.8,17.5,43.9,13.1,george_ilenikhena_ng_nga_2006_0,George Ilenikhena,717,3.6998308804009343,0.9317666077002593,0.3027270794365618,-1.382846661616475,-0.5421963384662273,-1.5114408217353466,-1.1415228965536026,-0.5638392249892947,0,Clinical Finisher / Poacher,"{""Forward Archetype 1 (Low PrgC)"": 1.0, ""Forward Archetype 2 (High PrgC)"": 0.0}",1.858,-3.383
Georges Mikautadze,ge GEO,2000.0,1449,34,11,6,7.0,4.3,21,54,37,7,4,17,23.0,Lyon,fr Ligue 1,FW,Forward,0.435,0.267,1.304,3.354,2.298,0.435,0.248,1.056,83.4,91.1,58.6,79.2,53.2,14.5,43.2,55.0,georges_mikautadze_ge_geo_2000_0,Georges Mikautadze,1449,2.208969608273802,2.032112655589874,0.5722085838603056,-0.15556624626451765,0.4537764925187407,-1.5987583981821933,-1.1477161784412204,0.48959842209473925,0,Clinical Finisher / Poacher,"{""Forward Archetype 1 (Low PrgC)"": 0.5857, ""Forward Archetype 2 (High PrgC)"": 0.4143}",2.936,-1.592
Georginio Rutter,fr FRA,2002.0,1656,28,5,3,4.6,2.5,19,67,42,39,10,27,22.0,Brighton,eng Premier League,"MF,FW",Midfielder,0.25,0.136,1.033,3.641,2.283,2.12,0.543,1.467,90.7,67.6,51.3,34.2,76.8,61.5,28.5,85.8,georginio_rutter_fr_fra_2002_0,Georginio Rutter,1656,0.8635582163541949,0.4480980152213082,0.15249888444171633,0.012241985848875201,0.4422312124068592,0.5972134870855219,-0.538710126158806,1.1272462467656346,0,Deep-Lying Playmaker,"{""Midfielder Archetype 1 (Low xAG)"": 0.0006, ""Midfielder Archetype 2 (High xAG)"": 0.9994}",1.27,0.119
Gerard Gumbau,es ESP,1994.0,849,22,0,1,1.1,1.3,17,41,2,17,5,2,29.0,Rayo Vallecano,es La Liga,MF,Midfielder,0.117,0.138,1.802,4.346,0.212,1.802,0.53,0.212,65.0,68.5,85.7,51.2,1.3,47.0,27.0,9.3,gerard_gumbau_es_esp_1994_0,Gerard Gumbau,849,-0.10368348702584695,0.4722814448452558,1.343483234452399,0.42445384522149543,-1.1517871283735648,0.18278081081541295,-0.5655476810051496,-0.8198292275943987,1,Box-to-Box / Pressing Engine,"{""Midfielder Archetype 1 (Low xAG)"": 0.0937, ""Midfielder Archetype 2 (High xAG)"": 0.9063}",0.146,0.234
Gerard Martín,es ESP,2002.0,1038,28,1,3,0.5,1.1,12,40,10,22,13,4,22.0,Barcelona,es La Liga,DF,Defender,0.043,0.095,1.04,3.468,0.867,1.908,1.127,0.347,54.1,78.5,83.0,54.7,43.9,61.9,61.7,53.7,gerard_mart_n_es_esp_2002_0,Gerard Martín,1038,-0.6418480437936899,-0.047662292069617064,0.16334009438979816,-0.08891071155745574,-0.647643230154744,0.3209250362387824,0.6669154146307874,-0.6103828618265864,0,Ball-Playing Defender,"{""Defender Archetype 1 (Low PrgC)"": 0.0, ""Defender Archetype 2 (High xAG)"": 0.4752, ""Defender Archetype 3 (Low npxG)"": 0.5248}",-0.963,0.457
Gerard Moreno,es ESP,1992.0,721,17,3,2,1.8,3.6,17,53,19,7,2,18,32.0,Villarreal,es La Liga,FW,Forward,0.225,0.449,2.122,6.616,2.372,0.874,0.25,2.247,37.9,99.3,91.6,98.4,55.2,41.7,43.6,91.8,gerard_moreno_es_esp_1992_0,Gerard Moreno,721,0.6817458660947886,4.232804751369103,1.8390814035075593,1.7517175626340453,0.5107332077373554,-1.0266327853438983,-1.1435873238494754,2.3373808045352167,1,Dynamic Winger / Dribbler,"{""Forward Archetype 1 (Low PrgC)"": 0.0, ""Forward Archetype 2 (High PrgC)"": 1.0}",4.789,1.303
Gerrit Holtmann,ph PHI,1995.0,1136,23,2,1,2.0,2.9,20,33,50,24,16,6,29.0,Bochum,de Bundesliga,"DF,FW",Defender,0.158,0.23,1.585,2.614,3.961,1.901,1.268,0.475,97.9,97.3,94.8,25.9,98.3,61.5,74.2,66.8,gerrit_holtmann_ph_phi_1995_0,Gerrit Holtmann,1136,0.19448876739957946,1.584719207546844,1.0074057260618683,-0.5882425241875517,1.7337632142559907,0.3118023043712015,0.9579996633488228,-0.4117966779874754,0,Ball-Playing Defender,"{""Defender Archetype 1 (Low PrgC)"": 0.0, ""Defender Archetype 2 (High xAG)"": 1.0, ""Defender Archetype 3 (Low npxG)"": 0.0}",1.393,0.88
Giacomo Raspadori,it ITA,2000.0,1103,26,6,1,4.0,2.4,28,42,18,18,3,9,24.0,Napoli,it Serie A,"FW,MF",Forward,0.326,0.196,2.285,3.427,1.469,1.469,0.245,0.734,68.1,76.6,94.0,80.3,33.0,77.6,42.0,38.8,giacomo_raspadori_it_ita_2000_0,Giacomo Raspadori,1103,1.4162677611427903,1.1736009039397353,2.091526720870032,-0.11288331614508325,-0.18429265499790415,-0.2512005765995123,-1.1539094603288382,-0.00996994662552432,0,Clinical Finisher / Poacher,"{""Forward Archetype 1 (Low PrgC)"": 0.0015, ""Forward Archetype 2 (High PrgC)"": 0.9985}",2.267,-0.531
Giangiacomo Magnani,it ITA,1995.0,1065,17,1,0,1.1,0.0,1,31,4,20,17,1,28.0,Hellas Verona,it Serie A,DF,Defender,0.093,0.0,0.085,2.62,0.338,1.69,1.437,0.085,89.4,4.3,7.2,26.7,14.8,49.9,83.8,15.1,giangiacomo_magnani_it_ita_1995_0,Giangiacomo Magnani,1065,-0.27822334327487713,-1.1963751992071265,-1.3157106913841965,-0.5847343381503378,-1.0548067754337611,0.03681710093411663,1.3068878763512908,-1.0168639568722666,1,Stopper / Defensive Destroyer,"{""Defender Archetype 1 (Low PrgC)"": 0.9996, ""Defender Archetype 2 (High xAG)"": 0.0002, ""Defender Archetype 3 (Low npxG)"": 0.0002}",-2.562,-0.539
Gianluca Busio,us USA,2002.0,2518,33,2,0,2.4,1.6,28,95,60,46,19,15,22.0,Venezia,it Serie A,MF,Midfielder,0.086,0.057,1.001,3.396,2.145,1.644,0.679,0.536,49.8,27.0,49.0,27.5,72.1,36.7,39.6,35.2,gianluca_busio_us_usa_2002_0,Gianluca Busio,2518,-0.32913080134751094,-0.5071474549246209,0.10293906753620025,-0.13100894400402124,0.3360146353775505,-0.02313227990998722,-0.2579480139201335,-0.317157949751649,1,Box-to-Box / Pressing Engine,"{""Midfielder Archetype 1 (Low xAG)"": 0.6901, ""Midfielder Archetype 2 (High xAG)"": 0.3099}",-0.191,-0.1
Gianluca Caprari,it ITA,1993.0,1651,34,3,2,2.6,2.4,30,81,43,19,8,10,31.0,Monza,it Serie A,"MF,FW",Midfielder,0.142,0.131,1.635,4.416,2.344,1.036,0.436,0.545,72.0,64.8,79.3,53.7,79.3,10.6,18.4,35.8,gianluca_caprari_it_ita_1993_0,Gianluca Caprari,1651,0.07812886323355928,0.3876394411614392,1.0848429399767372,0.4653826823223231,0.4891820181951768,-0.8155067049798806,-0.7596038468171733,-0.3031948587004615,0,Deep-Lying Playmaker,"{""Midfielder Archetype 1 (Low xAG)"": 0.1645, ""Midfielder Archetype 2 (High xAG)"": 0.8355}",1.198,-0.124
Gianluca Gaetano,it ITA,2000.0,1009,28,2,4,4.9,2.2,22,41,11,11,6,14,24.0,Cagliari,it Serie A,"MF,FW",Midfielder,0.437,0.196,1.962,3.657,0.981,0.981,0.535,1.249,99.3,84.7,89.4,34.5,28.5,9.0,27.6,79.4,gianluca_gaetano_it_ita_2000_0,Gianluca Gaetano,1009,2.2235145962945544,1.1736009039397353,1.5912823189799792,0.021597148614778645,-0.5598991013044454,-0.8871853125108744,-0.5552255445257867,0.7890291524146489,0,Deep-Lying Playmaker,"{""Midfielder Archetype 1 (Low xAG)"": 0.0, ""Midfielder Archetype 2 (High xAG)"": 1.0}",2.378,-0.955
Gianluca Mancini,it ITA,1996.0,3143,37,2,0,1.7,0.9,14,139,45,42,35,1,28.0,Roma,it Serie A,DF,Defender,0.049,0.026,0.401,3.98,1.289,1.203,1.002,0.029,60.3,39.8,49.5,67.6,57.4,18.9,49.9,9.0,gianluca_mancini_it_ita_1996_0,Gianluca Mancini,3143,-0.5982130797314323,-0.8819906140958083,-0.8263074994422255,0.21045449695145424,-0.3228360163404809,-0.5978643875675907,0.40886200264671346,-1.1037454123018775,1,Stopper / Defensive Destroyer,"{""Defender Archetype 1 (Low PrgC)"": 0.8798, ""Defender Archetype 2 (High xAG)"": 0.0078, ""Defender Archetype 3 (Low npxG)"": 0.1124}",-1.565,-0.363
Gideon Mensah,gh GHA,1998.0,2280,29,0,1,0.2,2.6,22,93,52,68,50,29,26.0,Auxerre,fr Ligue 1,DF,Defender,0.008,0.103,0.868,3.671,2.053,2.684,1.974,1.145,8.9,80.9,76.7,59.9,79.7,92.0,96.6,94.3,gideon_mensah_gh_gha_1998_0,Gideon Mensah,2280,-0.8963853341568587,0.049071426426173126,-0.10304392147735067,0.02978291603494403,0.2652035840246779,1.3322450261306207,2.415485334234872,0.627677878045371,0,Ball-Playing Defender,"{""Defender Archetype 1 (Low PrgC)"": 0.0, ""Defender Archetype 2 (High xAG)"": 0.9517, ""Defender Archetype 3 (Low npxG)"": 0.0483}",-0.996,2.094
Gift Orban,ng NGA,2002.0,873,16,6,0,4.6,0.2,3,9,9,3,0,6,22.0,"Lyon, Hoffenheim","fr Ligue 1, de Bundesliga",FW,Forward,0.474,0.021,0.309,0.928,0.928,0.309,0.0,0.619,87.4,3.0,1.3,5.5,16.4,6.9,2.8,28.8,gift_orban_ng_nga_2002_0,Gift Orban,873,2.4925968746784757,-0.942449188155677,-0.9687919730455842,-1.5740428006446263,-0.6006924243664263,-1.7629675717986515,-1.6596941478176233,-0.18838722116847556,0,Clinical Finisher / Poacher,"{""Forward Archetype 1 (Low PrgC)"": 1.0, ""Forward Archetype 2 (High PrgC)"": 0.0}",0.385,-3.911
Giorgio Altare,it ITA,1998.0,753,12,0,0,0.2,0.1,1,20,4,13,17,5,25.0,Venezia,it Serie A,DF,Defender,0.024,0.012,0.12,2.39,0.478,1.554,2.032,0.598,30.6,22.7,11.8,20.9,22.6,40.9,98.0,75.7,giorgio_altare_it_ita_1998_0,Giorgio Altare,753,-0.7800254299908388,-1.0512746214634412,-1.2615046416437883,-0.7192148029101997,-0.9470508277228681,-0.14042454677888577,2.5352221173954828,-0.22096776695457973,1,Stopper / Defensive Destroyer,"{""Defender Archetype 1 (Low PrgC)"": 0.5415, ""Defender Archetype 2 (High xAG)"": 0.0003, ""Defender Archetype 3 (Low npxG)"": 0.4582}",-2.662,0.128
Giorgos Kyriakopoulos,gr GRE,1996.0,2845,34,2,4,0.9,3.3,41,97,67,43,23,16,28.0,Monza,it Serie A,DF,Defender,0.028,0.104,1.297,3.069,2.12,1.36,0.728,0.506,36.0,81.3,89.6,41.8,81.6,29.3,21.5,69.0,giorgos_kyriakopoulos_gr_gre_1996_0,Giorgos Kyriakopoulos,2845,-0.7509354539493337,0.06116314123814692,0.5613673739122238,-0.3222050830321727,0.31677250185774825,-0.3932545442518452,-0.15679107642237664,-0.3637015865889407,0,Ball-Playing Defender,"{""Defender Archetype 1 (Low PrgC)"": 0.0, ""Defender Archetype 2 (High xAG)"": 0.9383, ""Defender Archetype 3 (Low npxG)"": 0.0617}",0.129,0.008
Giorgos Masouras,gr GRE,1994.0,1055,14,2,1,3.9,1.1,10,19,26,18,4,5,30.0,Bochum,de Bundesliga,"FW,MF",Forward,0.333,0.094,0.853,1.621,2.218,1.536,0.341,0.427,69.3,31.2,28.7,27.5,52.1,80.8,60.0,16.0,giorgos_masouras_gr_gre_1994_0,Giorgos Masouras,1055,1.4671752192154242,-0.05975400688159086,-0.12627508565181134,-1.1688473133464337,0.3922016652553732,-0.16388300015266552,-0.9557244399250694,-0.48626649692714197,0,Clinical Finisher / Poacher,"{""Forward Archetype 1 (Low PrgC)"": 0.9505, ""Forward Archetype 2 (High PrgC)"": 0.0495}",0.645,-1.706
Giovani Lo Celso,ar ARG,1996.0,1457,25,8,3,2.4,4.9,43,132,26,34,5,21,28.0,Betis,es La Liga,"MF,FW",Midfielder,0.148,0.303,2.656,8.154,1.606,2.1,0.309,1.297,74.3,98.3,98.2,95.5,58.5,61.0,8.8,81.6,giovani_lo_celso_ar_arg_1996_0,Giovani Lo Celso,1457,0.12176382729581685,2.46741438882093,2.666110848118359,2.650982583506513,-0.07884576330938742,0.5711485388924332,-1.0217861133929924,0.8634989713543152,0,Deep-Lying Playmaker,"{""Midfielder Archetype 1 (Low xAG)"": 0.0, ""Midfielder Archetype 2 (High xAG)"": 1.0}",3.065,2.464
Giovanni Di Lorenzo,it ITA,1993.0,3330,37,3,2,2.8,3.9,37,224,50,66,31,4,30.0,Napoli,it Serie A,DF,Defender,0.076,0.105,1.0,6.054,1.351,1.784,0.838,0.108,83.0,81.8,81.1,94.0,59.4,54.5,32.0,19.6,giovanni_di_lorenzo_it_ita_1993_0,Giovanni Di Lorenzo,3330,-0.40185574145127345,0.07325485605012072,0.10139032325790304,1.4231174704816874,-0.27511552521137117,0.15932235744163317,0.0702959261236084,-0.9811805019636763,0,Ball-Playing Defender,"{""Defender Archetype 1 (Low PrgC)"": 0.0, ""Defender Archetype 2 (High xAG)"": 0.9164, ""Defender Archetype 3 (Low npxG)"": 0.0836}",-0.53,0.891
Giovanni Fabbian,it ITA,2003.0,1023,30,3,1,2.3,1.3,9,17,14,10,2,2,21.0,Bologna,it Serie A,MF,Midfielder,0.202,0.114,0.792,1.496,1.232,0.88,0.176,0.176,85.4,59.5,34.6,1.5,43.0,6.5,3.4,6.9,giovanni_fabbian_it_ita_2003_0,Giovanni Fabbian,1023,0.5144785038561348,0.18208028935788487,-0.2207484866279512,-1.2419345224550542,-0.36670808076563016,-1.0188133008859719,-1.296354943744047,-0.8756815917991487,1,Box-to-Box / Pressing Engine,"{""Midfielder Archetype 1 (Low xAG)"": 0.008, ""Midfielder Archetype 2 (High xAG)"": 0.992}",0.187,-2.103
Giovanni Leoni,it ITA,2006.0,1199,17,1,0,0.1,0.0,1,21,0,14,15,3,17.0,Parma,it Serie A,DF,Defender,0.008,0.0,0.075,1.576,0.0,1.051,1.126,0.225,8.9,4.3,6.0,4.0,0.7,11.6,61.4,37.9,giovanni_leoni_it_ita_2006_0,Giovanni Leoni,1199,-0.8963853341568587,-1.1963751992071265,-1.3311981341671704,-1.195158708625537,-1.3149604206214884,-0.7959579938350644,0.6648509873349145,-0.799660318298239,1,Stopper / Defensive Destroyer,"{""Defender Archetype 1 (Low PrgC)"": 0.9977, ""Defender Archetype 2 (High xAG)"": 0.0, ""Defender Archetype 3 (Low npxG)"": 0.0023}",-2.464,-1.314
Giuliano Simeone,ar ARG,2002.0,1926,33,2,6,2.2,5.2,24,49,69,27,14,30,21.0,Atlético Madrid,es La Liga,MF,Midfielder,0.103,0.243,1.121,2.29,3.224,1.262,0.654,1.402,58.5,92.8,54.9,6.5,91.4,16.6,37.7,84.0,giuliano_simeone_ar_arg_2002_0,Giuliano Simeone,1926,-0.20549840317111462,1.741911500102503,0.2887883809318856,-0.7776845701970962,1.1665051180922186,-0.5209727903979795,-0.3095586963169483,1.0264017002848358,0,Deep-Lying Playmaker,"{""Midfielder Archetype 1 (Low xAG)"": 0.0, ""Midfielder Archetype 2 (High xAG)"": 1.0}",1.916,-0.007
Giuseppe Pezzella,it ITA,1997.0,2878,35,0,3,0.6,4.6,36,80,77,55,15,17,26.0,Empoli,it Serie A,"DF,FW",Defender,0.019,0.144,1.126,2.502,2.408,1.72,0.469,0.532,23.9,89.4,86.0,23.0,87.3,51.0,5.4,71.1,giuseppe_pezzella_it_ita_1997_0,Giuseppe Pezzella,2878,-0.81638790004272,0.5448317337170983,0.2965321023233723,-0.6537286635488758,0.5384418800058708,0.07591452322374957,-0.6914777460533779,-0.32336376799662125,0,Ball-Playing Defender,"{""Defender Archetype 1 (Low PrgC)"": 0.0, ""Defender Archetype 2 (High xAG)"": 0.9807, ""Defender Archetype 3 (Low npxG)"": 0.0193}",0.403,-0.037
Gleison Bremer,br BRA,1997.0,540,6,0,0,0.1,0.0,0,21,2,15,6,3,27.0,Juventus,it Serie A,DF,Defender,0.017,0.0,0.0,3.5,0.333,2.5,1.0,0.5,21.3,4.3,1.9,55.7,14.6,86.8,49.5,68.6,gleison_bremer_br_bra_1997_0,Gleison Bremer,540,-0.8309328880634725,-1.1963751992071265,-1.4473539550394734,-0.07020038602564885,-1.0586552021377216,1.0924475027542053,0.4047331480549683,-0.373010313956399,1,Stopper / Defensive Destroyer,"{""Defender Archetype 1 (Low PrgC)"": 0.522, ""Defender Archetype 2 (High xAG)"": 0.0095, ""Defender Archetype 3 (Low npxG)"": 0.4685}",-2.388,0.229
Glen Kamara,fi FIN,1995.0,662,13,0,1,0.2,0.2,5,34,5,23,7,4,28.0,Rennes,fr Ligue 1,MF,Midfielder,0.027,0.027,0.68,4.622,0.68,3.127,0.952,0.544,10.4,10.0,25.9,58.5,14.8,93.5,63.3,35.6,glen_kamara_fi_fin_1995_0,Glen Kamara,662,-0.75820794795971,-0.8698988992838345,-0.3942078457972574,0.5858304029333296,-0.7915743888828652,1.9095836286075327,0.3056406378530838,-0.30474631326170454,1,Box-to-Box / Pressing Engine,"{""Midfielder Archetype 1 (Low xAG)"": 0.9994, ""Midfielder Archetype 2 (High xAG)"": 0.0006}",-1.675,1.302
Goduine Koyalipou,cf CTA,2000.0,885,15,4,0,4.8,0.8,10,20,15,3,1,12,24.0,Lens,fr Ligue 1,FW,Forward,0.488,0.081,1.017,2.034,1.525,0.305,0.102,1.22,88.9,24.2,41.2,43.2,35.0,6.2,14.3,60.4,goduine_koyalipou_cf_cta_2000_0,Goduine Koyalipou,885,2.5944117908237434,-0.21694629943725002,0.1277189759889583,-0.9273671744515514,-0.14119027591354708,-1.7681805614372694,-1.449122563638619,0.7440369701386,0,Clinical Finisher / Poacher,"{""Forward Archetype 1 (Low PrgC)"": 0.9997, ""Forward Archetype 2 (High PrgC)"": 0.0003}",1.773,-2.93
Gonçalo Guedes,pt POR,1996.0,995,29,2,4,3.2,1.3,14,40,41,16,5,9,27.0,Wolves,eng Premier League,"MF,FW",Midfielder,0.289,0.118,1.266,3.618,3.709,1.447,0.452,0.814,93.3,60.6,63.8,33.3,94.5,25.5,19.6,58.9,gon_alo_guedes_pt_por_1996_0,Gonçalo Guedes,995,1.1471854827588688,0.2304471486057799,0.5133563012850052,-0.0012060606271110659,1.5398025083763835,-0.2798720196119098,-0.7265730100832118,0.11414641827391997,0,Deep-Lying Playmaker,"{""Midfielder Archetype 1 (Low xAG)"": 0.0, ""Midfielder Archetype 2 (High xAG)"": 1.0}",1.699,-0.434
Gonçalo Ramos,pt POR,2001.0,1066,22,10,3,11.3,2.2,15,24,11,11,0,1,23.0,Paris S-G,fr Ligue 1,FW,Forward,0.954,0.186,1.266,2.026,0.929,0.929,0.0,0.084,100.0,73.3,56.1,42.8,16.6,45.2,2.8,0.9,gon_alo_ramos_pt_por_2001_0,Gonçalo Ramos,1066,5.983393999659078,1.0526837558199973,0.5133563012850052,-0.9320447558345031,-0.5999227390256342,-0.9549541778129047,-1.6596941478176233,-1.0184154114335098,0,Clinical Finisher / Poacher,"{""Forward Archetype 1 (Low PrgC)"": 1.0, ""Forward Archetype 2 (High PrgC)"": 0.0}",2.637,-3.962
Gorka Guruzeta,es ESP,1996.0,1840,36,7,2,6.6,1.5,15,31,8,16,9,11,27.0,Athletic Club,es La Liga,FW,Forward,0.323,0.073,0.734,1.516,0.391,0.783,0.44,0.538,67.2,19.2,20.4,24.4,2.9,38.1,74.9,23.3,gorka_guruzeta_es_esp_1996_0,Gorka Guruzeta,1840,1.3944502791116615,-0.3136800179330404,-0.3105756547691991,-1.230240568997675,-1.01401345237178,-1.1452282996224514,-0.751346137633683,-0.3140550406291629,0,Clinical Finisher / Poacher,"{""Forward Archetype 1 (Low PrgC)"": 0.9967, ""Forward Archetype 2 (High PrgC)"": 0.0033}",-0.01,-2.449
Granit Xhaka,ch SUI,1992.0,2888,33,2,7,0.9,4.4,50,318,42,48,12,7,31.0,Leverkusen,de Bundesliga,MF,Midfielder,0.028,0.137,1.558,9.91,1.309,1.496,0.374,0.218,11.1,68.0,76.9,99.0,47.1,28.4,12.6,10.0,granit_xhaka_ch_sui_1992_0,Granit Xhaka,2888,-0.7509354539493337,0.460189730033282,0.9655896305478392,3.6777116970644155,-0.3074423095246391,-0.21601289653884279,-0.887598339161274,-0.8105205002269403,0,Deep-Lying Playmaker,"{""Midfielder Archetype 1 (Low xAG)"": 0.35, ""Midfielder Archetype 2 (High xAG)"": 0.65}",0.495,1.987
Grigoris Kastanos,cy CYP,1998.0,872,27,1,1,1.0,1.7,12,34,12,23,7,0,26.0,Hellas Verona,it Serie A,"MF,FW",Midfielder,0.103,0.175,1.239,3.509,1.239,2.374,0.722,0.0,58.5,80.2,61.9,30.5,43.5,74.3,43.4,0.4,grigoris_kastanos_cy_cyp_1998_0,Grigoris Kastanos,872,-0.20549840317111462,0.9196748928882855,0.47154020577097616,-0.06493810696982823,-0.3613202833800854,0.9282383291377472,-0.1691776401976122,-1.1487375945779261,1,Box-to-Box / Pressing Engine,"{""Midfielder Archetype 1 (Low xAG)"": 0.2558, ""Midfielder Archetype 2 (High xAG)"": 0.7442}",-0.158,0.51
Guela Doué,ci CIV,2002.0,2717,32,1,2,0.8,0.7,11,173,51,65,34,27,21.0,Strasbourg,fr Ligue 1,DF,Defender,0.026,0.023,0.364,5.731,1.689,2.153,1.126,0.894,33.3,36.0,45.6,92.1,70.6,72.6,61.4,88.2,guela_dou__ci_civ_2002_0,Guela Doué,2717,-0.7654804419700862,-0.9182657585317296,-0.8836110377392284,1.2342601221450116,-0.014961880023643757,0.6402206516041179,0.6648509873349145,0.2382627831733644,1,Stopper / Defensive Destroyer,"{""Defender Archetype 1 (Low PrgC)"": 0.0001, ""Defender Archetype 2 (High xAG)"": 0.0733, ""Defender Archetype 3 (Low npxG)"": 0.9266}",-1.234,1.222
Guido Rodríguez,ar ARG,1994.0,1149,23,0,1,0.2,0.2,4,33,4,36,13,3,30.0,West Ham,eng Premier League,MF,Midfielder,0.016,0.016,0.313,2.585,0.313,2.82,1.018,0.235,5.1,4.2,4.8,10.9,3.0,87.2,67.1,11.6,guido_rodr_guez_ar_arg_1994_0,Guido Rodríguez,1149,-0.8382053820738488,-1.002907762215546,-0.9625969959323947,-0.6051987567007516,-1.0740489089535634,1.5094866738436228,0.441892839380675,-0.7841457726858084,1,Box-to-Box / Pressing Engine,"{""Midfielder Archetype 1 (Low xAG)"": 0.9994, ""Midfielder Archetype 2 (High xAG)"": 0.0006}",-2.373,0.259
Guillermo Maripán,cl CHI,1994.0,2340,28,1,1,0.9,1.0,5,96,14,40,41,2,30.0,Torino,it Serie A,DF,Defender,0.035,0.038,0.192,3.692,0.538,1.538,1.577,0.077,44.1,51.5,21.9,60.6,25.5,39.6,89.7,13.6,guillermo_marip_n_cl_chi_1994_0,Guillermo Maripán,2340,-0.7000279958766998,-0.7368900363521228,-1.1499950536063772,0.0420615671651925,-0.9008697072753425,-0.16127650533335666,1.5959076977734534,-1.029275593362211,1,Stopper / Defensive Destroyer,"{""Defender Archetype 1 (Low PrgC)"": 0.0793, ""Defender Archetype 2 (High xAG)"": 0.002, ""Defender Archetype 3 (Low npxG)"": 0.9188}",-2.381,0.119
Guimissongui Ouattara,fr FRA,2005.0,471,17,1,1,0.3,0.5,3,18,7,6,9,2,18.0,Strasbourg,fr Ligue 1,"DF,FW",Defender,0.057,0.096,0.573,3.439,1.338,1.146,1.72,0.382,68.8,79.0,63.5,53.9,58.7,15.6,93.6,57.2,guimissongui_ouattara_fr_fra_2005_0,Guimissongui Ouattara,471,-0.5400331276484224,-0.03557057725764327,-0.5599234835750768,-0.10586694407065567,-0.2851214346416683,-0.6721494899178935,1.891120801083234,-0.5560819521830794,1,Stopper / Defensive Destroyer,"{""Defender Archetype 1 (Low PrgC)"": 0.0, ""Defender Archetype 2 (High xAG)"": 0.0072, ""Defender Archetype 3 (Low npxG)"": 0.9928}",-1.316,0.255
Gustav Isaksen,dk DEN,2001.0,2210,37,4,2,5.2,2.1,35,46,95,16,10,44,23.0,Lazio,it Serie A,FW,Forward,0.212,0.086,1.425,1.873,3.869,0.652,0.407,1.792,33.4,27.4,67.6,38.4,81.2,28.8,69.3,84.5,gustav_isaksen_dk_den_2001_0,Gustav Isaksen,2210,0.5872034439598972,-0.15648772537738123,0.7596066415342881,-1.0215034997834547,1.6629521629031185,-1.3159537102871817,-0.8194722383974785,1.6314689791696273,1,Dynamic Winger / Dribbler,"{""Forward Archetype 1 (Low PrgC)"": 0.0067, ""Forward Archetype 2 (High PrgC)"": 0.9933}",2.266,-1.11
Gvidas Gineitis,lt LTU,2004.0,1430,30,3,1,1.3,2.0,21,36,15,25,18,8,20.0,Torino,it Serie A,MF,Midfielder,0.082,0.126,1.322,2.266,0.944,1.573,1.133,0.503,47.6,63.4,67.0,6.3,26.5,32.5,74.2,32.2,gvidas_gineitis_lt_ltu_2004_0,Gvidas Gineitis,1430,-0.3582207773890159,0.32718086710157024,0.6000859808696584,-0.7917173143459514,-0.5883774589137529,-0.11566284599545171,0.6793019784060229,-0.3683559502726698,1,Box-to-Box / Pressing Engine,"{""Midfielder Archetype 1 (Low xAG)"": 0.9382, ""Midfielder Archetype 2 (High xAG)"": 0.0618}",-0.353,-0.047
Habib Diarra,sn SEN,2004.0,2352,30,4,5,1.8,4.5,27,116,61,22,13,13,20.0,Strasbourg,fr Ligue 1,"MF,FW",Midfielder,0.069,0.172,1.033,4.439,2.334,0.842,0.497,0.497,38.3,79.4,51.3,54.4,78.3,5.3,23.0,31.8,habib_diarra_sn_sen_2004_0,Habib Diarra,2352,-0.4527631995239072,0.8833997484523641,0.15249888444171633,0.4788307287983091,0.48148516478725606,-1.0683367024528403,-0.6336737817689452,-0.3776646776401282,0,Deep-Lying Playmaker,"{""Midfielder Archetype 1 (Low xAG)"": 0.0055, ""Midfielder Archetype 2 (High xAG)"": 0.9945}",0.807,-0.132
Hakan Çalhanoğlu,tr TUR,1994.0,1879,28,5,6,1.3,5.6,49,173,52,43,17,3,30.0,Inter,it Serie A,MF,Midfielder,0.062,0.268,2.347,8.286,2.491,2.06,0.814,0.144,35.2,96.4,94.5,95.9,82.9,59.0,52.1,5.0,hakan__alhano_lu_tr_tur_1994_0,Hakan Çalhanoğlu,1879,-0.5036706575965411,2.044204370401848,2.187548866124469,2.728162676325216,0.6023257632916147,0.519018642506256,0.02074967102266615,-0.9253281377589263,0,Deep-Lying Playmaker,"{""Midfielder Archetype 1 (Low xAG)"": 0.0, ""Midfielder Archetype 2 (High xAG)"": 1.0}",1.691,2.8
Hamari Traoré,ml MLI,1992.0,700,11,0,1,0.0,0.2,3,26,12,19,9,6,32.0,Real Sociedad,es La Liga,DF,Defender,0.0,0.026,0.386,3.343,1.543,2.443,1.157,0.771,2.6,39.8,48.3,51.3,65.6,84.4,64.3,83.0,hamari_traor__ml_mli_1992_0,Hamari Traoré,700,-0.9545652862398688,-0.8819906140958083,-0.8495386636166861,-0.16199792066607632,-0.1273359397792894,1.0181624004039027,0.7288482335069651,0.04743387214046874,1,Stopper / Defensive Destroyer,"{""Defender Archetype 1 (Low PrgC)"": 0.0, ""Defender Archetype 2 (High xAG)"": 0.0138, ""Defender Archetype 3 (Low npxG)"": 0.9862}",-1.555,0.728
Hamed Junior Traorè,ci CIV,2000.0,2093,26,10,2,7.9,2.7,27,99,66,41,8,34,24.0,Auxerre,fr Ligue 1,MF,Midfielder,0.34,0.116,1.161,4.257,2.838,1.763,0.344,1.462,96.5,60.1,58.6,48.9,87.6,43.7,10.1,85.4,hamed_junior_traor__ci_civ_2000_0,Hamed Junior Traorè,2093,1.518082677288058,0.20626371898183246,0.35073815206378073,0.3724157523361573,0.8694065765464708,0.13195416183888997,-0.9495311580374518,1.1194889739594192,0,Deep-Lying Playmaker,"{""Midfielder Archetype 1 (Low xAG)"": 0.0, ""Midfielder Archetype 2 (High xAG)"": 1.0}",1.878,-0.266
Hamza Rafia,tn TUN,1999.0,1058,18,0,0,0.5,1.4,16,51,13,44,4,10,25.0,Lecce,it Serie A,MF,Midfielder,0.043,0.119,1.361,4.338,1.106,3.743,0.34,0.851,22.5,60.9,69.1,50.9,35.3,98.0,10.0,61.9,hamza_rafia_tn_tun_1999_0,Hamza Rafia,1058,-0.6418480437936899,0.2425388634177537,0.660487007723256,0.4197762638385437,-0.4636884337054338,2.712384032954662,-0.957788867220942,0.171550237039913,1,Box-to-Box / Pressing Engine,"{""Midfielder Archetype 1 (Low xAG)"": 0.9999, ""Midfielder Archetype 2 (High xAG)"": 0.0001}",-0.05,1.673
Han-Noah Massengo,fr FRA,2001.0,1046,17,0,0,0.4,0.4,3,28,13,17,17,10,23.0,Auxerre,fr Ligue 1,MF,Midfielder,0.034,0.034,0.258,2.409,1.119,1.463,1.463,0.86,16.3,12.2,2.8,8.6,36.2,26.4,90.7,62.2,han_noah_massengo_fr_fra_2001_0,Han-Noah Massengo,1046,-0.7073004898870762,-0.7852568956000179,-1.0477779312387503,-0.7081055471256895,-0.45368252427513667,-0.25902006105743886,1.3605629860439783,0.18551332809110052,1,Box-to-Box / Pressing Engine,"{""Midfielder Archetype 1 (Low xAG)"": 0.9998, ""Midfielder Archetype 2 (High xAG)"": 0.0002}",-1.629,-0.159
Hans Hateboer,nl NED,1994.0,1684,26,0,0,0.4,1.5,15,92,28,31,29,6,30.0,Rennes,fr Ligue 1,DF,Defender,0.021,0.08,0.802,4.917,1.496,1.657,1.55,0.321,26.7,73.1,74.3,84.5,63.6,48.6,88.6,50.7,hans_hateboer_nl_ned_1994_0,Hans Hateboer,1684,-0.8018429120219674,-0.22903801424922382,-0.20526104384497743,0.7583162164296742,-0.1635111507965177,-0.0061900635844794666,1.5401681607848936,-0.6507206804189057,1,Stopper / Defensive Destroyer,"{""Defender Archetype 1 (Low PrgC)"": 0.0, ""Defender Archetype 2 (High xAG)"": 0.0362, ""Defender Archetype 3 (Low npxG)"": 0.9638}",-1.262,1.099
Hans Nicolussi Caviglia,it ITA,2000.0,2861,35,4,2,2.4,2.1,29,140,20,47,28,17,24.0,Venezia,it Serie A,MF,Midfielder,0.075,0.066,0.912,4.404,0.629,1.479,0.881,0.535,43.1,33.8,43.1,53.2,11.9,27.2,57.3,35.0,hans_nicolussi_caviglia_it_ita_2000_0,Hans Nicolussi Caviglia,2861,-0.4091282354616497,-0.3983220216168568,-0.034899173232266045,0.45836631024789526,-0.8308283412632621,-0.23816810250296797,0.1590662998461299,-0.3187094043128921,1,Box-to-Box / Pressing Engine,"{""Midfielder Archetype 1 (Low xAG)"": 0.985, ""Midfielder Archetype 2 (High xAG)"": 0.015}",-0.796,0.081
Haris Belkebla,dz ALG,1994.0,1792,22,0,1,0.1,0.9,5,69,8,56,35,9,30.0,Angers,fr Ligue 1,MF,Midfielder,0.005,0.045,0.251,3.465,0.402,2.812,1.758,0.452,0.9,19.3,2.7,29.9,5.3,86.9,96.7,28.3,haris_belkebla_dz_alg_1994_0,Haris Belkebla,1792,-0.9182028161879875,-0.6522480326683063,-1.058619141186832,-0.0906648045760627,-1.005546913623067,1.4990606945663874,1.9695690383263926,-0.4474801328960656,1,Box-to-Box / Pressing Engine,"{""Midfielder Archetype 1 (Low xAG)"": 1.0, ""Midfielder Archetype 2 (High xAG)"": 0.0}",-2.605,1.237
Haris Tabakovic,ba BIH,1994.0,821,22,3,1,3.3,1.2,9,7,4,3,1,4,30.0,Hoffenheim,de Bundesliga,FW,Forward,0.362,0.132,0.987,0.767,0.438,0.329,0.11,0.438,74.9,49.4,39.9,2.4,4.4,7.8,15.5,17.1,haris_tabakovic_ba_bih_1994_0,Haris Tabakovic,821,1.6780775455163355,0.399731155973413,0.08125664764003712,-1.6681791259765297,-0.9778382413545519,-1.736902623605563,-1.4326071452716382,-0.46920049675346837,0,Clinical Finisher / Poacher,"{""Forward Archetype 1 (Low PrgC)"": 0.9995, ""Forward Archetype 2 (High PrgC)"": 0.0005}",0.843,-3.163
Harry Kane,eng ENG,1993.0,2381,31,26,9,13.3,5.3,35,97,29,13,2,23,31.0,Bayern Munich,de Bundesliga,FW,Forward,0.503,0.2,1.323,3.667,1.096,0.491,0.076,0.869,90.6,77.5,59.6,84.7,22.4,17.2,11.1,45.0,harry_kane_eng_eng_1993_0,Harry Kane,2381,2.7034992009793872,1.2219677631876305,0.6016347251479556,0.02744412534346817,-0.4713852871133547,-1.525776543241545,-1.5027976733313062,0.19947641914228803,0,Clinical Finisher / Poacher,"{""Forward Archetype 1 (Low PrgC)"": 0.9045, ""Forward Archetype 2 (High PrgC)"": 0.0955}",2.347,-2.123
Harry Maguire,eng ENG,1993.0,1758,27,1,0,1.8,0.6,9,51,7,30,40,2,31.0,Manchester Utd,eng Premier League,DF,Defender,0.092,0.031,0.461,2.611,0.358,1.536,2.048,0.102,89.0,45.4,54.9,25.5,15.8,39.4,98.3,17.2,harry_maguire_eng_eng_1993_0,Harry Maguire,1758,-0.2854958372852534,-0.8215320400359393,-0.7333828427443828,-0.5899966172061585,-1.039413068617919,-0.16388300015266552,2.5682529541294445,-0.9904892293311347,1,Stopper / Defensive Destroyer,"{""Defender Archetype 1 (Low PrgC)"": 0.9991, ""Defender Archetype 2 (High xAG)"": 0.0, ""Defender Archetype 3 (Low npxG)"": 0.0008}",-2.511,0.039
Harry Wilson,wls WAL,1997.0,1162,25,6,1,4.2,1.1,20,51,22,20,7,9,27.0,Fulham,eng Premier League,"FW,MF",Forward,0.325,0.085,1.549,3.95,1.704,1.549,0.542,0.697,67.7,26.7,73.8,87.1,39.5,81.8,85.3,35.1,harry_wilson_wls_wal_1997_0,Harry Wilson,1162,1.4089952671324142,-0.16857944018935483,0.9516509320431626,0.19291356676538543,-0.003416599911762442,-0.14694078382715806,-0.5407745534546785,-0.06737376539151738,0,Clinical Finisher / Poacher,"{""Forward Archetype 1 (Low PrgC)"": 0.001, ""Forward Archetype 2 (High PrgC)"": 0.999}",0.991,-0.555
Harry Winks,eng ENG,1996.0,1538,22,0,2,0.2,1.2,17,101,19,24,9,3,28.0,Leicester City,eng Premier League,MF,Midfielder,0.012,0.07,0.995,5.91,1.112,1.404,0.527,0.176,3.2,36.4,48.4,79.4,35.8,23.4,26.7,6.9,harry_winks_eng_eng_1996_0,Harry Winks,1538,-0.8672953581153539,-0.3499551623689616,0.09364660186641614,1.3389210055885563,-0.45907032166068124,-0.3359116582270505,-0.5717409628927674,-0.8756815917991487,1,Box-to-Box / Pressing Engine,"{""Midfielder Archetype 1 (Low xAG)"": 0.9652, ""Midfielder Archetype 2 (High xAG)"": 0.0348}",-0.613,0.441
Harvey Barnes,eng ENG,1997.0,1755,33,9,4,7.2,4.0,26,83,93,16,6,24,26.0,Newcastle Utd,eng Premier League,FW,Forward,0.369,0.205,1.333,4.256,4.769,0.821,0.308,1.231,75.2,79.2,60.8,90.0,90.5,39.4,53.2,60.8,harvey_barnes_eng_eng_1997_0,Harvey Barnes,1755,1.7289850035889691,1.282426337247499,0.6171221679309293,0.3718310546632887,2.355668969616002,-1.0957048980555832,-1.023850540688865,0.7611029703122738,1,Dynamic Winger / Dribbler,"{""Forward Archetype 1 (Low PrgC)"": 0.0016, ""Forward Archetype 2 (High PrgC)"": 0.9984}",3.282,-0.559
Hassane Kamara,ci CIV,1994.0,2001,30,1,4,0.9,2.7,24,61,52,35,26,18,30.0,Udinese,it Serie A,DF,Defender,0.04,0.121,1.079,2.744,2.339,1.574,1.169,0.81,49.7,84.9,84.8,30.9,86.5,42.1,65.0,86.0,hassane_kamara_ci_civ_1994_0,Hassane Kamara,2001,-0.6636655258248185,0.26672229304170125,0.2237411212433957,-0.5122318267145861,0.48533359149121647,-0.11435959858579713,0.7536213610574363,0.10794060002894791,0,Ball-Playing Defender,"{""Defender Archetype 1 (Low PrgC)"": 0.0, ""Defender Archetype 2 (High xAG)"": 0.8554, ""Defender Archetype 3 (Low npxG)"": 0.1446}",-0.007,0.41
Hauke Wahl,de GER,1994.0,2970,33,0,0,0.9,0.5,9,142,30,36,31,8,30.0,St. Pauli,de Bundesliga,DF,Defender,0.027,0.015,0.273,4.303,0.909,1.091,0.939,0.242,34.6,27.1,34.8,75.9,45.7,13.4,42.3,40.4,hauke_wahl_de_ger_1994_0,Hauke Wahl,2970,-0.75820794795971,-1.01499947702752,-1.0245467670642896,0.39931184528812985,-0.615316445841476,-0.7438280974488871,0.27880308300674006,-0.773285590757107,1,Stopper / Defensive Destroyer,"{""Defender Archetype 1 (Low PrgC)"": 0.9825, ""Defender Archetype 2 (High xAG)"": 0.0002, ""Defender Archetype 3 (Low npxG)"": 0.0173}",-1.677,-0.395
Henri Koudossou,de GER,1999.0,748,21,0,0,0.1,0.8,10,23,19,18,15,8,24.0,Augsburg,de Bundesliga,DF,Defender,0.012,0.096,1.203,2.767,2.286,2.166,1.805,0.963,14.3,79.0,87.3,31.8,85.3,73.4,95.3,90.0,henri_koudossou_de_ger_1999_0,Henri Koudossou,748,-0.8672953581153539,-0.03557057725764327,0.4157854117522706,-0.4987837802386001,0.44454026842923555,0.6571628679296254,2.066597121232404,0.3453131478991351,0,Ball-Playing Defender,"{""Defender Archetype 1 (Low PrgC)"": 0.0, ""Defender Archetype 2 (High xAG)"": 0.8926, ""Defender Archetype 3 (Low npxG)"": 0.1074}",-0.626,1.412
Henrikh Mkhitaryan,am ARM,1989.0,2328,31,1,4,1.5,2.7,29,199,72,43,16,7,35.0,Inter,it Serie A,MF,Midfielder,0.058,0.104,1.121,7.693,2.784,1.662,0.619,0.271,32.7,54.5,54.9,95.2,87.1,37.8,35.0,14.0,henrikh_mkhitaryan_am_arm_1989_0,Henrikh Mkhitaryan,2328,-0.532760633638046,0.06116314123814692,0.2887883809318856,2.38143695631392,0.8278435681436975,0.0003261734637925463,-0.3818136516724891,-0.7282934084810584,0,Deep-Lying Playmaker,"{""Midfielder Archetype 1 (Low xAG)"": 0.0495, ""Midfielder Archetype 2 (High xAG)"": 0.9505}",0.314,1.48
Hernani,br BRA,1994.0,1327,25,3,3,0.5,1.5,25,78,29,47,19,8,30.0,Parma,it Serie A,MF,Midfielder,0.034,0.102,1.696,5.29,1.967,3.188,1.289,0.543,16.3,53.2,81.2,71.8,68.3,94.7,81.4,35.3,hernani_br_bra_1994_0,Hernani,1327,-0.7073004898870762,0.036979711614199336,1.179316340952877,0.9764084484097981,0.19901064471655805,1.9890817205964535,1.001352636562147,-0.3062977678229476,1,Box-to-Box / Pressing Engine,"{""Midfielder Archetype 1 (Low xAG)"": 0.9196, ""Midfielder Archetype 2 (High xAG)"": 0.0804}",-0.351,2.495
Hicham Boudaoui,dz ALG,1999.0,2435,29,2,3,2.7,3.0,22,124,54,76,22,25,24.0,Nice,fr Ligue 1,MF,Midfielder,0.1,0.111,0.813,4.583,1.996,2.809,0.813,0.924,56.4,58.0,35.9,57.5,68.9,86.7,51.7,65.5,hicham_boudaoui_dz_alg_1999_0,Hicham Boudaoui,2435,-0.2273158852022433,0.1458051449219635,-0.18822485678370646,0.5630271936914402,0.22133151959952865,1.4951509523374245,0.018685243726793557,0.2848064200106561,1,Box-to-Box / Pressing Engine,"{""Midfielder Archetype 1 (Low xAG)"": 0.9737, ""Midfielder Archetype 2 (High xAG)"": 0.0263}",-0.115,1.239
Himad Abdelli,dz ALG,1999.0,2842,32,6,1,3.2,3.2,39,207,107,48,26,57,24.0,Angers,fr Ligue 1,"MF,FW",Midfielder,0.101,0.101,1.235,6.555,3.388,1.52,0.823,1.805,57.1,52.6,61.7,87.1,92.7,29.9,52.4,93.0,himad_abdelli_dz_alg_1999_0,Himad Abdelli,2842,-0.22004339119186703,0.024887996802225705,0.46534522865778666,1.7160510045890385,1.2927335139821217,-0.18473495870713644,0.03932951668551949,1.6516378884657867,0,Deep-Lying Playmaker,"{""Midfielder Archetype 1 (Low xAG)"": 0.0034, ""Midfielder Archetype 2 (High xAG)"": 0.9966}",1.479,1.509
Hiroki Sekine,jp JPN,2002.0,887,15,0,0,0.1,0.2,3,39,22,9,5,6,21.0,Reims,fr Ligue 1,DF,Defender,0.01,0.02,0.304,3.957,2.232,0.913,0.507,0.609,11.0,33.2,39.2,66.7,84.1,7.0,6.8,76.5,hiroki_sekine_jp_jpn_2002_0,Hiroki Sekine,887,-0.8818403461361063,-0.9545409029676508,-0.9765356944370709,0.19700645047546797,0.4029772600264627,-0.9758061363673756,-0.6130295088102193,-0.2039017667809061,1,Stopper / Defensive Destroyer,"{""Defender Archetype 1 (Low PrgC)"": 0.0, ""Defender Archetype 2 (High xAG)"": 0.0255, ""Defender Archetype 3 (Low npxG)"": 0.9745}",-0.674,-0.632
Hong Hyunseok,kr KOR,1999.0,530,23,0,1,0.5,1.5,9,23,10,8,7,4,25.0,Mainz 05,de Bundesliga,MF,Midfielder,0.085,0.255,1.528,3.906,1.698,1.358,1.189,0.679,49.4,94.0,76.3,39.8,61.7,21.4,76.4,46.2,hong_hyunseok_kr_kor_1999_0,Hong Hyunseok,530,-0.3364032953578871,1.8870120778461885,0.9191273021989179,0.16718686915915096,-0.008034711956515003,-0.39586103907115405,0.7949099069748882,-0.09529994749389221,0,Deep-Lying Playmaker,"{""Midfielder Archetype 1 (Low xAG)"": 0.0001, ""Midfielder Archetype 2 (High xAG)"": 0.9999}",0.928,0.848
Hugo Duro,es ESP,1999.0,2166,31,11,2,8.6,1.3,14,28,13,13,10,7,24.0,Valencia,es La Liga,FW,Forward,0.357,0.054,0.582,1.163,0.54,0.54,0.416,0.291,74.2,9.9,10.2,13.6,5.8,19.5,71.1,7.6,hugo_duro_es_esp_1999_0,Hugo Duro,2166,1.641715075464454,-0.5434225993605423,-0.5459847850704004,-1.4366388475204197,-0.8993303365937583,-1.4619174201684781,-0.8008923927346252,-0.6972643172561974,0,Clinical Finisher / Poacher,"{""Forward Archetype 1 (Low PrgC)"": 0.9989, ""Forward Archetype 2 (High PrgC)"": 0.0011}",-0.185,-2.973
Hugo Ekitike,fr FRA,2002.0,2563,33,15,8,19.3,6.8,44,53,93,16,7,52,22.0,Eint Frankfurt,de Bundesliga,FW,Forward,0.678,0.239,1.545,1.861,3.266,0.562,0.246,1.826,97.8,86.3,73.3,37.7,72.7,21.1,42.5,85.4,hugo_ekitike_fr_fra_2002_0,Hugo Ekitike,2563,3.9761856527952326,1.6935446408546078,0.9454559549299731,-1.028519871857882,1.1988319024054865,-1.4332459771560806,-1.1518450330329657,1.684218434251891,1,Dynamic Winger / Dribbler,"{""Forward Archetype 1 (Low PrgC)"": 0.999, ""Forward Archetype 2 (High PrgC)"": 0.001}",4.234,-2.361
Hugo Larsson,se SWE,2004.0,2393,33,3,1,3.1,2.1,21,121,16,47,30,12,20.0,Eint Frankfurt,de Bundesliga,MF,Midfielder,0.117,0.079,0.79,4.551,0.602,1.768,1.128,0.451,65.0,42.6,34.0,57.2,10.9,44.1,74.0,27.8,hugo_larsson_se_swe_2004_0,Hugo Larsson,2393,-0.10368348702584695,-0.24112972906119762,-0.22384597518454596,0.5443168681596332,-0.8516098454646487,0.13847039888716228,0.6689798419266597,-0.44903158745730865,1,Box-to-Box / Pressing Engine,"{""Midfielder Archetype 1 (Low xAG)"": 0.9871, ""Midfielder Archetype 2 (High xAG)"": 0.0129}",-1.006,0.354
Hugo Magnetti,fr FRA,1998.0,2323,32,1,0,0.8,0.4,6,80,21,52,18,9,26.0,Brest,fr Ligue 1,MF,Midfielder,0.031,0.015,0.232,3.099,0.814,2.015,0.697,0.349,12.9,3.6,2.3,21.1,20.6,56.1,41.4,18.6,hugo_magnetti_fr_fra_1998_0,Hugo Magnetti,2323,-0.7291179719182049,-1.01499947702752,-1.0880452824744822,-0.3046641528461036,-0.6884365532167249,0.4603725090718067,-0.22078832259442704,-0.6072799527041003,1,Box-to-Box / Pressing Engine,"{""Midfielder Archetype 1 (Low xAG)"": 0.9958, ""Midfielder Archetype 2 (High xAG)"": 0.0042}",-1.74,-0.355
Hugo Sotelo,es ESP,2003.0,1254,24,0,0,0.2,1.7,19,83,21,28,5,8,20.0,Celta Vigo,es La Liga,MF,Midfielder,0.014,0.122,1.364,5.957,1.507,2.01,0.359,0.574,4.3,62.2,69.5,80.8,54.5,55.7,11.4,38.8,hugo_sotelo_es_esp_2003_0,Hugo Sotelo,1254,-0.8527503700946013,0.27881400785367505,0.6651332405581483,1.3664017962133976,-0.15504461204780476,0.4538562720235341,-0.9185647485993629,-0.2582026764244131,1,Box-to-Box / Pressing Engine,"{""Midfielder Archetype 1 (Low xAG)"": 0.9225, ""Midfielder Archetype 2 (High xAG)"": 0.0775}",0.293,1.113
Hugo Álvarez,es ESP,2003.0,1572,26,4,3,2.5,1.1,17,60,74,26,8,32,21.0,Celta Vigo,es La Liga,"MF,DF",Midfielder,0.143,0.063,0.973,3.435,4.237,1.489,0.458,1.832,72.5,31.8,46.7,29.4,96.8,27.7,20.4,93.4,hugo__lvarez_es_esp_2003_0,Hugo Álvarez,1572,0.08540135724393555,-0.43459716605277815,0.05957422774387383,-0.10820573476213152,1.9461963683146086,-0.22513562840642365,-0.7141864463079762,1.6935271616193495,0,Deep-Lying Playmaker,"{""Midfielder Archetype 1 (Low xAG)"": 0.0, ""Midfielder Archetype 2 (High xAG)"": 1.0}",1.64,0.038
Hwang Hee-chan,kr KOR,1996.0,661,21,2,0,0.8,0.1,3,12,15,6,2,2,28.0,Wolves,eng Premier League,"MF,FW",Midfielder,0.109,0.014,0.408,1.634,2.042,0.817,0.272,0.272,61.1,3.2,9.5,2.5,69.7,4.6,7.1,14.3,hwang_hee_chan_kr_kor_1996_0,Hwang Hee-chan,661,-0.16186343910885703,-1.0270911918394936,-0.815466289494144,-1.1612462435991373,0.2567370452759648,-1.100917887694201,-1.0981699233402782,-0.7267419539198153,1,Box-to-Box / Pressing Engine,"{""Midfielder Archetype 1 (Low xAG)"": 0.188, ""Midfielder Archetype 2 (High xAG)"": 0.812}",-0.568,-1.978
Hákon Arnar Haraldsson,is ISL,2003.0,1755,25,5,3,3.8,2.8,35,102,52,36,8,27,21.0,Lille,fr Ligue 1,"MF,FW",Midfielder,0.195,0.144,1.795,5.231,2.667,1.846,0.41,1.385,83.4,70.6,85.5,70.8,85.4,49.7,16.6,83.5,h_kon_arnar_haraldsson_is_isl_2003_0,Hákon Arnar Haraldsson,1755,0.46357104578350095,0.5448317337170983,1.3326420245043173,0.9419112857105292,0.7377903832710228,0.24012369684020793,-0.8132789565098607,1.0000269727437041,0,Deep-Lying Playmaker,"{""Midfielder Archetype 1 (Low xAG)"": 0.0243, ""Midfielder Archetype 2 (High xAG)"": 0.9757}",1.995,0.821
Héctor Bellerín,es ESP,1995.0,580,9,0,2,0.2,2.0,8,24,3,13,6,6,29.0,Betis,es La Liga,DF,Defender,0.031,0.31,1.241,3.724,0.466,2.017,0.931,0.931,39.8,99.9,88.4,61.4,22.0,67.8,41.8,89.2,h_ctor_beller_n_es_esp_1995_0,Héctor Bellerín,580,-0.7291179719182049,2.5520563925047464,0.4746376943275709,0.06077189269699939,-0.9562870518123732,0.4629790038911153,0.26228766463975955,0.29566660193935745,0,Ball-Playing Defender,"{""Defender Archetype 1 (Low PrgC)"": 0.0, ""Defender Archetype 2 (High xAG)"": 1.0, ""Defender Archetype 3 (Low npxG)"": 0.0}",0.686,1.096
Héctor Fort,es ESP,2006.0,585,17,0,0,0.2,0.9,10,26,14,13,6,2,17.0,Barcelona,es La Liga,DF,Defender,0.031,0.138,1.538,4.0,2.154,2.0,0.923,0.308,39.8,87.9,94.0,68.2,82.4,67.2,41.0,49.6,h_ctor_fort_es_esp_2006_0,Héctor Fort,585,-0.7291179719182049,0.4722814448452558,0.9346147449818917,0.22214845040883355,0.3429418034446792,0.44082379792699006,0.24577224627277883,-0.6708895897150654,0,Ball-Playing Defender,"{""Defender Archetype 1 (Low PrgC)"": 0.0, ""Defender Archetype 2 (High xAG)"": 0.9969, ""Defender Archetype 3 (Low npxG)"": 0.0031}",0.128,0.999
Iago Aspas,es ESP,1987.0,1745,30,10,5,4.0,4.6,38,132,50,13,8,15,36.0,Celta Vigo,es La Liga,"FW,MF",Forward,0.206,0.237,1.96,6.808,2.579,0.67,0.413,0.774,30.3,85.3,88.5,98.7,58.8,30.4,70.4,41.2,iago_aspas_es_esp_1987_0,Iago Aspas,1745,0.5435684798976396,1.6693612112306602,1.5881848304233843,1.8639795158248866,0.6700580732813188,-1.292495256913402,-0.8070856746222429,0.05208823582419791,1,Dynamic Winger / Dribbler,"{""Forward Archetype 1 (Low PrgC)"": 0.0, ""Forward Archetype 2 (High PrgC)"": 1.0}",2.555,0.606
Ian Maatsen,nl NED,2002.0,1139,29,1,2,0.9,2.7,19,50,31,29,15,13,22.0,Aston Villa,eng Premier League,DF,Defender,0.071,0.213,1.501,3.951,2.45,2.291,1.185,1.027,80.4,96.8,93.2,66.4,88.0,80.3,66.9,92.0,ian_maatsen_nl_ned_2002_0,Ian Maatsen,1139,-0.43821821150315476,1.3791600557432895,0.8773112066848885,0.19349826443825432,0.5707686643191389,0.8200687941364292,0.7866521977913978,0.44460623981869046,0,Ball-Playing Defender,"{""Defender Archetype 1 (Low PrgC)"": 0.0, ""Defender Archetype 2 (High xAG)"": 1.0, ""Defender Archetype 3 (Low npxG)"": 0.0}",0.902,1.609
Ibrahim Sangaré,ci CIV,1997.0,590,13,0,1,0.0,0.4,4,27,1,28,6,0,26.0,Nott'ham Forest,eng Premier League,MF,Midfielder,0.0,0.061,0.61,4.119,0.153,4.271,0.915,0.0,0.3,29.9,20.3,45.8,0.8,99.5,59.9,0.4,ibrahim_sangar__ci_civ_1997_0,Ibrahim Sangaré,590,-0.9545652862398688,-0.45878059567672574,-0.5026199452780739,0.29172747348024025,-1.1971985634802982,3.400498665252201,0.22925682790579807,-1.1487375945779261,1,Box-to-Box / Pressing Engine,"{""Midfielder Archetype 1 (Low xAG)"": 1.0, ""Midfielder Archetype 2 (High xAG)"": 0.0}",-2.36,1.823
Ibrahim Sissoko,ml MLI,1995.0,819,20,3,1,3.5,0.6,7,12,14,11,2,3,28.0,Saint-Étienne,fr Ligue 1,FW,Forward,0.385,0.066,0.769,1.319,1.538,1.209,0.22,0.33,77.4,15.6,22.2,18.4,35.7,63.9,36.7,9.5,ibrahim_sissoko_ml_mli_1995_0,Ibrahim Sissoko,819,1.8453449077549895,-0.3983220216168568,-0.2563696050287909,-1.345426010552861,-0.13118436648324977,-0.5900449031096642,-1.205520142725653,-0.6367575893677182,0,Clinical Finisher / Poacher,"{""Forward Archetype 1 (Low PrgC)"": 0.9982, ""Forward Archetype 2 (High PrgC)"": 0.0018}",0.419,-2.469
Ibrahima Konaté,fr FRA,1999.0,2560,31,1,2,1.7,1.0,10,115,25,40,17,3,25.0,Liverpool,eng Premier League,DF,Defender,0.06,0.035,0.352,4.043,0.879,1.406,0.598,0.105,72.1,49.1,44.5,69.5,44.7,32.2,12.5,18.4,ibrahima_konat__fr_fra_1999_0,Ibrahima Konaté,2560,-0.5182156456172936,-0.7731651807880441,-0.902195969078797,0.24729045034219913,-0.6384070060652389,-0.33330516340774163,-0.4251666248858135,-0.9858348656474055,1,Stopper / Defensive Destroyer,"{""Defender Archetype 1 (Low PrgC)"": 0.9653, ""Defender Archetype 2 (High xAG)"": 0.0013, ""Defender Archetype 3 (Low npxG)"": 0.0333}",-1.371,-0.588
Ibrahima Niane,sn SEN,1999.0,943,24,3,1,4.9,1.0,9,9,19,7,2,6,25.0,Angers,fr Ligue 1,FW,Forward,0.468,0.095,0.859,0.859,1.813,0.668,0.191,0.573,86.9,31.9,29.2,4.7,43.0,30.2,30.9,25.6,ibrahima_niane_sn_sen_1999_0,Ibrahima Niane,943,2.4489619106162186,-0.047662292069617064,-0.11698261998202707,-1.614386940072585,0.08047910223457565,-1.295101751732711,-1.2653885343059583,-0.25975413098565614,0,Clinical Finisher / Poacher,"{""Forward Archetype 1 (Low PrgC)"": 0.9998, ""Forward Archetype 2 (High PrgC)"": 0.0002}",1.202,-3.061
Ibrahima Sissoko,ml MLI,1997.0,2610,32,2,1,1.7,1.6,27,105,35,66,36,32,26.0,Bochum,de Bundesliga,MF,Midfielder,0.059,0.055,0.931,3.621,1.207,2.276,1.241,1.103,33.3,25.6,44.3,33.5,41.5,69.0,79.2,75.4,ibrahima_sissoko_ml_mli_1997_0,Ibrahima Sissoko,2610,-0.5254881396276698,-0.5313308845485685,-0.005473031944615864,0.0005480323914958949,-0.3859502142854324,0.8005200829916126,0.902260126360263,0.5625167864731627,1,Box-to-Box / Pressing Engine,"{""Midfielder Archetype 1 (Low xAG)"": 0.9961, ""Midfielder Archetype 2 (High xAG)"": 0.0039}",-0.797,0.884
Idrissa Gana Gueye,sn SEN,1989.0,3063,37,0,3,1.1,1.7,19,145,27,133,48,18,34.0,Everton,eng Premier League,MF,Midfielder,0.032,0.05,0.558,4.261,0.793,3.908,1.41,0.529,14.1,22.2,15.8,49.1,19.2,98.5,88.4,34.8,idrissa_gana_gueye_sn_sen_1989_0,Idrissa Gana Gueye,3063,-0.7218454779078287,-0.5917894586084373,-0.5831546477495373,0.37475454302763345,-0.7045999453733588,2.927419855547643,1.2511483393627305,-0.3280181316803504,1,Box-to-Box / Pressing Engine,"{""Midfielder Archetype 1 (Low xAG)"": 1.0, ""Midfielder Archetype 2 (High xAG)"": 0.0}",-2.103,2.073
Iglesias,es ESP,1998.0,2888,37,0,1,1.6,2.2,20,84,32,81,50,13,26.0,Getafe,es La Liga,DF,Defender,0.05,0.069,0.623,2.618,0.997,2.524,1.558,0.405,61.2,69.1,65.8,26.4,49.3,87.7,88.8,59.8,iglesias_es_esp_1998_0,Iglesias,2888,-0.590940585721056,-0.3620468771809354,-0.4824862696602079,-0.5859037334960758,-0.547584135851772,1.1237254405859116,1.5566835791518745,-0.5203984972744892,1,Stopper / Defensive Destroyer,"{""Defender Archetype 1 (Low PrgC)"": 0.0, ""Defender Archetype 2 (High xAG)"": 0.0142, ""Defender Archetype 3 (Low npxG)"": 0.9858}",-1.769,0.742
Ignace Van Der Brempt,be BEL,2002.0,1257,20,0,1,0.5,0.5,10,42,19,40,17,13,22.0,Como,it Serie A,DF,Defender,0.036,0.036,0.716,3.007,1.36,2.864,1.217,0.931,45.2,49.9,70.1,39.8,59.6,95.1,70.4,89.2,ignace_van_der_brempt_be_bel_2002_0,Ignace Van Der Brempt,1257,-0.6927555018663236,-0.7610734659760703,-0.33845305177855195,-0.3584563387500484,-0.2681883571442422,1.5668295598684177,0.8527138712593207,0.29566660193935745,0,Ball-Playing Defender,"{""Defender Archetype 1 (Low PrgC)"": 0.0, ""Defender Archetype 2 (High xAG)"": 0.0458, ""Defender Archetype 3 (Low npxG)"": 0.9542}",-1.297,1.0
Igor,br BRA,1998.0,961,13,0,0,0.0,0.2,2,49,9,5,4,5,26.0,Brighton,eng Premier League,DF,Defender,0.0,0.019,0.187,4.589,0.843,0.468,0.375,0.468,2.6,31.6,21.1,80.7,42.3,0.3,2.7,66.2,igor_br_bra_1998_0,Igor,961,-0.9545652862398688,-0.9666326177796246,-1.157738774997864,0.5665353797286541,-0.6661156783337543,-1.5557512336635972,-0.8855339118654014,-0.4226568599161767,1,Stopper / Defensive Destroyer,"{""Defender Archetype 1 (Low PrgC)"": 0.8844, ""Defender Archetype 2 (High xAG)"": 0.0038, ""Defender Archetype 3 (Low npxG)"": 0.1118}",-1.113,-1.067
Igor Zubeldia,es ESP,1997.0,2269,28,0,0,0.6,0.4,4,101,22,34,31,6,27.0,Real Sociedad,es La Liga,DF,Defender,0.024,0.016,0.159,4.006,0.873,1.349,1.23,0.238,30.6,27.8,17.2,68.5,44.4,28.0,71.9,40.0,igor_zubeldia_es_esp_1997_0,Igor Zubeldia,2269,-0.7800254299908388,-1.002907762215546,-1.2011036147901906,0.22565663644604747,-0.6430251181099914,-0.4075902657580441,0.8795514261056643,-0.7794914090020792,1,Stopper / Defensive Destroyer,"{""Defender Archetype 1 (Low PrgC)"": 0.9625, ""Defender Archetype 2 (High xAG)"": 0.0002, ""Defender Archetype 3 (Low npxG)"": 0.0373}",-2.044,-0.125
Iker Bravo,es ESP,2005.0,682,29,2,1,0.9,0.4,7,18,7,10,1,11,19.0,Udinese,it Serie A,"FW,MF",Forward,0.119,0.053,0.924,2.375,0.924,1.32,0.132,1.452,8.1,9.3,33.9,55.2,16.0,71.2,19.7,71.4,iker_bravo_es_esp_2005_0,Iker Bravo,682,-0.08913849900509453,-0.5555143141725161,-0.01631424189269751,-0.7279852680032343,-0.6037711657295947,-0.4453844406380224,-1.387189744762441,1.1039744283469886,0,Clinical Finisher / Poacher,"{""Forward Archetype 1 (Low PrgC)"": 0.7339, ""Forward Archetype 2 (High PrgC)"": 0.2661}",0.403,-1.161
Iker Losada,es ESP,2001.0,694,22,1,0,1.6,0.6,11,31,18,13,4,4,22.0,"Celta Vigo, Betis",es La Liga,"FW,MF",Forward,0.207,0.078,1.427,4.02,2.334,1.686,0.519,0.519,31.0,21.8,67.8,87.6,54.8,87.6,83.4,22.4,iker_losada_es_esp_2001_0,Iker Losada,694,0.5508409739080159,-0.2532214438731714,0.7627041300908829,0.2338424038662126,0.48148516478725606,0.0316041112954989,-0.5882563812597482,-0.343532677292781,0,Clinical Finisher / Poacher,"{""Forward Archetype 1 (Low PrgC)"": 0.0002, ""Forward Archetype 2 (High PrgC)"": 0.9998}",0.676,-0.129
Iker Muñoz,es ESP,2002.0,610,23,0,1,0.5,1.0,6,24,6,5,4,2,21.0,Osasuna,es La Liga,MF,Midfielder,0.074,0.148,0.885,3.541,0.885,0.738,0.59,0.295,42.4,73.1,41.1,31.2,23.5,3.6,32.5,15.4,iker_mu_oz_es_esp_2002_0,Iker Muñoz,610,-0.416400729472026,0.5931985929649934,-0.07671526874629525,-0.04622778143802133,-0.6337888940204863,-1.203874433056901,-0.44168204325279425,-0.6910584990112252,1,Box-to-Box / Pressing Engine,"{""Midfielder Archetype 1 (Low xAG)"": 0.203, ""Midfielder Archetype 2 (High xAG)"": 0.797}",-0.089,-0.772
Ilaix Moriba,gn GUI,2003.0,2132,33,1,1,1.7,1.5,20,119,34,68,14,15,21.0,Celta Vigo,es La Liga,MF,Midfielder,0.072,0.063,0.844,5.023,1.435,2.871,0.591,0.633,40.6,31.8,38.6,67.7,50.4,88.1,32.7,43.4,ilaix_moriba_gn_gui_2003_0,Ilaix Moriba,2132,-0.4309457174927785,-0.43459716605277815,-0.14021378415648775,0.8202941697537843,-0.21046195658483532,1.575952291735999,-0.43961761595692167,-0.16666685731107278,1,Box-to-Box / Pressing Engine,"{""Midfielder Archetype 1 (Low xAG)"": 0.9985, ""Midfielder Archetype 2 (High xAG)"": 0.0015}",-0.631,1.101
Ilias Akhomach,ma MAR,2004.0,584,11,1,0,0.6,1.0,9,12,30,12,3,19,20.0,Villarreal,es La Liga,"MF,FW",Midfielder,0.092,0.154,1.387,1.849,4.623,1.849,0.462,2.928,52.8,74.5,71.1,3.4,98.3,49.9,20.8,99.3,ilias_akhomach_ma_mar_2004_0,Ilias Akhomach,584,-0.2854958372852534,0.6657488818368362,0.7007543589589877,-1.0355362439323097,2.2432949098603565,0.24403343906917108,-0.7059287371244859,3.393921360741737,0,Deep-Lying Playmaker,"{""Midfielder Archetype 1 (Low xAG)"": 0.0, ""Midfielder Archetype 2 (High xAG)"": 1.0}",2.979,0.564
Iliman Ndiaye,sn SEN,2000.0,2430,33,9,0,4.7,1.9,18,59,86,53,20,68,24.0,Everton,eng Premier League,FW,Forward,0.174,0.07,0.667,2.185,3.185,1.963,0.741,2.519,22.3,17.1,16.0,49.7,71.6,92.7,96.2,95.3,iliman_ndiaye_sn_sen_2000_0,Iliman Ndiaye,2430,0.3108486715655994,-0.3499551623689616,-0.41434152141512326,-0.8390778258483376,1.136487389801327,0.39260364376977624,-0.12995352157603293,2.759376445193328,1,Dynamic Winger / Dribbler,"{""Forward Archetype 1 (Low PrgC)"": 0.0003, ""Forward Archetype 2 (High PrgC)"": 0.9997}",1.274,0.006
Illia Zabarnyi,ua UKR,2002.0,3109,36,0,1,1.3,0.7,12,140,27,52,41,6,21.0,Bournemouth,eng Premier League,DF,Defender,0.038,0.02,0.347,4.053,0.782,1.505,1.187,0.174,47.0,33.2,44.1,69.7,39.8,37.7,67.3,31.8,illia_zabarnyi_ua_ukr_2002_0,Illia Zabarnyi,3109,-0.6782105138455711,-0.9545409029676508,-0.9099396904702839,0.25313742707088865,-0.7130664841220719,-0.20428366985195304,0.790781052383143,-0.8787845009216348,1,Stopper / Defensive Destroyer,"{""Defender Archetype 1 (Low PrgC)"": 0.9794, ""Defender Archetype 2 (High xAG)"": 0.0003, ""Defender Archetype 3 (Low npxG)"": 0.0203}",-1.933,-0.028
Irvin Cardona,fr FRA,1997.0,1669,31,6,4,4.800000000000001,2.0,24,47,44,14,8,9,26.0,"Espanyol, Saint-Étienne","es La Liga, fr Ligue 1",FW,Forward,0.259,0.108,1.294,2.534,2.373,0.755,0.431,0.485,49.6,38.8,57.9,61.6,55.4,35.9,73.4,20.3,irvin_cardona_fr_fra_1997_0,Irvin Cardona,1669,0.9290106624475812,0.1095300004860421,0.5567211410773318,-0.635018338017069,0.5115028930781478,-1.1817192270927757,-0.7699259832965363,-0.39628213237504484,0,Clinical Finisher / Poacher,"{""Forward Archetype 1 (Low PrgC)"": 0.676, ""Forward Archetype 2 (High PrgC)"": 0.324}",1.084,-1.437
Isaac Palazón Camacho,es ESP,1994.0,2162,35,4,4,4.7,4.4,48,117,30,22,8,25,29.0,Rayo Vallecano,es La Liga,"MF,FW",Midfielder,0.196,0.183,1.998,4.87,1.249,0.916,0.333,1.041,83.8,82.1,90.0,65.0,43.9,7.5,9.8,73.0,isaac_palaz_n_camacho_es_esp_1994_0,Isaac Palazón Camacho,2162,0.4708435397938772,1.016408611384076,1.6470371129986847,0.730835425804833,-0.3536234299721645,-0.9718963941384123,-0.9722398582920502,0.46632660367609324,0,Deep-Lying Playmaker,"{""Midfielder Archetype 1 (Low xAG)"": 0.0045, ""Midfielder Archetype 2 (High xAG)"": 0.9955}",1.925,-0.095
Isaac Romero,es ESP,2000.0,2156,31,4,2,6.0,2.1,20,29,21,13,7,21,24.0,Sevilla,es La Liga,FW,Forward,0.25,0.088,0.835,1.211,0.877,0.543,0.292,0.877,45.6,28.2,26.2,14.4,13.7,19.7,50.1,45.7,isaac_romero_es_esp_2000_0,Isaac Romero,2156,0.8635582163541949,-0.13230429575343364,-0.15415248266116413,-1.4085733592227094,-0.6399463767468231,-1.4580076779395146,-1.0568813774228265,0.21188805563223248,0,Clinical Finisher / Poacher,"{""Forward Archetype 1 (Low PrgC)"": 0.9976, ""Forward Archetype 2 (High PrgC)"": 0.0024}",0.49,-2.403
Isak Hien,se SWE,1999.0,2327,30,0,0,1.0,0.1,2,51,7,48,31,6,25.0,Atalanta,it Serie A,DF,Defender,0.039,0.004,0.077,1.972,0.271,1.856,1.199,0.232,48.2,10.0,6.1,9.5,11.4,59.0,67.9,39.0,isak_hien_se_swe_1999_0,Isak Hien,2327,-0.6709380198351949,-1.1480083399592313,-1.3281006456105755,-0.963618430169427,-1.1063756932668314,0.25315617093675225,0.8155541799336141,-0.7888001363695376,1,Stopper / Defensive Destroyer,"{""Defender Archetype 1 (Low PrgC)"": 0.9935, ""Defender Archetype 2 (High xAG)"": 0.0001, ""Defender Archetype 3 (Low npxG)"": 0.0064}",-2.494,-0.631
Isco,es ESP,1992.0,1547,22,9,8,3.9,4.4,61,152,38,20,11,27,32.0,Betis,es La Liga,MF,Midfielder,0.227,0.256,3.549,8.843,2.211,1.164,0.64,1.571,89.0,94.2,100.0,97.2,73.8,13.4,36.7,88.9,isco_es_esp_1992_0,Isco,1547,0.6962908541155411,1.8991037926581622,4.049139488637915,3.05383928011323,0.38681386786982846,-0.6486910365441138,-0.3384606784591646,1.288597521134912,0,Deep-Lying Playmaker,"{""Midfielder Archetype 1 (Low xAG)"": 0.0, ""Midfielder Archetype 2 (High xAG)"": 1.0}",3.978,2.442
Ismaila Sarr,sn SEN,1998.0,2711,38,8,6,10.7,8.5,44,85,75,22,9,17,26.0,Crystal Palace,eng Premier League,MF,Midfielder,0.355,0.282,1.461,2.822,2.49,0.73,0.299,0.564,96.8,97.3,74.0,15.3,82.8,3.2,8.4,38.1,ismaila_sarr_sn_sen_1998_0,Ismaila Sarr,2711,1.6271700874437016,2.2134883777694805,0.8153614355529937,-0.46662540823080695,0.6015560779508227,-1.2143004123341363,-1.0424303863517181,-0.2737172220368436,0,Deep-Lying Playmaker,"{""Midfielder Archetype 1 (Low xAG)"": 0.0, ""Midfielder Archetype 2 (High xAG)"": 1.0}",2.577,-1.283
Ismaily,br BRA,1990.0,904,16,0,1,0.7,1.0,5,54,15,33,13,8,34.0,Lille,fr Ligue 1,DF,Defender,0.07,0.1,0.498,5.376,1.493,3.285,1.294,0.796,79.4,80.1,59.2,89.5,63.4,98.1,75.5,85.1,ismaily_br_bra_1990_0,Ismaily,904,-0.4454907055135309,0.012796281990251911,-0.67607930444738,1.0266924482765294,-0.1658202068188939,2.115496719332933,1.0116747730415103,0.08622023617154513,0,Ball-Playing Defender,"{""Defender Archetype 1 (Low PrgC)"": 0.0, ""Defender Archetype 2 (High xAG)"": 0.999, ""Defender Archetype 3 (Low npxG)"": 0.001}",-1.125,2.041
Ismaël Bennacer,dz ALG,1997.0,946,18,0,2,0.2,1.9,17,95,22,26,13,16,26.0,"Milan, Marseille","it Serie A, fr Ligue 1",MF,Midfielder,0.019,0.181,1.617,9.038,2.093,2.474,1.237,1.522,5.8,81.5,78.8,97.7,70.8,76.5,78.6,88.1,isma_l_bennacer_dz_alg_1997_0,Ismaël Bennacer,946,-0.81638790004272,0.9922251817601283,1.0569655429673843,3.167855326322678,0.2959909976563616,1.0585630701031903,0.8940024171767726,1.2125762476340025,0,Deep-Lying Playmaker,"{""Midfielder Archetype 1 (Low xAG)"": 0.0189, ""Midfielder Archetype 2 (High xAG)"": 0.9811}",0.969,3.573
Ismaël Doukouré,fr FRA,2003.0,2639,31,1,1,0.6,1.1,11,116,20,40,25,13,21.0,Strasbourg,fr Ligue 1,"DF,MF",Defender,0.02,0.038,0.375,3.956,0.682,1.364,0.853,0.443,25.1,51.5,46.5,66.6,33.6,29.4,33.6,63.5,isma_l_doukour__fr_fra_2003_0,Ismaël Doukouré,2639,-0.8091154060323437,-0.7368900363521228,-0.8665748506779573,0.19642175280259908,-0.7900350182012812,-0.3880415546132274,0.1012623355616973,-0.4614432239472531,1,Stopper / Defensive Destroyer,"{""Defender Archetype 1 (Low PrgC)"": 0.5189, ""Defender Archetype 2 (High xAG)"": 0.0055, ""Defender Archetype 3 (Low npxG)"": 0.4756}",-1.459,-0.267
Ismaël Koné,ca CAN,2002.0,829,21,2,1,0.5,1.7000000000000002,9,40,18,17,8,8,22.0,"Marseille, Rennes",fr Ligue 1,MF,Midfielder,0.054,0.185,0.977,4.343,1.954,1.846,0.869,0.869,29.8,82.6,47.1,51.1,67.4,49.7,56.4,62.5,isma_l_kon__ca_can_2002_0,Ismaël Koné,829,-0.5618506096795511,1.0405920410080234,0.06576920485706335,0.42269975220288847,0.18900473528626074,0.24012369684020793,0.1342931722956588,0.19947641914228803,1,Box-to-Box / Pressing Engine,"{""Midfielder Archetype 1 (Low xAG)"": 0.0122, ""Midfielder Archetype 2 (High xAG)"": 0.9878}",0.421,0.887
Issa Diop,fr FRA,1997.0,1339,21,0,0,0.5,0.1,3,25,6,26,9,1,27.0,Fulham,eng Premier League,DF,Defender,0.034,0.007,0.202,1.68,0.403,1.748,0.605,0.067,42.8,14.0,23.3,5.1,18.9,52.7,12.8,13.0,issa_diop_fr_fra_1997_0,Issa Diop,1339,-0.7073004898870762,-1.11173319552331,-1.1345076108234036,-1.1343501506471647,-1.0047772282822751,0.11240545069407365,-0.4107156338147054,-1.0447901389746417,1,Stopper / Defensive Destroyer,"{""Defender Archetype 1 (Low PrgC)"": 0.9899, ""Defender Archetype 2 (High xAG)"": 0.0004, ""Defender Archetype 3 (Low npxG)"": 0.0096}",-2.031,-1.21
Issa Doumbia,it ITA,2003.0,939,24,0,0,1.0,0.1,3,22,12,14,9,11,20.0,Venezia,it Serie A,MF,Midfielder,0.096,0.01,0.288,2.109,1.15,1.342,0.863,1.054,55.6,1.8,4.0,4.8,37.5,20.7,55.8,74.0,issa_doumbia_it_ita_2003_0,Issa Doumbia,939,-0.25640586124374837,-1.0754580510873888,-1.001315602889829,-0.8835148489863789,-0.4298222787105818,-0.4167129976256249,0.12190660852042322,0.4864955129722532,1,Box-to-Box / Pressing Engine,"{""Midfielder Archetype 1 (Low xAG)"": 0.9546, ""Midfielder Archetype 2 (High xAG)"": 0.0454}",-1.027,-0.975
Issa Soumaré,sn SEN,2000.0,1902,29,5,4,3.8,3.1,28,45,61,25,16,16,23.0,Le Havre,fr Ligue 1,"FW,MF",Forward,0.18,0.147,1.325,2.129,2.886,1.183,0.757,0.757,22.8,56.4,59.9,47.6,64.5,62.2,96.5,39.7,issa_soumar__sn_sen_2000_0,Issa Soumaré,1902,0.354483635627857,0.5811068781530196,0.6047322137045503,-0.8718208955289996,0.9063514729044913,-0.6239293357606794,-0.09692268484207144,0.02571350828306596,0,Clinical Finisher / Poacher,"{""Forward Archetype 1 (Low PrgC)"": 0.0759, ""Forward Archetype 2 (High PrgC)"": 0.9241}",1.135,-0.571
Issiaga Sylla,gn GUI,1994.0,1156,19,1,0,1.8,0.6,7,53,33,25,10,9,30.0,Montpellier,fr Ligue 1,DF,Defender,0.14,0.047,0.545,4.126,2.569,1.946,0.779,0.701,96.7,56.7,61.6,72.1,91.2,63.8,26.7,80.7,issiaga_sylla_gn_gui_1994_0,Issiaga Sylla,1156,0.06358387521280696,-0.6280646030443587,-0.6032883233674032,0.2958203571903233,0.6623612198733978,0.3704484378056508,-0.051505284332874386,-0.06116794714654516,0,Ball-Playing Defender,"{""Defender Archetype 1 (Low PrgC)"": 0.0, ""Defender Archetype 2 (High xAG)"": 0.9998, ""Defender Archetype 3 (Low npxG)"": 0.0002}",-0.306,0.163
Ivan Ilić,rs SRB,2001.0,920,19,1,0,0.9,1.1,9,45,24,5,5,6,23.0,Torino,it Serie A,MF,Midfielder,0.088,0.108,0.88,4.402,2.348,0.489,0.489,0.587,50.9,56.6,40.9,53.1,79.6,1.0,22.6,40.1,ivan_ili__rs_srb_2001_0,Ivan Ilić,920,-0.31458581332675845,0.1095300004860421,-0.08445899013778213,0.45719691490215747,0.4922607595583452,-1.5283830380608543,-0.650189200135926,-0.23803376712825333,0,Deep-Lying Playmaker,"{""Midfielder Archetype 1 (Low xAG)"": 0.5507, ""Midfielder Archetype 2 (High xAG)"": 0.4493}",0.538,-0.613
Ivan Ordets,ua UKR,1992.0,1861,22,0,0,0.7,0.7,7,48,2,18,41,1,32.0,Bochum,de Bundesliga,DF,Defender,0.034,0.034,0.339,2.321,0.097,0.87,1.983,0.048,42.8,48.3,42.8,18.4,2.7,5.4,97.1,11.2,ivan_ordets_ua_ukr_1992_0,Ivan Ordets,1861,-0.7073004898870762,-0.7852568956000179,-0.9223296446966629,-0.7595589423381582,-1.2403009425646554,-1.031845774982516,2.434065179897726,-1.0742677756382595,1,Stopper / Defensive Destroyer,"{""Defender Archetype 1 (Low PrgC)"": 0.9494, ""Defender Archetype 2 (High xAG)"": 0.0, ""Defender Archetype 3 (Low npxG)"": 0.0506}",-2.647,-0.47
Ivan Smolčić,hr CRO,2000.0,630,9,0,0,0.4,0.1,2,23,3,16,10,0,23.0,Como,it Serie A,DF,Defender,0.057,0.014,0.286,3.286,0.429,2.286,1.429,0.0,68.8,25.9,36.2,48.9,20.1,79.9,83.4,4.3,ivan_smol_i__hr_cro_2000_0,Ivan Smolčić,630,-0.5400331276484224,-1.0270911918394936,-1.0044130914464238,-0.19532568801960729,-0.9847654094216806,0.8135525570881572,1.29037245798431,-1.1487375945779261,1,Stopper / Defensive Destroyer,"{""Defender Archetype 1 (Low PrgC)"": 0.9698, ""Defender Archetype 2 (High xAG)"": 0.0013, ""Defender Archetype 3 (Low npxG)"": 0.029}",-2.559,0.27
Iván Balliu,al ALB,1992.0,1200,25,0,0,0.0,0.5,7,46,8,17,13,3,32.0,Rayo Vallecano,es La Liga,DF,Defender,0.0,0.038,0.525,3.45,0.6,1.275,0.975,0.225,2.6,51.5,60.6,54.1,29.4,22.7,46.8,37.9,iv_n_balliu_al_alb_1992_0,Iván Balliu,1200,-0.9545652862398688,-0.7368900363521228,-0.6342632089333508,-0.09943526966909698,-0.8531492161462327,-0.504030574072472,0.3531224656581534,-0.799660318298239,1,Stopper / Defensive Destroyer,"{""Defender Archetype 1 (Low PrgC)"": 0.6879, ""Defender Archetype 2 (High xAG)"": 0.0109, ""Defender Archetype 3 (Low npxG)"": 0.3012}",-1.647,-0.339
Iván Martín,es ESP,1999.0,2039,32,1,1,1.8,1.9,22,131,57,32,11,25,25.0,Girona,es La Liga,MF,Midfielder,0.079,0.084,0.971,5.782,2.516,1.412,0.486,1.103,45.8,45.4,46.4,77.4,83.6,24.0,22.3,75.4,iv_n_mart_n_es_esp_1999_0,Iván Martín,2039,-0.3800382594201447,-0.18067115500132863,0.05647673918727908,1.264079703461329,0.6215678968114169,-0.325485678949815,-0.6563824820235438,0.5625167864731627,0,Deep-Lying Playmaker,"{""Midfielder Archetype 1 (Low xAG)"": 0.6664, ""Midfielder Archetype 2 (High xAG)"": 0.3336}",0.664,0.591
Iván Sánchez,es ESP,1992.0,1404,32,2,1,0.7,2.9,24,77,60,37,14,28,31.0,Valladolid,es La Liga,"MF,FW",Midfielder,0.045,0.186,1.538,4.936,3.846,2.372,0.897,1.795,23.8,83.0,76.5,66.0,94.9,74.1,58.9,92.4,iv_n_s_nchez_es_esp_1992_0,Iván Sánchez,1404,-0.6273030557729373,1.0526837558199973,0.9346147449818917,0.7694254722141846,1.6452494000649003,0.925631834318438,0.1920971365800914,1.6361233428533561,0,Deep-Lying Playmaker,"{""Midfielder Archetype 1 (Low xAG)"": 0.0, ""Midfielder Archetype 2 (High xAG)"": 1.0}",1.871,2.14
Iñaki Williams,gh GHA,1994.0,2652,35,6,8,7.6,7.8,43,76,107,17,12,33,30.0,Athletic Club,es La Liga,FW,Forward,0.258,0.265,1.459,2.579,3.631,0.577,0.407,1.12,49.0,90.7,69.6,62.5,79.2,23.1,69.3,57.2,i_aki_williams_gh_gha_1994_0,Iñaki Williams,2652,0.921738168437205,2.0079292259659263,0.8122639469963989,-0.6087069427379653,1.4797670517946,-1.4136972660112643,-0.8194722383974785,0.5888915140142948,1,Dynamic Winger / Dribbler,"{""Forward Archetype 1 (Low PrgC)"": 0.0811, ""Forward Archetype 2 (High PrgC)"": 0.9189}",2.927,-0.86
Iñigo Lekue,es ESP,1993.0,773,16,0,0,0.2,0.5,8,35,13,15,9,6,31.0,Athletic Club,es La Liga,DF,Defender,0.023,0.058,0.931,4.075,1.514,1.746,1.048,0.699,29.3,63.4,78.3,70.3,64.8,52.5,55.2,80.6,i_igo_lekue_es_esp_1993_0,Iñigo Lekue,773,-0.787297924001215,-0.4950557401126471,-0.005473031944615864,0.266000775874006,-0.14965681466226002,0.10979895587476479,0.5038256582568528,-0.06427085626903127,0,Ball-Playing Defender,"{""Defender Archetype 1 (Low PrgC)"": 0.0, ""Defender Archetype 2 (High xAG)"": 0.2085, ""Defender Archetype 3 (Low npxG)"": 0.7915}",-0.745,0.583
Iñigo Martínez,es ESP,1991.0,2490,28,0,4,0.5,2.6,16,260,70,25,18,3,33.0,Barcelona,es La Liga,DF,Defender,0.018,0.094,0.578,9.398,2.53,0.904,0.651,0.108,22.7,78.1,64.0,100.0,90.2,6.7,16.4,19.6,i_igo_mart_nez_es_esp_1991_0,Iñigo Martínez,2490,-0.8236603940530962,-0.05975400688159086,-0.5521797621835899,3.378346488555505,0.632343491582506,-0.9875353630542655,-0.3157519782045661,-0.9811805019636763,0,Ball-Playing Defender,"{""Defender Archetype 1 (Low PrgC)"": 0.0, ""Defender Archetype 2 (High xAG)"": 0.9999, ""Defender Archetype 3 (Low npxG)"": 0.0001}",-0.188,1.361
Iñigo Ruiz de Galarreta,es ESP,1993.0,1477,26,0,4,0.5,2.9,28,137,27,36,16,16,30.0,Athletic Club,es La Liga,MF,Midfielder,0.03,0.177,1.706,8.348,1.645,2.194,0.975,0.975,12.0,80.8,81.8,96.2,60.4,65.5,64.3,69.3,i_igo_ruiz_de_galarreta_es_esp_1993_0,Iñigo Ruiz de Galarreta,1477,-0.7363904659285812,0.9438583225122331,1.1948037837358507,2.7644139320430927,-0.04882803501849587,0.6936537953999495,0.3531224656581534,0.36393060263405175,0,Deep-Lying Playmaker,"{""Midfielder Archetype 1 (Low xAG)"": 0.2166, ""Midfielder Archetype 2 (High xAG)"": 0.7834}",0.771,2.773
Jack Clarke,eng ENG,2000.0,1181,32,0,4,1.2,2.3,28,44,39,32,7,25,23.0,Ipswich Town,eng Premier League,"FW,MF",Forward,0.091,0.175,2.134,3.353,2.972,2.439,0.533,1.905,2.9,67.6,92.2,78.9,67.2,97.1,84.5,86.7,jack_clarke_eng_eng_2000_0,Jack Clarke,1181,-0.2927683312956296,0.9196748928882855,1.8576663348471278,-0.15615094393738654,0.9725444122126111,1.012949410765285,-0.5593543991175318,1.8067833445900923,1,Dynamic Winger / Dribbler,"{""Forward Archetype 1 (Low PrgC)"": 0.0003, ""Forward Archetype 2 (High PrgC)"": 0.9997}",2.298,1.368
Jack Grealish,eng ENG,1995.0,721,20,1,1,1.1,1.8,24,52,69,9,2,13,28.0,Manchester City,eng Premier League,"FW,MF",Forward,0.137,0.225,2.996,6.491,8.613,1.123,0.25,1.623,11.1,83.5,98.2,98.2,99.8,59.3,43.6,78.7,jack_grealish_eng_eng_1995_0,Jack Grealish,721,0.04176639318167818,1.524260633486975,3.1926839027394665,1.6786303535254246,5.314339419620805,-0.7021241803399453,-1.1435873238494754,1.369273158319551,1,Dynamic Winger / Dribbler,"{""Forward Archetype 1 (Low PrgC)"": 0.0, ""Forward Archetype 2 (High PrgC)"": 1.0}",5.551,2.228
Jack Harrison,eng ENG,1996.0,2076,34,1,0,3.5,3.7,33,51,73,32,10,24,27.0,Everton,eng Premier League,FW,Forward,0.152,0.16,1.431,2.211,3.165,1.387,0.434,1.04,14.4,62.3,68.1,50.3,71.2,74.5,73.6,53.5,jack_harrison_eng_eng_1996_0,Jack Harrison,2076,0.1508538033373219,0.7382991707086789,0.7688991072040724,-0.8238756863537445,1.1210936829854852,-0.35806686419117567,-0.7637327014089185,0.4647751491148504,1,Dynamic Winger / Dribbler,"{""Forward Archetype 1 (Low PrgC)"": 0.598, ""Forward Archetype 2 (High PrgC)"": 0.402}",1.665,-0.411
Jack Hinshelwood,eng ENG,2005.0,1842,26,5,2,2.7,1.5,17,68,19,27,16,2,19.0,Brighton,eng Premier League,"MF,DF",Midfielder,0.132,0.073,0.831,3.322,0.928,1.319,0.782,0.098,68.4,38.4,37.5,25.7,25.2,19.2,48.5,1.8,jack_hinshelwood_eng_eng_2005_0,Jack Hinshelwood,1842,0.005403923129796869,-0.3136800179330404,-0.16034745977435366,-0.17427657179632455,-0.6006924243664263,-0.446687688047677,-0.045312002445256606,-0.9966950475761069,1,Box-to-Box / Pressing Engine,"{""Midfielder Archetype 1 (Low xAG)"": 0.9101, ""Midfielder Archetype 2 (High xAG)"": 0.0899}",-0.786,-0.683
Jack Stephens,eng ENG,1994.0,1389,19,1,0,0.6,0.2,3,63,14,34,13,0,30.0,Southampton,eng Premier League,DF,Defender,0.039,0.013,0.194,4.082,0.907,2.203,0.842,0.0,48.2,24.5,22.1,70.6,45.6,75.8,32.4,4.3,jack_stephens_eng_eng_1994_0,Jack Stephens,1389,-0.6709380198351949,-1.0391829066514675,-1.1468975650497826,0.2700936595840886,-0.6168558165230603,0.7053830220868392,0.07855363530709876,-1.1487375945779261,1,Stopper / Defensive Destroyer,"{""Defender Archetype 1 (Low PrgC)"": 0.9297, ""Defender Archetype 2 (High xAG)"": 0.0025, ""Defender Archetype 3 (Low npxG)"": 0.0678}",-2.056,0.091
Jack Taylor,ie IRL,1998.0,860,32,1,0,0.7,0.5,5,43,11,20,9,4,26.0,Ipswich Town,eng Premier League,MF,Midfielder,0.073,0.052,0.523,4.5,1.151,2.093,0.942,0.419,41.5,23.5,13.6,55.9,37.6,60.6,62.3,24.6,jack_taylor_ie_irl_1998_0,Jack Taylor,860,-0.4236732234824023,-0.5676060289844899,-0.6373606974899455,0.514497286843316,-0.4290525933697897,0.562025807024852,0.28499636489435787,-0.49867813341708644,1,Box-to-Box / Pressing Engine,"{""Midfielder Archetype 1 (Low xAG)"": 0.996, ""Midfielder Archetype 2 (High xAG)"": 0.004}",-1.226,0.454
Jackson Irvine,au AUS,1993.0,2610,29,0,6,3.0,3.9,32,117,19,56,36,9,31.0,St. Pauli,de Bundesliga,MF,Midfielder,0.103,0.134,1.103,4.034,0.655,1.931,1.241,0.31,58.5,66.6,54.2,43.3,13.8,53.1,79.2,16.3,jackson_irvine_au_aus_1993_0,Jackson Irvine,2610,-0.20549840317111462,0.4239145855973606,0.2609109839225328,0.24202817128637824,-0.8108165224026677,0.35089972666083447,0.902260126360263,-0.6677866805925793,1,Box-to-Box / Pressing Engine,"{""Midfielder Archetype 1 (Low xAG)"": 0.9773, ""Midfielder Archetype 2 (High xAG)"": 0.0227}",-0.723,0.634
Jackson Tchatchoua,cm CMR,2001.0,3167,36,2,3,1.6,2.8,34,72,88,50,14,21,22.0,Hellas Verona,it Serie A,"DF,MF",Defender,0.045,0.08,0.966,2.046,2.501,1.421,0.398,0.597,56.4,73.1,79.8,11.0,89.7,33.3,3.3,75.5,jackson_tchatchoua_cm_cmr_2001_0,Jackson Tchatchoua,3167,-0.6273030557729373,-0.22903801424922382,0.04873301779579219,-0.9203508023771237,0.6100226166995354,-0.313756452262925,-0.8380520840603317,-0.2225192215158228,0,Ball-Playing Defender,"{""Defender Archetype 1 (Low PrgC)"": 0.0, ""Defender Archetype 2 (High xAG)"": 0.3907, ""Defender Archetype 3 (Low npxG)"": 0.6093}",0.173,-0.68
Jacob Bruun Larsen,dk DEN,1998.0,814,27,3,2,2.9,1.7999999999999998,19,35,35,5,2,17,25.0,"Hoffenheim, Stuttgart",de Bundesliga,"MF,FW",Midfielder,0.321,0.199,2.101,3.87,3.87,0.553,0.221,1.88,95.8,85.7,92.0,39.3,95.4,1.2,4.1,94.7,jacob_bruun_larsen_dk_den_1998_0,Jacob Bruun Larsen,814,1.379905291090909,1.2098760483756565,1.8065577736633145,0.1461377529358682,1.6637218482439105,-1.4449752038429706,-1.2034557154297805,1.7679969805590159,0,Deep-Lying Playmaker,"{""Midfielder Archetype 1 (Low xAG)"": 0.0, ""Midfielder Archetype 2 (High xAG)"": 1.0}",3.884,-0.502
Jacob Greaves,eng ENG,2000.0,2205,25,1,0,1.3,0.3,5,69,11,40,21,4,23.0,Ipswich Town,eng Premier League,DF,Defender,0.053,0.012,0.204,2.816,0.449,1.633,0.857,0.163,64.6,22.7,23.5,33.9,21.0,47.7,34.1,30.2,jacob_greaves_eng_eng_2000_0,Jacob Greaves,2205,-0.5691231036899274,-1.0512746214634412,-1.1314101222668087,-0.47013359426802087,-0.9693717026058387,-0.03746800141618582,0.10952004474518766,-0.8958505010953083,1,Stopper / Defensive Destroyer,"{""Defender Archetype 1 (Low PrgC)"": 0.995, ""Defender Archetype 2 (High xAG)"": 0.0001, ""Defender Archetype 3 (Low npxG)"": 0.0049}",-1.996,-0.749
Jacob Murphy,eng ENG,1995.0,2360,35,8,12,5.7,8.9,42,83,79,28,13,35,29.0,Newcastle Utd,eng Premier League,FW,Forward,0.217,0.339,1.602,3.165,3.013,1.068,0.496,1.335,35.4,96.0,76.7,75.4,68.1,52.8,80.9,65.6,jacob_murphy_eng_eng_1995_0,Jacob Murphy,2360,0.6235659140117785,2.9027161220519866,1.0337343787929238,-0.26607410643675206,1.0041015111850868,-0.7738027878709388,-0.6357382090648178,0.9224542446815513,1,Dynamic Winger / Dribbler,"{""Forward Archetype 1 (Low PrgC)"": 0.0067, ""Forward Archetype 2 (High PrgC)"": 0.9933}",3.115,0.019
Jacob Ramsey,eng ENG,2001.0,1623,29,1,3,1.6,2.3,21,68,61,30,8,25,23.0,Aston Villa,eng Premier League,"FW,MF",Forward,0.089,0.128,1.165,3.771,3.383,1.664,0.444,1.386,2.5,47.6,50.3,85.4,75.2,86.5,76.1,68.7,jacob_ramsey_eng_eng_2001_0,Jacob Ramsey,1623,-0.30731331931638217,0.35136429672551783,0.35693312917697023,0.08825268332184057,1.2888850872781612,0.0029326682831014093,-0.7430884284501925,1.001578427304947,1,Dynamic Winger / Dribbler,"{""Forward Archetype 1 (Low PrgC)"": 0.198, ""Forward Archetype 2 (High PrgC)"": 0.802}",1.429,0.403
Jacopo Fazzini,it ITA,2003.0,1383,20,4,1,3.1,0.5,12,49,34,32,6,23,21.0,Empoli,it Serie A,MF,Midfielder,0.202,0.033,0.781,3.189,2.213,2.082,0.39,1.497,85.4,11.8,32.8,22.9,74.0,60.4,14.9,87.4,jacopo_fazzini_it_ita_2003_0,Jacopo Fazzini,1383,0.5144785038561348,-0.7973486104119917,-0.23778467368922238,-0.25204136228789686,0.38835323855141285,0.5476900855186532,-0.8545675024273125,1.1737898836029264,1,Box-to-Box / Pressing Engine,"{""Midfielder Archetype 1 (Low xAG)"": 0.005, ""Midfielder Archetype 2 (High xAG)"": 0.995}",0.513,-0.34
Jacques Ekomie,ga GAB,2003.0,697,18,0,0,0.0,0.0,0,20,13,22,4,4,20.0,Angers,fr Ligue 1,"DF,FW",Defender,0.0,0.0,0.0,2.582,1.679,2.841,0.516,0.516,2.6,4.3,1.9,25.0,69.9,94.3,7.2,69.8,jacques_ekomie_ga_gab_2003_0,Jacques Ekomie,697,-0.9545652862398688,-1.1963751992071265,-1.4473539550394734,-0.6069528497193586,-0.02265873343156469,1.5368548694463662,-0.5944496631473659,-0.3481870409765101,1,Stopper / Defensive Destroyer,"{""Defender Archetype 1 (Low PrgC)"": 0.0001, ""Defender Archetype 2 (High xAG)"": 0.008, ""Defender Archetype 3 (Low npxG)"": 0.9919}",-1.744,0.026
Jaden Philogene Bidace,eng ENG,2002.0,806,21,2,0,2.5,0.5,6,14,20,25,13,9,22.0,"Aston Villa, Ipswich Town",eng Premier League,"FW,DF",Forward,0.279,0.056,0.67,1.563,2.233,2.792,1.452,1.005,55.4,10.6,16.4,26.6,52.5,98.0,99.8,51.4,jaden_philogene_bidace_eng_eng_2002_0,Jaden Philogene Bidace,806,1.0744605426551066,-0.5192391697365947,-0.40969528858023113,-1.2027597783728337,0.4037469453672547,1.4729957463732986,1.3378542857893796,0.41047423947134326,0,Clinical Finisher / Poacher,"{""Forward Archetype 1 (Low PrgC)"": 0.0, ""Forward Archetype 2 (High PrgC)"": 1.0}",-0.517,0.128
Jadon Sancho,eng ENG,2000.0,1764,31,3,4,2.2,3.7,38,90,102,13,2,45,24.0,Chelsea,eng Premier League,FW,Forward,0.112,0.189,1.939,4.592,5.204,0.663,0.102,2.296,6.9,74.9,87.5,92.9,93.6,29.6,14.3,92.9,jadon_sancho_eng_eng_2000_0,Jadon Sancho,1764,-0.14004595707772827,1.0889589002559186,1.5556612005791397,0.5682894727472605,2.6904820928605617,-1.3016179887809831,-1.449122563638619,2.4134020780361265,1,Dynamic Winger / Dribbler,"{""Forward Archetype 1 (Low PrgC)"": 0.0, ""Forward Archetype 2 (High PrgC)"": 1.0}",4.009,0.506
Jailson Siqueira,br BRA,1995.0,614,13,0,0,0.1,0.0,1,43,10,13,9,3,28.0,Celta Vigo,es La Liga,"DF,MF",Defender,0.015,0.0,0.147,6.303,1.466,1.906,1.319,0.44,18.2,4.3,15.6,95.3,62.4,61.6,77.1,63.1,jailson_siqueira_br_bra_1995_0,Jailson Siqueira,614,-0.845477876084225,-1.1963751992071265,-1.219688546129759,1.5687071910260595,-0.1866017110202805,0.3183185414194735,1.0632854554383249,-0.46609758763098225,1,Stopper / Defensive Destroyer,"{""Defender Archetype 1 (Low PrgC)"": 0.861, ""Defender Archetype 2 (High xAG)"": 0.0183, ""Defender Archetype 3 (Low npxG)"": 0.1207}",-1.952,1.161
Jaime Mata,es ESP,1988.0,656,30,0,0,2.6,0.1,3,10,6,8,3,5,35.0,Las Palmas,es La Liga,"FW,MF",Forward,0.357,0.014,0.412,1.372,0.823,1.098,0.412,0.686,74.2,1.3,3.7,20.0,12.2,56.2,70.1,34.1,jaime_mata_es_esp_1988_0,Jaime Mata,656,1.641715075464454,-1.0270911918394936,-0.8092713123809545,-1.3144370338908058,-0.6815093851495961,-0.734705365581306,-0.8091501019181155,-0.08443976556519082,0,Clinical Finisher / Poacher,"{""Forward Archetype 1 (Low PrgC)"": 0.9975, ""Forward Archetype 2 (High PrgC)"": 0.0025}",-0.3,-2.553
Jaka Bijol,si SVN,1999.0,2963,34,1,0,2.0,0.6,12,98,22,43,38,2,25.0,Udinese,it Serie A,DF,Defender,0.061,0.018,0.364,2.977,0.668,1.306,1.154,0.061,72.8,30.3,45.6,38.8,33.2,25.0,64.0,12.2,jaka_bijol_si_svn_1999_0,Jaka Bijol,2963,-0.5109431516069173,-0.9787243325915984,-0.8836110377392284,-0.3759972689361175,-0.8008106129723703,-0.46362990437318446,0.7226549516193471,-1.0540988663421,1,Stopper / Defensive Destroyer,"{""Defender Archetype 1 (Low PrgC)"": 0.9949, ""Defender Archetype 2 (High xAG)"": 0.0005, ""Defender Archetype 3 (Low npxG)"": 0.0046}",-1.954,-0.634
Jake O'Brien,ie IRL,2001.0,1571,20,2,0,0.8,0.6,6,50,7,26,4,4,23.0,Everton,eng Premier League,DF,Defender,0.046,0.034,0.344,2.864,0.401,1.489,0.229,0.229,57.8,48.3,43.6,35.0,18.5,36.9,0.9,38.4,jake_o_brien_ie_irl_2001_0,Jake O'Brien,1571,-0.6200305617625611,-0.7852568956000179,-0.914585923305176,-0.44206810597031054,-1.0063165989638592,-0.22513562840642365,-1.1869402970627998,-0.7934545000532668,1,Stopper / Defensive Destroyer,"{""Defender Archetype 1 (Low PrgC)"": 0.9669, ""Defender Archetype 2 (High xAG)"": 0.0007, ""Defender Archetype 3 (Low npxG)"": 0.0324}",-1.294,-1.193
Jakov Medić,hr CRO,1998.0,1603,23,1,0,0.9,0.2,3,27,2,13,22,2,25.0,Bochum,de Bundesliga,DF,Defender,0.051,0.011,0.168,1.516,0.112,0.73,1.235,0.112,62.4,20.6,18.2,3.6,3.3,2.0,72.5,20.5,jakov_medi__hr_cro_1998_0,Jakov Medić,1603,-0.5836680917106799,-1.063366336275415,-1.1871649162855142,-1.230240568997675,-1.228755662452774,-1.2143004123341363,0.8898735625850275,-0.9749746837187041,1,Stopper / Defensive Destroyer,"{""Defender Archetype 1 (Low PrgC)"": 0.9994, ""Defender Archetype 2 (High xAG)"": 0.0, ""Defender Archetype 3 (Low npxG)"": 0.0006}",-2.278,-1.544
Jakub Kamiński,pl POL,2002.0,1130,22,0,2,0.9,3.3,24,40,41,17,13,8,22.0,Wolfsburg,de Bundesliga,"DF,MF",Defender,0.072,0.263,1.912,3.186,3.265,1.354,1.035,0.637,81.1,98.8,97.3,44.9,96.4,28.2,53.3,77.9,jakub_kami_ski_pl_pol_2002_0,Jakub Kamiński,1130,-0.4309457174927785,1.983745796341979,1.5138451050651103,-0.2537954553065038,1.1980622170646944,-0.40107402870977177,0.4769881034105088,-0.16046103906610054,0,Ball-Playing Defender,"{""Defender Archetype 1 (Low PrgC)"": 0.0, ""Defender Archetype 2 (High xAG)"": 1.0, ""Defender Archetype 3 (Low npxG)"": 0.0}",1.779,0.891
Jakub Kiwior,pl POL,2000.0,1122,17,1,0,0.2,0.3,5,48,5,22,6,3,24.0,Arsenal,eng Premier League,DF,Defender,0.016,0.024,0.401,3.85,0.401,1.765,0.481,0.241,20.0,37.2,49.5,64.3,18.5,53.6,6.0,40.2,jakub_kiwior_pl_pol_2000_0,Jakub Kiwior,1122,-0.8382053820738488,-0.9061740437197559,-0.8263074994422255,0.1344437994784889,-1.0063165989638592,0.13456065665819883,-0.6667046185029067,-0.7748370453183501,1,Stopper / Defensive Destroyer,"{""Defender Archetype 1 (Low PrgC)"": 0.9269, ""Defender Archetype 2 (High xAG)"": 0.0019, ""Defender Archetype 3 (Low npxG)"": 0.0712}",-1.578,-0.409
Jamal Musiala,de GER,2003.0,1798,25,12,2,9.3,4.5,41,107,71,36,8,72,21.0,Bayern Munich,de Bundesliga,MF,Midfielder,0.466,0.225,2.052,5.356,3.554,1.802,0.4,3.604,99.7,90.0,91.4,72.9,93.5,47.0,15.7,99.8,jamal_musiala_de_ger_2003_0,Jamal Musiala,1798,2.4344169225954664,1.524260633486975,1.7306693040267431,1.0149984948191497,1.420501280553609,0.18278081081541295,-0.8339232294685865,4.442704644142042,0,Deep-Lying Playmaker,"{""Midfielder Archetype 1 (Low xAG)"": 0.0, ""Midfielder Archetype 2 (High xAG)"": 1.0}",4.943,0.905
James Bree,eng ENG,1997.0,1075,17,0,1,0.1,0.9,10,34,13,19,9,4,26.0,Southampton,eng Premier League,DF,Defender,0.008,0.075,0.837,2.847,1.088,1.591,0.753,0.335,8.9,71.6,76.1,34.6,52.5,43.9,24.9,52.3,james_bree_eng_eng_1997_0,James Bree,1075,-0.8963853341568587,-0.2894965883090928,-0.15105499410456938,-0.45200796640908286,-0.47754276983969146,-0.09220439262167195,-0.10518039402556181,-0.6290003165615029,1,Stopper / Defensive Destroyer,"{""Defender Archetype 1 (Low PrgC)"": 0.0, ""Defender Archetype 2 (High xAG)"": 0.1233, ""Defender Archetype 3 (Low npxG)"": 0.8767}",-0.917,-0.232
James Garner,eng ENG,2001.0,1594,21,0,1,0.7,1.4,13,50,15,47,23,7,23.0,Everton,eng Premier League,"MF,DF",Midfielder,0.04,0.079,0.734,2.823,0.847,2.654,1.299,0.395,20.8,42.6,29.4,15.4,22.2,82.3,81.9,22.2,james_garner_eng_eng_2001_0,James Garner,1594,-0.6636655258248185,-0.24112972906119762,-0.3105756547691991,-0.46604071055793805,-0.6630369369705859,1.2931476038409875,1.021996909520873,-0.5359130428869197,1,Box-to-Box / Pressing Engine,"{""Midfielder Archetype 1 (Low xAG)"": 0.9994, ""Midfielder Archetype 2 (High xAG)"": 0.0006}",-1.557,0.762
James Justin,eng ENG,1998.0,2912,36,2,2,1.5,0.8,14,91,39,58,46,9,26.0,Leicester City,eng Premier League,DF,Defender,0.046,0.025,0.433,2.812,1.205,1.793,1.422,0.278,57.8,38.4,52.5,33.6,55.6,55.1,82.7,45.9,james_justin_eng_eng_1998_0,James Justin,2912,-0.6200305617625611,-0.894082328907782,-0.7767476825367093,-0.4724723849594967,-0.38748958496701663,0.17105158412852292,1.2759214669132017,-0.7174332265523571,1,Stopper / Defensive Destroyer,"{""Defender Archetype 1 (Low PrgC)"": 0.5412, ""Defender Archetype 2 (High xAG)"": 0.0108, ""Defender Archetype 3 (Low npxG)"": 0.448}",-1.895,0.054
James Maddison,eng ENG,1996.0,1809,31,9,7,5.8,4.2,41,164,45,31,12,33,27.0,Tottenham,eng Premier League,MF,Midfielder,0.289,0.209,2.04,8.159,2.239,1.542,0.597,1.642,93.3,88.1,91.0,95.7,74.8,31.5,33.7,89.6,james_maddison_eng_eng_1996_0,James Maddison,1809,1.1471854827588688,1.3307931964953943,1.7120843726871746,2.6539060718708583,0.4083650574120071,-0.15606351569473895,-0.4272310521816861,1.3987507949831688,0,Deep-Lying Playmaker,"{""Midfielder Archetype 1 (Low xAG)"": 0.0, ""Midfielder Archetype 2 (High xAG)"": 1.0}",2.797,1.64
James Sands,us USA,2000.0,453,7,0,0,0.1,0.0,1,16,0,15,5,1,24.0,St. Pauli,de Bundesliga,"MF,DF",Midfielder,0.02,0.0,0.199,3.179,0.0,2.98,0.993,0.199,6.6,0.8,1.7,22.6,0.2,90.1,65.3,8.3,james_sands_us_usa_2000_0,James Sands,453,-0.8091154060323437,-1.1963751992071265,-1.1391538436582955,-0.25788833901658664,-1.3149604206214884,1.7180062593883316,0.3902821569838601,-0.8399981368905582,1,Box-to-Box / Pressing Engine,"{""Midfielder Archetype 1 (Low xAG)"": 0.9994, ""Midfielder Archetype 2 (High xAG)"": 0.0006}",-2.654,0.4
James Tarkowski,eng ENG,1992.0,2922,33,1,1,1.3,2.9,16,75,9,64,41,5,31.0,Everton,eng Premier League,DF,Defender,0.04,0.089,0.493,2.31,0.277,1.971,1.263,0.154,49.7,75.9,58.6,17.9,11.5,65.4,73.8,28.5,james_tarkowski_eng_eng_1992_0,James Tarkowski,2922,-0.6636655258248185,-0.12021258094145984,-0.6838230258388669,-0.7659906167397169,-1.1017575812220786,0.40302962304701173,0.9476775268694596,-0.9098135921464958,1,Stopper / Defensive Destroyer,"{""Defender Archetype 1 (Low PrgC)"": 0.0, ""Defender Archetype 2 (High xAG)"": 0.0681, ""Defender Archetype 3 (Low npxG)"": 0.9319}",-1.843,-0.085
James Ward-Prowse,eng ENG,1994.0,1439,24,1,2,1.7000000000000002,3.0,24,70,12,24,13,2,29.0,"West Ham, Nott'ham Forest",eng Premier League,MF,Midfielder,0.106,0.188,1.501,4.378,0.751,1.501,0.813,0.125,60.0,83.6,75.1,52.2,17.9,28.9,51.7,4.1,james_ward_prowse_eng_eng_1994_0,James Ward-Prowse,1439,-0.18368092113998583,1.0768671854439449,0.8773112066848885,0.44316417075330233,-0.7369267296866268,-0.20949665949057078,0.018685243726793557,-0.9548057744225444,1,Box-to-Box / Pressing Engine,"{""Midfielder Archetype 1 (Low xAG)"": 0.0829, ""Midfielder Archetype 2 (High xAG)"": 0.9171}",0.181,0.342
Jamie Gittens,eng ENG,2004.0,1776,32,8,3,3.6,2.5,21,42,113,31,10,77,19.0,Dortmund,de Bundesliga,"FW,MF",Forward,0.182,0.127,1.064,2.128,5.726,1.571,0.507,3.902,23.6,47.0,43.3,47.2,96.2,83.3,81.7,99.1,jamie_gittens_eng_eng_2004_0,Jamie Gittens,1776,0.36902862364860956,0.33927258191354404,0.2005099570689352,-0.8724055932018685,3.092257840754035,-0.11826934081476057,-0.6130295088102193,4.905038103392473,1,Dynamic Winger / Dribbler,"{""Forward Archetype 1 (Low PrgC)"": 0.0, ""Forward Archetype 2 (High PrgC)"": 1.0}",3.825,0.425
Jamie Leweling,de GER,2001.0,1663,27,2,2,1.6,3.8,25,51,55,16,11,41,23.0,Stuttgart,de Bundesliga,"MF,FW",Midfielder,0.087,0.206,1.353,2.76,2.977,0.866,0.595,2.219,50.2,86.9,68.7,13.9,88.9,6.3,33.3,97.7,jamie_leweling_de_ger_2001_0,Jamie Leweling,1663,-0.3218583073371347,1.2945180520594728,0.648097053496877,-0.5028766639486829,0.9763928389165715,-1.0370587646211338,-0.43135990677343133,2.293940076820411,0,Deep-Lying Playmaker,"{""Midfielder Archetype 1 (Low xAG)"": 0.0, ""Midfielder Archetype 2 (High xAG)"": 1.0}",2.408,0.028
Jamie Vardy,eng ENG,1987.0,2823,35,9,4,9.6,3.0,19,22,29,19,5,11,37.0,Leicester City,eng Premier League,FW,Forward,0.306,0.096,0.606,0.701,0.925,0.606,0.159,0.351,61.8,33.0,12.2,2.0,16.2,25.7,25.2,11.2,jamie_vardy_eng_eng_1987_0,Jamie Vardy,2823,1.270817880935265,-0.03557057725764327,-0.5088149223912634,-1.7067691723858813,-0.6030014803888026,-1.375903091131286,-1.331450207773881,-0.6041770435816142,0,Clinical Finisher / Poacher,"{""Forward Archetype 1 (Low PrgC)"": 0.9989, ""Forward Archetype 2 (High PrgC)"": 0.0011}",0.257,-2.964
Jan Bednarek,pl POL,1996.0,2531,30,2,0,0.7,0.5,5,60,5,36,56,3,28.0,Southampton,eng Premier League,DF,Defender,0.025,0.018,0.178,2.134,0.178,1.28,1.991,0.107,32.0,30.3,19.8,13.2,6.9,23.1,97.2,19.2,jan_bednarek_pl_pol_1996_0,Jan Bednarek,2531,-0.7727529359804625,-0.9787243325915984,-1.1716774735025406,-0.8688974071646548,-1.1779564299604959,-0.49751433702419967,2.4505805982647066,-0.9827319565249194,1,Stopper / Defensive Destroyer,"{""Defender Archetype 1 (Low PrgC)"": 0.9942, ""Defender Archetype 2 (High xAG)"": 0.0, ""Defender Archetype 3 (Low npxG)"": 0.0058}",-2.908,-0.287
Jan Paul van Hecke,nl NED,2000.0,2958,34,1,1,1.3,1.5,15,228,55,45,24,5,24.0,Brighton,eng Premier League,DF,Defender,0.04,0.046,0.456,6.937,1.673,1.369,0.73,0.152,49.7,56.1,54.0,97.5,69.4,29.9,22.0,27.9,jan_paul_van_hecke_nl_ned_2000_0,Jan Paul van Hecke,2958,-0.6636655258248185,-0.6401563178563325,-0.7411265641358697,1.9394055156249834,-0.02727684547631725,-0.38152531756495545,-0.15266222183063147,-0.9129165012689818,1,Stopper / Defensive Destroyer,"{""Defender Archetype 1 (Low PrgC)"": 0.6399, ""Defender Archetype 2 (High xAG)"": 0.1039, ""Defender Archetype 3 (Low npxG)"": 0.2562}",-0.982,0.642
Jan Schöppner,de GER,1999.0,2681,33,4,3,3.9,3.4,25,107,35,56,43,14,25.0,Heidenheim,de Bundesliga,MF,Midfielder,0.131,0.114,0.839,3.592,1.175,1.88,1.443,0.47,68.1,59.5,38.2,32.8,40.1,50.7,90.0,30.0,jan_sch_ppner_de_ger_1999_0,Jan Schöppner,2681,-0.0018685708805793921,0.18208028935788487,-0.14795750554797463,-0.016408200121704034,-0.4105801451907794,0.2844341087684583,1.3192744401265264,-0.4195539507936907,1,Box-to-Box / Pressing Engine,"{""Midfielder Archetype 1 (Low xAG)"": 0.9965, ""Midfielder Archetype 2 (High xAG)"": 0.0035}",-0.825,0.502
Janik Haberer,de GER,1994.0,1696,28,0,0,0.7,0.8,7,59,13,39,17,2,30.0,Union Berlin,de Bundesliga,"MF,DF",Midfielder,0.037,0.042,0.371,3.131,0.69,2.07,0.902,0.106,18.6,17.9,7.1,22.1,15.3,59.9,59.2,2.2,janik_haberer_de_ger_1994_0,Janik Haberer,1696,-0.6854830078559474,-0.6885231771042276,-0.8727698277911468,-0.28595382731429697,-0.7838775354749444,0.5320511166028,0.20241927305945437,-0.9842834110861625,1,Box-to-Box / Pressing Engine,"{""Midfielder Archetype 1 (Low xAG)"": 0.9957, ""Midfielder Archetype 2 (High xAG)"": 0.0043}",-1.828,-0.129
Jann-Fiete Arp,de GER,2000.0,713,23,2,0,2.2,1.0,11,21,14,13,3,14,24.0,Holstein Kiel,de Bundesliga,"FW,MF",Forward,0.278,0.126,1.388,2.651,1.767,1.641,0.379,1.767,55.1,46.5,64.7,63.4,41.7,85.6,64.3,83.8,jann_fiete_arp_de_ger_2000_0,Jann-Fiete Arp,713,1.0671880486447303,0.32718086710157024,0.702303103237285,-0.5666087102914,0.04507357655813936,-0.027042022138950367,-0.877276202681911,1.5926826151385507,0,Clinical Finisher / Poacher,"{""Forward Archetype 1 (Low PrgC)"": 0.5405, ""Forward Archetype 2 (High PrgC)"": 0.4595}",1.732,-0.623
Jannik Vestergaard,dk DEN,1992.0,1391,18,0,0,0.1,0.1,3,32,3,22,16,4,31.0,Leicester City,eng Premier League,DF,Defender,0.006,0.006,0.194,2.07,0.194,1.423,1.035,0.259,7.0,13.0,22.1,11.9,7.2,33.4,53.3,42.8,jannik_vestergaard_dk_den_1992_0,Jannik Vestergaard,1391,-0.9109303221776113,-1.1238249103352838,-1.1468975650497826,-0.9063180582282686,-1.1656414645078224,-0.3111499574436161,0.4769881034105088,-0.7469108632159751,1,Stopper / Defensive Destroyer,"{""Defender Archetype 1 (Low PrgC)"": 0.9921, ""Defender Archetype 2 (High xAG)"": 0.0001, ""Defender Archetype 3 (Low npxG)"": 0.0077}",-2.272,-0.882
Jarell Quansah,eng ENG,2003.0,495,13,0,0,0.1,0.1,2,19,3,12,7,1,21.0,Liverpool,eng Premier League,DF,Defender,0.018,0.018,0.364,3.455,0.545,2.182,1.273,0.182,22.7,30.3,45.6,54.4,26.2,74.5,74.5,32.7,jarell_quansah_eng_eng_2003_0,Jarell Quansah,495,-0.8236603940530962,-0.9787243325915984,-0.8836110377392284,-0.09651178130475221,-0.8954819098897979,0.6780148264840963,0.9683217998281856,-0.8663728644316904,1,Stopper / Defensive Destroyer,"{""Defender Archetype 1 (Low PrgC)"": 0.8828, ""Defender Archetype 2 (High xAG)"": 0.0014, ""Defender Archetype 3 (Low npxG)"": 0.1157}",-2.285,0.337
Jarrad Branthwaite,eng ENG,2002.0,2511,30,0,1,1.2,0.7,3,66,10,36,27,3,22.0,Everton,eng Premier League,DF,Defender,0.043,0.025,0.108,2.366,0.358,1.29,0.968,0.108,54.1,38.4,10.4,19.9,15.8,24.0,46.0,19.6,jarrad_branthwaite_eng_eng_2002_0,Jarrad Branthwaite,2511,-0.6418480437936899,-0.894082328907782,-1.2800895729833568,-0.7332475470590548,-1.039413068617919,-0.4844818629276554,0.3386714745870453,-0.9811805019636763,1,Stopper / Defensive Destroyer,"{""Defender Archetype 1 (Low PrgC)"": 0.9045, ""Defender Archetype 2 (High xAG)"": 0.0009, ""Defender Archetype 3 (Low npxG)"": 0.0946}",-2.093,-1.04
Jarrod Bowen,eng ENG,1996.0,2973,34,13,8,7.8,6.8,51,91,109,41,16,44,27.0,West Ham,eng Premier League,"FW,MF",Forward,0.236,0.206,1.544,2.755,3.3,1.241,0.484,1.332,42.0,80.0,72.9,66.1,73.4,65.2,79.7,65.3,jarrod_bowen_eng_eng_1996_0,Jarrod Bowen,2973,0.7617433002089272,1.2945180520594728,0.9439072106516759,-0.5058001523130277,1.2250012039924174,-0.5483409860007223,-0.6605113366152889,0.9177998809978223,1,Dynamic Winger / Dribbler,"{""Forward Archetype 1 (Low PrgC)"": 0.6771, ""Forward Archetype 2 (High PrgC)"": 0.3229}",2.435,-0.323
Javi Galán,es ESP,1994.0,1784,25,0,3,0.2,3.9,15,54,52,51,12,28,29.0,Atlético Madrid,es La Liga,DF,Defender,0.01,0.197,0.757,2.724,2.623,2.573,0.605,1.413,11.0,96.3,72.1,30.5,91.6,89.6,12.8,96.8,javi_gal_n_es_esp_1994_0,Javi Galán,1784,-0.8818403461361063,1.185692618751709,-0.2749545363683594,-0.5239257801719654,0.703924228276171,1.1875845636589786,-0.4107156338147054,1.0434677004585096,0,Ball-Playing Defender,"{""Defender Archetype 1 (Low PrgC)"": 0.0, ""Defender Archetype 2 (High xAG)"": 1.0, ""Defender Archetype 3 (Low npxG)"": 0.0}",0.757,0.943
Javi Hernández,es ESP,1998.0,2389,31,2,1,0.8,1.5,17,80,40,26,23,16,26.0,Leganés,es La Liga,DF,Defender,0.03,0.057,0.64,3.014,1.507,0.979,0.866,0.603,38.6,62.6,66.4,40.2,64.3,8.0,35.2,76.1,javi_hern_ndez_es_esp_1998_0,Javi Hernández,2389,-0.7363904659285812,-0.5071474549246209,-0.45615761692915247,-0.35436345503996586,-0.15504461204780476,-0.8897918073301833,0.128099890408041,-0.21321049414836446,1,Stopper / Defensive Destroyer,"{""Defender Archetype 1 (Low PrgC)"": 0.0, ""Defender Archetype 2 (High xAG)"": 0.0242, ""Defender Archetype 3 (Low npxG)"": 0.9758}",-0.732,-0.564
Javi López,es ESP,2002.0,1936,29,0,0,0.1,0.4,5,73,36,40,11,18,22.0,Real Sociedad,es La Liga,DF,Defender,0.005,0.019,0.232,3.394,1.674,1.86,0.511,0.837,6.1,31.6,28.2,52.5,69.5,59.2,7.0,86.6,javi_l_pez_es_esp_2002_0,Javi López,1936,-0.9182028161879875,-0.9666326177796246,-1.0880452824744822,-0.13217833934975903,-0.026507160135525246,0.25836916057536996,-0.6047717996267289,0.14982987318251023,1,Stopper / Defensive Destroyer,"{""Defender Archetype 1 (Low PrgC)"": 0.0, ""Defender Archetype 2 (High xAG)"": 0.0105, ""Defender Archetype 3 (Low npxG)"": 0.9894}",-1.018,-0.204
Javi Puado,es ESP,1998.0,2974,35,12,4,7.7,3.0,22,75,73,22,5,21,26.0,Espanyol,es La Liga,"FW,MF",Forward,0.233,0.091,0.666,2.27,2.209,0.666,0.151,0.636,40.7,29.5,15.7,52.1,51.7,29.9,23.3,30.2,javi_puado_es_esp_1998_0,Javi Puado,2974,0.7399258181777987,-0.09602915131751225,-0.41589026569342064,-0.7893785236544756,0.38527449718824447,-1.2977082465520198,-1.347965626140862,-0.1620124936273436,0,Clinical Finisher / Poacher,"{""Forward Archetype 1 (Low PrgC)"": 0.9839, ""Forward Archetype 2 (High PrgC)"": 0.0161}",0.745,-1.974
Javi Rodríguez,es ESP,2003.0,2514,36,3,2,2.3,1.0,13,114,29,53,33,10,21.0,Celta Vigo,es La Liga,DF,Defender,0.082,0.036,0.465,4.081,1.038,1.897,1.181,0.358,85.9,49.9,55.5,70.5,51.1,61.4,66.2,55.2,javi_rodr_guez_es_esp_2003_0,Javi Rodríguez,2514,-0.3582207773890159,-0.7610734659760703,-0.7271878656311933,0.2695089619112199,-0.5160270368792962,0.3065893147325838,0.7783944886079074,-0.5933168616529128,1,Stopper / Defensive Destroyer,"{""Defender Archetype 1 (Low PrgC)"": 0.8758, ""Defender Archetype 2 (High xAG)"": 0.0095, ""Defender Archetype 3 (Low npxG)"": 0.1147}",-1.545,0.265
Javi Sánchez,es ESP,1997.0,2026,25,2,0,0.5,0.3,6,34,4,26,22,2,27.0,Valladolid,es La Liga,DF,Defender,0.022,0.013,0.267,1.51,0.178,1.155,0.977,0.089,28.1,24.5,34.2,3.5,6.9,16.2,47.2,15.8,javi_s_nchez_es_esp_1997_0,Javi Sánchez,2026,-0.7945704180115913,-1.0391829066514675,-1.033839232734074,-1.2337487550348887,-1.1779564299604959,-0.6604202632310034,0.35725132024989864,-1.0106581386272944,1,Stopper / Defensive Destroyer,"{""Defender Archetype 1 (Low PrgC)"": 0.9968, ""Defender Archetype 2 (High xAG)"": 0.0002, ""Defender Archetype 3 (Low npxG)"": 0.0031}",-2.174,-1.33
Javier Guerra,es ESP,2003.0,2581,36,3,3,2.2,3.2,23,137,50,50,20,29,21.0,Valencia,es La Liga,MF,Midfielder,0.077,0.112,0.802,4.777,1.744,1.744,0.697,1.011,44.1,58.6,35.0,63.3,62.9,42.3,41.4,71.0,javier_guerra_es_esp_2003_0,Javier Guerra,2581,-0.39458324744089723,0.15789685973393727,-0.20526104384497743,0.6764585422280193,0.027370813719921293,0.10719246105545592,-0.22078832259442704,0.4197829668388016,1,Box-to-Box / Pressing Engine,"{""Midfielder Archetype 1 (Low xAG)"": 0.8677, ""Midfielder Archetype 2 (High xAG)"": 0.1323}",0.13,0.541
Javier Manquillo,es ESP,1994.0,515,10,0,0,0.0,0.0,0,24,3,7,7,0,30.0,Celta Vigo,es La Liga,DF,Defender,0.0,0.0,0.0,4.194,0.524,1.223,1.223,0.0,2.6,4.3,1.9,73.4,24.6,20.7,71.0,4.3,javier_manquillo_es_esp_1994_0,Javier Manquillo,515,-0.9545652862398688,-1.1963751992071265,-1.4473539550394734,0.3355797989454127,-0.9116453020464318,-0.5717994393745022,0.8651004350345564,-1.1487375945779261,1,Stopper / Defensive Destroyer,"{""Defender Archetype 1 (Low PrgC)"": 0.9749, ""Defender Archetype 2 (High xAG)"": 0.0007, ""Defender Archetype 3 (Low npxG)"": 0.0243}",-2.521,-0.276
Javier Muñoz,es ESP,1995.0,2588,35,1,3,1.3,2.5,29,108,36,45,31,21,29.0,Las Palmas,es La Liga,"MF,DF",Midfielder,0.045,0.087,1.009,3.756,1.252,1.565,1.078,0.73,23.8,46.8,50.0,36.7,44.4,32.2,70.1,51.7,javier_mu_oz_es_esp_1995_0,Javier Muñoz,2588,-0.6273030557729373,-0.14439601056540743,0.11532902176257927,0.07948221822880602,-0.3513143739497883,-0.12608882527268717,0.5657584771330305,-0.016175764870496545,1,Box-to-Box / Pressing Engine,"{""Midfielder Archetype 1 (Low xAG)"": 0.991, ""Midfielder Archetype 2 (High xAG)"": 0.009}",-0.537,0.38
Jay Idzes,id IDN,2000.0,3127,35,1,0,1.8,0.7,8,84,15,45,32,1,24.0,Venezia,it Serie A,DF,Defender,0.052,0.02,0.23,2.418,0.432,1.295,0.921,0.029,63.6,33.2,27.5,21.7,20.2,24.3,40.8,9.0,jay_idzes_id_idn_2000_0,Jay Idzes,3127,-0.5763955977003037,-0.9545409029676508,-1.0911427710310768,-0.7028432680698686,-0.9824563533993044,-0.47796562587938335,0.24164339168103363,-1.1037454123018775,1,Stopper / Defensive Destroyer,"{""Defender Archetype 1 (Low PrgC)"": 0.9959, ""Defender Archetype 2 (High xAG)"": 0.0001, ""Defender Archetype 3 (Low npxG)"": 0.0039}",-2.007,-1.057
Jaydee Canvot,fr FRA,2006.0,1106,18,0,0,0.2,0.7,4,41,9,23,11,7,18.0,Toulouse,fr Ligue 1,"DF,MF",Defender,0.016,0.057,0.325,3.336,0.732,1.872,0.895,0.57,20.0,62.6,41.7,50.5,36.9,59.8,38.6,74.1,jaydee_canvot_fr_fra_2006_0,Jaydee Canvot,1106,-0.8382053820738488,-0.5071474549246209,-0.9440120645928262,-0.16609080437615917,-0.7515507511616766,0.27400812949122316,0.1879682819883462,-0.26440849466938526,1,Stopper / Defensive Destroyer,"{""Defender Archetype 1 (Low PrgC)"": 0.0001, ""Defender Archetype 2 (High xAG)"": 0.0516, ""Defender Archetype 3 (Low npxG)"": 0.9484}",-1.468,-0.019
Jean Mattéo Bahoya,fr FRA,2005.0,921,24,2,3,1.9,1.7,18,28,24,29,4,17,19.0,Eint Frankfurt,de Bundesliga,"MF,FW",Midfielder,0.186,0.166,1.759,2.736,2.345,2.834,0.391,1.661,81.9,77.8,83.7,13.4,79.4,87.7,15.1,89.9,jean_matt_o_bahoya_fr_fra_2005_0,Jean Mattéo Bahoya,921,0.3981185996901146,0.8108494595805217,1.2768872304856116,-0.5169094080975378,0.4899517035359692,1.5277321375787851,-0.8525030751314399,1.428228431646787,0,Deep-Lying Playmaker,"{""Midfielder Archetype 1 (Low xAG)"": 0.1367, ""Midfielder Archetype 2 (High xAG)"": 0.8633}",1.843,0.76
Jean-Charles Castelletto,cm CMR,1995.0,2620,30,0,0,1.8,0.1,2,87,21,34,25,3,29.0,Nantes,fr Ligue 1,"DF,MF",Defender,0.062,0.003,0.069,2.989,0.721,1.168,0.859,0.103,73.5,9.0,5.7,39.0,36.2,16.6,34.4,17.6,jean_charles_castelletto_cm_cmr_1995_0,Jean-Charles Castelletto,2620,-0.5036706575965411,-1.1601000547712053,-1.3404905998369545,-0.36898089686168994,-0.7600172899103895,-0.643478046905496,0.11364889933693285,-0.9889377747698916,1,Stopper / Defensive Destroyer,"{""Defender Archetype 1 (Low PrgC)"": 0.9978, ""Defender Archetype 2 (High xAG)"": 0.0002, ""Defender Archetype 3 (Low npxG)"": 0.0019}",-1.956,-1.078
Jean-Clair Todibo,fr FRA,1999.0,1825,27,0,0,0.4,0.0,2,38,9,47,26,9,24.0,West Ham,eng Premier League,DF,Defender,0.02,0.0,0.099,1.874,0.444,2.318,1.282,0.444,25.1,4.3,9.4,7.6,20.8,81.0,74.6,63.7,jean_clair_todibo_fr_fra_1999_0,Jean-Clair Todibo,1825,-0.8091154060323437,-1.1963751992071265,-1.2940282714880331,-1.0209188021105855,-0.9732201293097993,0.8552564741970989,0.9869016454910391,-0.45989176938601006,1,Stopper / Defensive Destroyer,"{""Defender Archetype 1 (Low PrgC)"": 0.8868, ""Defender Archetype 2 (High xAG)"": 0.0012, ""Defender Archetype 3 (Low npxG)"": 0.112}",-2.523,-0.161
Jean-Daniel Akpa-Akpro,ci CIV,1992.0,966,14,0,0,0.3,0.2,3,19,21,30,13,12,31.0,Monza,it Serie A,MF,Midfielder,0.028,0.019,0.28,1.77,1.957,2.795,1.211,1.118,11.1,5.6,3.5,2.8,67.7,86.4,77.1,76.1,jean_daniel_akpa_akpro_ci_civ_1992_0,Jean-Daniel Akpa-Akpro,966,-0.7509354539493337,-0.9666326177796246,-1.013705557116208,-1.0817273600889579,0.1913137913086371,1.4769054886022621,0.8403273074840852,0.5857886048918087,1,Box-to-Box / Pressing Engine,"{""Midfielder Archetype 1 (Low xAG)"": 0.9792, ""Midfielder Archetype 2 (High xAG)"": 0.0208}",-1.42,0.507
Jean-Eudes Aholou,ci CIV,1994.0,1959,26,2,0,1.8,1.0,10,68,15,56,33,12,30.0,Angers,fr Ligue 1,MF,Midfielder,0.083,0.046,0.459,3.124,0.689,2.573,1.516,0.551,48.3,20.1,10.6,21.9,15.1,79.8,92.0,36.4,jean_eudes_aholou_ci_civ_1994_0,Jean-Eudes Aholou,1959,-0.35094828337863965,-0.6401563178563325,-0.7364803313009776,-0.29004671102437957,-0.7846472208157365,1.1875845636589786,1.4699776327252254,-0.2938861313330032,1,Box-to-Box / Pressing Engine,"{""Midfielder Archetype 1 (Low xAG)"": 0.9999, ""Midfielder Archetype 2 (High xAG)"": 0.0001}",-1.906,0.69
Jean-Kevin Duverne,ht HAI,1997.0,537,9,0,0,0.3,0.1,1,22,6,21,8,2,27.0,Nantes,fr Ligue 1,DF,Defender,0.05,0.017,0.168,3.687,1.006,3.52,1.341,0.335,61.2,28.8,18.2,60.2,50.0,98.8,78.3,52.3,jean_kevin_duverne_ht_hai_1997_0,Jean-Kevin Duverne,537,-0.590940585721056,-0.9908160474035722,-1.1871649162855142,0.03913807880084748,-0.5406569677846431,2.4217598606017243,1.1087028559475218,-0.6290003165615029,1,Stopper / Defensive Destroyer,"{""Defender Archetype 1 (Low PrgC)"": 0.0888, ""Defender Archetype 2 (High xAG)"": 0.0272, ""Defender Archetype 3 (Low npxG)"": 0.884}",-2.446,1.298
Jean-Philippe Mateta,fr FRA,1997.0,2648,37,14,2,11.9,3.2,29,52,45,18,2,20,27.0,Crystal Palace,eng Premier League,FW,Forward,0.404,0.109,0.986,1.767,1.529,0.612,0.068,0.68,79.6,39.4,39.7,33.5,35.3,26.5,9.1,33.0,jean_philippe_mateta_fr_fra_1997_0,Jean-Philippe Mateta,2648,1.9835222939521384,0.1216217152980159,0.07970790336173975,-1.083481453107565,-0.1381115345503787,-1.368083606673359,-1.519313091698287,-0.09374849293264916,0,Clinical Finisher / Poacher,"{""Forward Archetype 1 (Low PrgC)"": 0.9997, ""Forward Archetype 2 (High PrgC)"": 0.0003}",1.321,-2.659
Jean-Ricner Bellegarde,fr FRA,1998.0,1677,35,2,7,1.5,3.8,27,43,52,39,10,14,26.0,Wolves,eng Premier League,"MF,FW",Midfielder,0.081,0.204,1.449,2.308,2.791,2.093,0.537,0.751,46.9,86.4,73.1,7.0,87.2,60.6,27.9,53.4,jean_ricner_bellegarde_fr_fra_1998_0,Jean-Ricner Bellegarde,1677,-0.36549327139939214,1.2703346224355252,0.7967765042134252,-0.767160012085455,0.8332313655292423,0.562025807024852,-0.5510966899340415,0.016404780915607625,0,Deep-Lying Playmaker,"{""Midfielder Archetype 1 (Low xAG)"": 0.0001, ""Midfielder Archetype 2 (High xAG)"": 0.9999}",1.224,0.37
Jeff Ekhator,it ITA,2006.0,769,24,1,1,1.3,1.0,11,14,4,7,2,4,17.0,Genoa,it Serie A,"FW,MF",Forward,0.152,0.117,1.287,1.638,0.468,0.819,0.234,0.468,14.4,43.1,57.4,28.3,4.9,39.0,39.9,19.8,jeff_ekhator_it_ita_2006_0,Jeff Ekhator,769,0.1508538033373219,0.21835543379380626,0.5458799311292499,-1.1589074529076613,-0.954747681130789,-1.0983113928748922,-1.1766181605834367,-0.4226568599161767,0,Clinical Finisher / Poacher,"{""Forward Archetype 1 (Low PrgC)"": 0.9869, ""Forward Archetype 2 (High PrgC)"": 0.0131}",0.338,-1.761
Jefferson Lerma,co COL,1994.0,2274,33,0,1,1.1,1.6,10,97,13,35,42,7,29.0,Crystal Palace,eng Premier League,"MF,DF",Midfielder,0.044,0.063,0.396,3.839,0.515,1.385,1.662,0.277,23.1,31.8,8.6,38.5,8.3,22.9,95.7,14.6,jefferson_lerma_co_col_1994_0,Jefferson Lerma,2274,-0.6345755497833137,-0.43459716605277815,-0.8340512208337123,0.12801212507693022,-0.9185724701135606,-0.36067335901048453,1.7713840179226237,-0.7189846811136001,1,Box-to-Box / Pressing Engine,"{""Midfielder Archetype 1 (Low xAG)"": 1.0, ""Midfielder Archetype 2 (High xAG)"": 0.0}",-1.985,0.27
Jeffrey Gouweleeuw,nl NED,1991.0,2944,33,1,4,0.9,2.2,14,142,24,50,35,7,33.0,Augsburg,de Bundesliga,DF,Defender,0.028,0.067,0.428,4.341,0.734,1.529,1.07,0.214,36.0,68.2,51.8,76.7,37.2,39.0,56.7,36.4,jeffrey_gouweleeuw_nl_ned_1991_0,Jeffrey Gouweleeuw,2944,-0.7509354539493337,-0.386230306804883,-0.7844914039281964,0.4215303568571507,-0.7500113804800923,-0.1730057320202467,0.5492430587660498,-0.8167263184719126,1,Stopper / Defensive Destroyer,"{""Defender Archetype 1 (Low PrgC)"": 0.0001, ""Defender Archetype 2 (High xAG)"": 0.0275, ""Defender Archetype 3 (Low npxG)"": 0.9724}",-1.546,0.149
Jens Cajuste,se SWE,1999.0,1959,30,1,1,0.7,0.8,13,59,26,44,28,28,24.0,Ipswich Town,eng Premier League,MF,Midfielder,0.032,0.037,0.597,2.711,1.194,2.021,1.286,1.286,14.1,14.2,19.1,13.2,40.8,56.2,81.3,80.8,jens_cajuste_se_swe_1999_0,Jens Cajuste,1959,-0.7218454779078287,-0.7489817511640966,-0.5227536208959397,-0.5315268499192621,-0.39595612371572975,0.468191993529733,0.9951593546745294,0.8464329711806418,1,Box-to-Box / Pressing Engine,"{""Midfielder Archetype 1 (Low xAG)"": 0.9931, ""Midfielder Archetype 2 (High xAG)"": 0.0069}",-1.085,0.416
Jens Odgaard,dk DEN,1999.0,1952,29,6,1,3.6,1.8,16,50,35,20,9,15,25.0,Bologna,it Serie A,"MF,FW",Midfielder,0.166,0.083,0.738,2.305,1.614,0.922,0.415,0.692,79.3,44.9,30.2,6.8,59.4,7.8,17.4,47.4,jens_odgaard_dk_den_1999_0,Jens Odgaard,1952,0.25266871948258957,-0.19276286981330243,-0.3043806776560096,-0.7689141051040617,-0.07268828058305067,-0.9640769096804856,-0.8029568200304977,-0.07513103819773266,1,Box-to-Box / Pressing Engine,"{""Midfielder Archetype 1 (Low xAG)"": 0.3941, ""Midfielder Archetype 2 (High xAG)"": 0.6059}",0.192,-1.448
Jens Stage,dk DEN,1996.0,2204,28,10,5,7.2,2.8,23,104,28,49,18,8,27.0,Werder Bremen,de Bundesliga,MF,Midfielder,0.294,0.114,0.939,4.247,1.143,2.001,0.735,0.327,93.6,59.5,44.6,48.6,37.1,55.4,44.6,17.2,jens_stage_dk_den_1996_0,Jens Stage,2204,1.18354795281075,0.18208028935788487,0.006916922281762987,0.3665687756074678,-0.4352100760961264,0.4421270453366444,-0.1423400853512685,-0.6414119530514474,1,Box-to-Box / Pressing Engine,"{""Midfielder Archetype 1 (Low xAG)"": 0.0, ""Midfielder Archetype 2 (High xAG)"": 1.0}",0.016,-0.232
Jeong Woo-yeong,kr KOR,1999.0,1263,23,3,2,2.8,1.7,18,63,32,10,11,12,24.0,Union Berlin,de Bundesliga,"MF,FW",Midfielder,0.2,0.121,1.283,4.489,2.28,0.713,0.784,0.855,84.7,61.5,65.1,55.6,76.6,2.7,49.0,62.0,jeong_woo_yeong_kr_kor_1999_0,Jeong Woo-yeong,1263,0.49993351583538226,0.26672229304170125,0.5396849540160604,0.5080656124417573,0.43992215638448284,-1.2364556182982618,-0.04118314785351142,0.17775605528488525,0,Deep-Lying Playmaker,"{""Midfielder Archetype 1 (Low xAG)"": 0.1506, ""Midfielder Archetype 2 (High xAG)"": 0.8494}",1.038,-0.307
Jeremie Boga,ci CIV,1997.0,1054,21,1,2,2.3,2.8,24,39,64,10,3,25,27.0,Nice,fr Ligue 1,"MF,FW",Midfielder,0.196,0.239,2.049,3.33,5.465,0.854,0.256,2.135,83.8,92.1,91.2,26.0,99.3,6.1,6.1,97.0,jeremie_boga_ci_civ_1997_0,Jeremie Boga,1054,0.4708435397938772,1.6935446408546078,1.726023071191851,-0.1695989904133728,2.8913699668072983,-1.0526977335369871,-1.1312007600742398,2.1636178936759944,0,Deep-Lying Playmaker,"{""Midfielder Archetype 1 (Low xAG)"": 0.0, ""Midfielder Archetype 2 (High xAG)"": 1.0}",4.348,0.256
Jeremie Frimpong,nl NED,2000.0,2314,33,5,5,4.1,4.2,30,55,100,33,8,25,23.0,Leverkusen,de Bundesliga,"DF,MF",Defender,0.159,0.163,1.167,2.139,3.889,1.283,0.311,0.972,98.1,92.9,86.8,13.4,98.0,23.4,1.8,90.3,jeremie_frimpong_nl_ned_2000_0,Jeremie Frimpong,2314,0.20176126140995573,0.7745743151446003,0.360030617733565,-0.86597391880031,1.67834586971896,-0.49360459479523655,-1.0176572588012471,0.35927623895032257,0,Ball-Playing Defender,"{""Defender Archetype 1 (Low PrgC)"": 0.0, ""Defender Archetype 2 (High xAG)"": 1.0, ""Defender Archetype 3 (Low npxG)"": 0.0}",1.819,-0.628
Jeremy Doku,be BEL,2002.0,1516,29,3,6,1.3,4.8,32,69,213,31,4,107,22.0,Manchester City,eng Premier League,"FW,MF",Forward,0.077,0.285,1.9,4.096,12.645,1.84,0.237,6.352,1.6,92.5,86.5,88.0,100.0,89.6,40.8,100.0,jeremy_doku_be_bel_2002_0,Jeremy Doku,1516,-0.39458324744089723,2.2497635222054018,1.4952601737255418,0.27827942700425423,8.417710713694524,0.23230421238228136,-1.170424878695819,8.706101778437956,1,Dynamic Winger / Dribbler,"{""Forward Archetype 1 (Low PrgC)"": 0.0, ""Forward Archetype 2 (High PrgC)"": 1.0}",9.017,3.426
Jesper Karlsson,se SWE,1998.0,793,20,2,0,1.4,0.7,12,18,17,4,0,8,26.0,"Bologna, Lecce",it Serie A,FW,Forward,0.159,0.079,1.362,2.043,1.929,0.454,0.0,0.908,17.5,22.6,62.7,43.9,45.2,15.3,2.8,47.0,jesper_karlsson_se_swe_1998_0,Jesper Karlsson,793,0.20176126140995573,-0.24112972906119762,0.6620357520015535,-0.9221048953957305,0.1697626017664585,-1.5739966973987591,-1.6596941478176233,0.2599831470307672,0,Clinical Finisher / Poacher,"{""Forward Archetype 1 (Low PrgC)"": 0.8447, ""Forward Archetype 2 (High PrgC)"": 0.1553}",1.21,-1.843
Jesper Karlström,se SWE,1995.0,3186,37,0,3,0.7,1.1,21,135,23,61,35,6,29.0,Udinese,it Serie A,MF,Midfielder,0.02,0.031,0.593,3.814,0.65,1.723,0.989,0.169,6.6,11.2,18.7,38.0,13.4,41.0,64.8,6.3,jesper_karlstr_m_se_swe_1995_0,Jesper Karlström,3186,-0.8091154060323437,-0.8215320400359393,-0.5289485980091292,0.11339468325520613,-0.8146649491066282,0.07982426545271301,0.38202444780036976,-0.8865417737278499,1,Box-to-Box / Pressing Engine,"{""Midfielder Archetype 1 (Low xAG)"": 0.9963, ""Midfielder Archetype 2 (High xAG)"": 0.0037}",-1.709,0.036
Jesper Lindstrøm,dk DEN,2000.0,1239,25,0,1,2.1,2.0,19,25,30,45,12,8,24.0,Everton,eng Premier League,FW,Forward,0.153,0.145,1.38,1.816,2.179,3.269,0.872,0.581,14.9,55.4,64.0,36.1,50.6,99.3,97.6,26.2,jesper_lindstr_m_dk_den_2000_0,Jesper Lindstrøm,1239,0.15812629734769815,0.556923448529072,0.689913149010906,-1.0548312671369855,0.3621839369644815,2.094644760778462,0.14048645418327657,-0.24734249449571166,0,Clinical Finisher / Poacher,"{""Forward Archetype 1 (Low PrgC)"": 0.0, ""Forward Archetype 2 (High PrgC)"": 1.0}",0.196,0.791
Jesus Rodríguez,es ESP,2005.0,1111,21,2,0,2.3,0.2,8,35,53,16,6,30,18.0,Betis,es La Liga,FW,Forward,0.186,0.016,0.648,2.835,4.293,1.296,0.486,2.43,25.2,1.9,14.2,68.7,85.8,69.8,80.0,93.8,jesus_rodr_guez_es_esp_2005_0,Jesus Rodríguez,1111,0.3981185996901146,-1.002907762215546,-0.44376766270277346,-0.45902433848351043,1.9892987473989658,-0.47666237846972875,-0.6563824820235438,2.6212969892426963,1,Dynamic Winger / Dribbler,"{""Forward Archetype 1 (Low PrgC)"": 0.0003, ""Forward Archetype 2 (High PrgC)"": 0.9997}",1.651,-0.465
Jesus Vazquez,es ESP,2003.0,919,19,0,0,0.1,0.6,3,21,32,23,10,14,21.0,Valencia,es La Liga,DF,Defender,0.01,0.059,0.294,2.057,3.134,2.252,0.979,1.371,11.0,64.0,37.6,11.6,95.5,77.4,47.7,96.4,jesus_vazquez_es_esp_2003_0,Jesus Vazquez,919,-0.8818403461361063,-0.48296402530067334,-0.9920231372200448,-0.9139191279755651,1.09723343742093,0.7692421451599062,0.3613801748416438,0.9783066088863013,0,Ball-Playing Defender,"{""Defender Archetype 1 (Low PrgC)"": 0.0, ""Defender Archetype 2 (High xAG)"": 0.988, ""Defender Archetype 3 (Low npxG)"": 0.012}",-0.394,0.405
Jesús Areso,es ESP,1999.0,3079,36,0,3,0.2,3.5,30,106,101,53,8,24,25.0,Osasuna,es La Liga,DF,Defender,0.006,0.102,0.877,3.098,2.952,1.549,0.234,0.702,7.0,80.5,77.0,43.2,94.1,40.6,1.1,80.9,jes_s_areso_es_esp_1999_0,Jesús Areso,3079,-0.9109303221776113,0.036979711614199336,-0.08910522297267427,-0.30524885051897277,0.9571507053967693,-0.14694078382715806,-1.1766181605834367,-0.059616492585302105,0,Ball-Playing Defender,"{""Defender Archetype 1 (Low PrgC)"": 0.0, ""Defender Archetype 2 (High xAG)"": 0.3008, ""Defender Archetype 3 (Low npxG)"": 0.6992}",0.477,-0.177
Jhoanner Chávez,ec ECU,2002.0,596,10,1,0,0.3,0.7,9,9,14,9,6,3,22.0,Lens,fr Ligue 1,"DF,MF",Defender,0.045,0.106,1.359,1.359,2.114,1.359,0.906,0.453,56.4,82.6,90.9,1.6,81.4,29.1,39.7,64.6,jhoanner_ch_vez_ec_ecu_2002_0,Jhoanner Chávez,596,-0.6273030557729373,0.08534657086209452,0.6573895191666612,-1.3220381036381026,0.31215438981299554,-0.39455779166149973,0.21067698224294473,-0.4459286783348225,0,Ball-Playing Defender,"{""Defender Archetype 1 (Low PrgC)"": 0.0, ""Defender Archetype 2 (High xAG)"": 0.9979, ""Defender Archetype 3 (Low npxG)"": 0.0021}",0.005,-0.432
Jhon Lucumí,co COL,1998.0,2614,32,0,1,0.6,0.4,8,108,34,53,26,10,26.0,Bologna,it Serie A,DF,Defender,0.021,0.014,0.275,3.718,1.171,1.825,0.895,0.344,26.7,25.9,35.2,61.0,54.7,57.3,38.6,53.2,jhon_lucum__co_col_1998_0,Jhon Lucumí,2614,-0.8018429120219674,-1.0270911918394936,-1.021449278507695,0.05726370665978547,-0.4136588865539478,0.21275550123746473,0.1879682819883462,-0.6150372255103155,1,Stopper / Defensive Destroyer,"{""Defender Archetype 1 (Low PrgC)"": 0.7596, ""Defender Archetype 2 (High xAG)"": 0.0022, ""Defender Archetype 3 (Low npxG)"": 0.2382}",-1.7,-0.044
Jhon Solis,co COL,2004.0,535,19,1,0,0.7,0.1,2,29,9,13,4,5,19.0,Girona,es La Liga,MF,Midfielder,0.118,0.017,0.336,4.879,1.514,2.187,0.673,0.841,65.8,4.6,5.8,65.3,54.9,65.0,39.1,61.1,jhon_solis_co_col_2004_0,Jhon Solis,535,-0.09641099301547079,-0.9908160474035722,-0.9269758775315549,0.7360977048606534,-0.14965681466226002,0.6845310635323684,-0.27033457769536906,0.15603569142748247,1,Box-to-Box / Pressing Engine,"{""Midfielder Archetype 1 (Low xAG)"": 0.9175, ""Midfielder Archetype 2 (High xAG)"": 0.0825}",-0.881,0.298
Jim Allevinah,ga GAB,1995.0,1750,28,1,3,4.2,2.5,15,48,57,19,12,15,29.0,Angers,fr Ligue 1,FW,Forward,0.216,0.129,0.771,2.469,2.931,0.977,0.617,0.771,34.9,47.9,22.6,59.0,66.1,47.7,89.6,40.7,jim_allevinah_ga_gab_1995_0,Jim Allevinah,1750,0.6162934200014022,0.36345601153749163,-0.25327211647219616,-0.6730236867535516,0.9409873132401354,-0.8923983021494921,-0.38594250626423426,0.04743387214046874,0,Clinical Finisher / Poacher,"{""Forward Archetype 1 (Low PrgC)"": 0.4131, ""Forward Archetype 2 (High PrgC)"": 0.5869}",0.917,-1.045
Joachim Andersen,dk DEN,1996.0,2673,30,0,0,1.0,0.5,4,116,17,28,34,4,28.0,"Crystal Palace, Fulham",eng Premier League,DF,Defender,0.034,0.017,0.135,3.906,0.572,0.943,1.145,0.135,42.8,28.8,14.2,65.4,27.4,7.5,63.6,25.1,joachim_andersen_dk_den_1996_0,Joachim Andersen,2673,-0.7073004898870762,-0.9908160474035722,-1.2382734774693276,0.16718686915915096,-0.8747004056884113,-0.9367087140777428,0.704075105956494,-0.9392912288101138,1,Stopper / Defensive Destroyer,"{""Defender Archetype 1 (Low PrgC)"": 0.9708, ""Defender Archetype 2 (High xAG)"": 0.0001, ""Defender Archetype 3 (Low npxG)"": 0.0291}",-2.047,-0.595
Joakim Mæhle,dk DEN,1997.0,2188,28,3,4,2.0,2.2,20,88,59,34,25,19,27.0,Wolfsburg,de Bundesliga,DF,Defender,0.082,0.09,0.823,3.62,2.427,1.399,1.028,0.782,85.9,76.5,75.1,58.2,87.7,31.8,52.8,83.8,joakim_m_hle_dk_den_1997_0,Joakim Mæhle,2188,-0.3582207773890159,-0.10812086612948604,-0.17273741400073267,-3.6665281373005484e-05,0.5530659014809206,-0.34242789527532247,0.46253711233940087,0.06449987231414235,0,Ball-Playing Defender,"{""Defender Archetype 1 (Low PrgC)"": 0.0, ""Defender Archetype 2 (High xAG)"": 0.6628, ""Defender Archetype 3 (Low npxG)"": 0.3372}",-0.077,0.185
Joan Jordán,es ESP,1994.0,1414,25,5,2,1.6,2.3,31,104,7,32,9,6,30.0,Alavés,es La Liga,MF,Midfielder,0.102,0.146,1.973,6.62,0.446,2.037,0.573,0.382,57.9,71.6,89.6,87.9,6.1,57.5,30.8,21.2,joan_jord_n_es_esp_1994_0,Joan Jordán,1414,-0.21277089718149086,0.5690151633410458,1.6083185060412506,1.7540563533255213,-0.9716807586282151,0.4890439520842039,-0.47677730728262835,-0.5560819521830794,0,Deep-Lying Playmaker,"{""Midfielder Archetype 1 (Low xAG)"": 0.125, ""Midfielder Archetype 2 (High xAG)"": 0.875}",0.449,1.339
Joaquín Correa,ar ARG,1994.0,731,19,2,2,2.1,2.0,10,42,22,11,0,6,29.0,Inter,it Serie A,"FW,MF",Forward,0.259,0.246,1.231,5.171,2.709,1.354,0.0,0.739,49.6,87.5,53.9,95.3,61.4,73.4,2.8,39.0,joaqu_n_correa_ar_arg_1994_0,Joaquín Correa,731,0.9290106624475812,1.7781866445384242,0.45915025154459715,0.9068294253383915,0.7701171675842908,-0.40107402870977177,-1.6596941478176233,-0.0022126738193090426,1,Dynamic Winger / Dribbler,"{""Forward Archetype 1 (Low PrgC)"": 0.0, ""Forward Archetype 2 (High PrgC)"": 1.0}",2.326,-0.161
Joe Aribo,ng NGA,1996.0,2013,32,3,0,2.7,1.6,16,75,36,47,20,21,28.0,Southampton,eng Premier League,"MF,DF",Midfielder,0.121,0.072,0.715,3.353,1.61,2.101,0.894,0.939,66.7,37.4,28.3,26.7,58.8,61.2,58.5,66.6,joe_aribo_ng_nga_1996_0,Joe Aribo,2013,-0.07459351098434201,-0.3257717327450142,-0.3400017960568493,-0.15615094393738654,-0.07576702194621905,0.5724517863020875,0.1859038546924736,0.30807823842930177,1,Box-to-Box / Pressing Engine,"{""Midfielder Archetype 1 (Low xAG)"": 0.9733, ""Midfielder Archetype 2 (High xAG)"": 0.0267}",-0.404,0.206
Joe Gomez,eng ENG,1997.0,519,9,0,0,0.3,0.1,2,35,5,13,7,0,27.0,Liverpool,eng Premier League,DF,Defender,0.052,0.017,0.347,6.069,0.867,2.254,1.214,0.0,63.6,28.8,44.1,94.1,43.9,77.5,69.9,4.3,joe_gomez_eng_eng_1997_0,Joe Gomez,519,-0.5763955977003037,-0.9908160474035722,-0.9099396904702839,1.4318879355747216,-0.647643230154744,0.7718486399792154,0.8465205893717027,-1.1487375945779261,1,Stopper / Defensive Destroyer,"{""Defender Archetype 1 (Low PrgC)"": 0.9579, ""Defender Archetype 2 (High xAG)"": 0.0093, ""Defender Archetype 3 (Low npxG)"": 0.0328}",-2.117,1.065
Joe Scally,us USA,2002.0,2578,32,0,0,0.4,1.1,11,68,52,45,16,31,21.0,Gladbach,de Bundesliga,DF,Defender,0.014,0.038,0.384,2.374,1.815,1.571,0.559,1.082,16.6,51.5,48.0,20.3,74.6,41.8,9.6,93.4,joe_scally_us_usa_2002_0,Joe Scally,2578,-0.8527503700946013,-0.7368900363521228,-0.8526361521732809,-0.7285699656761031,0.08201847291615984,-0.11826934081476057,-0.5056792894248444,0.5299362406870587,1,Stopper / Defensive Destroyer,"{""Defender Archetype 1 (Low PrgC)"": 0.0, ""Defender Archetype 2 (High xAG)"": 0.0452, ""Defender Archetype 3 (Low npxG)"": 0.9548}",-0.591,-0.544
Joe Willock,eng ENG,1999.0,1086,32,0,2,1.6,2.1,22,41,38,30,6,12,24.0,Newcastle Utd,eng Premier League,"MF,FW",Midfielder,0.133,0.174,1.823,3.398,3.149,2.486,0.497,0.994,69.2,79.8,86.1,27.8,90.5,76.9,23.0,70.1,joe_willock_eng_eng_1999_0,Joe Willock,1086,0.01267641714017313,0.9075831780763117,1.3760068642966439,-0.12983954865828318,1.1087787175328117,1.0742020390190434,-0.6336737817689452,0.3934082392976698,0,Deep-Lying Playmaker,"{""Midfielder Archetype 1 (Low xAG)"": 0.0052, ""Midfielder Archetype 2 (High xAG)"": 0.9948}",1.683,0.972
Joel Pohjanpalo,fi FIN,1994.0,1603,20,6,0,4.3,1.7,15,29,9,3,4,3,29.0,Venezia,it Serie A,FW,Forward,0.241,0.095,0.842,1.628,0.505,0.168,0.225,0.168,43.5,31.9,27.6,27.7,5.3,2.4,37.7,3.1,joel_pohjanpalo_fi_fin_1994_0,Joel Pohjanpalo,1603,0.7981057702608085,-0.047662292069617064,-0.1433112727130825,-1.164754429636351,-0.9262693235214816,-1.9467254565599263,-1.1951980062462901,-0.888093228289093,0,Clinical Finisher / Poacher,"{""Forward Archetype 1 (Low PrgC)"": 0.9976, ""Forward Archetype 2 (High PrgC)"": 0.0024}",0.095,-2.739
Joelinton,br BRA,1996.0,2393,29,4,3,3.9,2.5,23,116,40,57,23,15,27.0,Newcastle Utd,eng Premier League,"MF,FW",Midfielder,0.147,0.094,0.865,4.363,1.504,2.144,0.865,0.564,73.9,50.4,40.1,51.7,54.1,62.2,56.1,38.1,joelinton_br_bra_1996_0,Joelinton,2393,0.11449133328544059,-0.05975400688159086,-0.1076901543122428,0.434393705660268,-0.15735366807018095,0.6284914249172282,0.1260354631121684,-0.2737172220368436,1,Box-to-Box / Pressing Engine,"{""Midfielder Archetype 1 (Low xAG)"": 0.9395, ""Midfielder Archetype 2 (High xAG)"": 0.0605}",-0.342,0.462
Jofre,es ESP,2001.0,2165,37,3,3,2.5,2.5,24,48,65,22,15,39,23.0,Espanyol,es La Liga,"MF,FW",Midfielder,0.104,0.104,0.998,1.995,2.702,0.915,0.624,1.621,58.9,54.5,48.7,4.0,86.1,7.3,35.5,89.4,jofre_es_esp_2001_0,Jofre,2165,-0.19822590916073834,0.06116314123814692,0.09829283470130828,-0.9501703836934408,0.7647293701987461,-0.9731996415480667,-0.3714915151931261,1.3661702491970649,0,Deep-Lying Playmaker,"{""Midfielder Archetype 1 (Low xAG)"": 0.0107, ""Midfielder Archetype 2 (High xAG)"": 0.9893}",1.122,-0.721
Johan Mojica,co COL,1992.0,2755,36,1,2,0.9,4.1,40,130,66,35,26,33,31.0,Mallorca,es La Liga,DF,Defender,0.029,0.134,1.307,4.247,2.156,1.143,0.849,1.078,37.4,86.7,89.8,74.5,82.6,15.5,33.0,93.1,johan_mojica_co_col_1992_0,Johan Mojica,2755,-0.7436629599389575,0.4239145855973606,0.5768548166951976,0.3665687756074678,0.3444811741262636,-0.6760592321468566,0.09300462637820692,0.5237304224420865,0,Ball-Playing Defender,"{""Defender Archetype 1 (Low PrgC)"": 0.0, ""Defender Archetype 2 (High xAG)"": 0.9995, ""Defender Archetype 3 (Low npxG)"": 0.0005}",0.675,0.523
Johan Vásquez,mx MEX,1998.0,3041,36,3,0,2.4,0.3,7,96,37,56,50,5,25.0,Genoa,it Serie A,DF,Defender,0.071,0.009,0.207,2.841,1.095,1.657,1.48,0.148,80.4,17.1,24.6,34.2,52.8,48.6,85.6,27.4,johan_v_squez_mx_mex_1998_0,Johan Vásquez,3041,-0.43821821150315476,-1.0875497658993627,-1.1267638894319165,-0.4555161524462965,-0.4721549724541469,-0.0061900635844794666,1.3956582500738122,-0.9191223195139541,1,Stopper / Defensive Destroyer,"{""Defender Archetype 1 (Low PrgC)"": 0.9962, ""Defender Archetype 2 (High xAG)"": 0.0007, ""Defender Archetype 3 (Low npxG)"": 0.0031}",-2.207,-0.216
Johann Lepenant,fr FRA,2002.0,2048,29,2,1,1.4,0.9,8,89,25,68,18,18,21.0,Nantes,fr Ligue 1,MF,Midfielder,0.062,0.04,0.352,3.911,1.099,2.988,0.791,0.791,35.2,16.4,6.6,40.1,34.8,90.5,49.7,56.8,johann_lepenant_fr_fra_2002_0,Johann Lepenant,2048,-0.5036706575965411,-0.7127066067281752,-0.902195969078797,0.1701103575234957,-0.4690762310909785,1.7284322386655673,-0.026732156782403264,0.07846296336532986,1,Box-to-Box / Pressing Engine,"{""Midfielder Archetype 1 (Low xAG)"": 0.999, ""Midfielder Archetype 2 (High xAG)"": 0.001}",-1.337,0.775
Johannes Eggestein,de GER,1998.0,1853,27,3,4,3.1,2.1,24,43,25,5,0,7,26.0,St. Pauli,de Bundesliga,FW,Forward,0.151,0.102,1.166,2.089,1.214,0.243,0.0,0.34,13.9,36.6,50.6,46.6,25.7,4.9,2.8,10.2,johannes_eggestein_de_ger_1998_0,Johannes Eggestein,1853,0.14358130932694563,0.036979711614199336,0.35848187345526744,-0.8952088024437582,-0.38056241689988785,-1.8489819008358441,-1.6596941478176233,-0.6212430437552877,0,Clinical Finisher / Poacher,"{""Forward Archetype 1 (Low PrgC)"": 0.9843, ""Forward Archetype 2 (High PrgC)"": 0.0157}",0.644,-2.19
John Joe,ie IRL,2003.0,593,17,0,0,0.3,0.0,1,14,7,24,6,8,20.0,"Getafe, Reims","es La Liga, fr Ligue 1",MF,Midfielder,0.046,0.0,0.152,2.125,1.062,3.642,0.911,1.214,24.6,0.8,0.7,5.0,32.3,97.5,59.5,78.5,john_joe_ie_irl_2003_0,John Joe,593,-0.6200305617625611,-1.1963751992071265,-1.2119448247382723,-0.8741596862204755,-0.4975545887002859,2.5807560445795645,0.2209991187223077,0.7347282427711417,1,Box-to-Box / Pressing Engine,"{""Midfielder Archetype 1 (Low xAG)"": 0.9995, ""Midfielder Archetype 2 (High xAG)"": 0.0005}",-1.774,0.722
John McGinn,sct SCO,1994.0,2223,34,1,4,2.8,3.5,31,103,32,33,14,20,29.0,Aston Villa,eng Premier League,"MF,FW",Midfielder,0.113,0.142,1.255,4.17,1.296,1.336,0.567,0.81,63.4,70.1,63.5,46.8,46.8,20.6,30.2,58.5,john_mcginn_sct_sco_1994_0,John McGinn,2223,-0.132773463067352,0.5206483040931507,0.4963201142237339,0.32154705479655754,-0.3174482189549362,-0.42453248208355154,-0.4891638710578639,0.10794060002894791,0,Deep-Lying Playmaker,"{""Midfielder Archetype 1 (Low xAG)"": 0.7154, ""Midfielder Archetype 2 (High xAG)"": 0.2846}",0.582,-0.01
John Stones,eng ENG,1994.0,548,11,2,0,0.4,0.1,2,21,10,6,4,2,30.0,Manchester City,eng Premier League,"DF,MF",Defender,0.066,0.016,0.328,3.449,1.642,0.985,0.657,0.328,77.0,27.8,42.1,54.0,68.8,8.4,17.0,51.5,john_stones_eng_eng_1994_0,John Stones,548,-0.47458068155503597,-1.002907762215546,-0.9393658317579339,-0.10001996734196614,-0.05113709104087223,-0.8819723228722567,-0.3033654144293305,-0.6398604984902043,1,Stopper / Defensive Destroyer,"{""Defender Archetype 1 (Low PrgC)"": 0.4486, ""Defender Archetype 2 (High xAG)"": 0.1233, ""Defender Archetype 3 (Low npxG)"": 0.4281}",-1.056,-0.931
John Tolkin,us USA,2002.0,737,11,0,2,0.1,0.7,11,17,6,18,8,5,22.0,Holstein Kiel,de Bundesliga,"DF,MF",Defender,0.012,0.085,1.343,2.076,0.733,2.198,0.977,0.611,14.3,74.1,90.6,12.0,37.0,75.5,47.2,76.6,john_tolkin_us_usa_2002_0,John Tolkin,737,-0.8672953581153539,-0.16857944018935483,0.6326096107139031,-0.9028098721910547,-0.7507810658208844,0.6988667850385673,0.35725132024989864,-0.20079885765842,0,Ball-Playing Defender,"{""Defender Archetype 1 (Low PrgC)"": 0.0, ""Defender Archetype 2 (High xAG)"": 0.9992, ""Defender Archetype 3 (Low npxG)"": 0.0008}",-0.768,0.314
John Yeboah,ec ECU,2000.0,1226,33,1,1,3.0,1.9,20,42,50,6,4,24,24.0,Venezia,it Serie A,"FW,MF",Forward,0.22,0.139,1.468,3.083,3.67,0.44,0.294,1.762,36.0,53.3,70.2,73.6,79.6,14.9,50.8,83.6,john_yeboah_ec_ecu_2000_0,John Yeboah,1226,0.6453833960429073,0.4843731596572296,0.8262026455010751,-0.3140193156120071,1.5097847800854918,-1.5922421611339213,-1.0527525228310814,1.5849253423323355,1,Dynamic Winger / Dribbler,"{""Forward Archetype 1 (Low PrgC)"": 0.0595, ""Forward Archetype 2 (High PrgC)"": 0.9405}",2.69,-0.886
Johnny Cardoso,us USA,2001.0,2144,28,3,1,2.0,0.9,9,71,19,55,48,26,22.0,Betis,es La Liga,MF,Midfielder,0.084,0.038,0.378,2.98,0.798,2.309,2.015,1.091,48.9,15.0,7.7,19.0,19.4,71.3,98.5,75.0,johnny_cardoso_us_usa_2001_0,Johnny Cardoso,2144,-0.3436757893682634,-0.7368900363521228,-0.8619286178430652,-0.37424317591751055,-0.7007515186693983,0.8435272475102092,2.500126853365649,0.543899331738246,1,Box-to-Box / Pressing Engine,"{""Midfielder Archetype 1 (Low xAG)"": 1.0, ""Midfielder Archetype 2 (High xAG)"": 0.0}",-1.928,0.938
Jon Aramburu,ve VEN,2002.0,2460,35,1,1,0.4,1.1,15,97,26,102,30,8,22.0,Real Sociedad,es La Liga,DF,Defender,0.015,0.04,0.549,3.549,0.951,3.732,1.098,0.293,18.2,52.6,62.1,57.0,47.6,99.2,59.8,48.1,jon_aramburu_ve_ven_2002_0,Jon Aramburu,2460,-0.845477876084225,-0.7127066067281752,-0.5970933462542137,-0.04155020005506961,-0.5829896615282083,2.6980483114484635,0.6070470230504824,-0.6941614081337113,1,Stopper / Defensive Destroyer,"{""Defender Archetype 1 (Low PrgC)"": 0.0001, ""Defender Archetype 2 (High xAG)"": 0.0063, ""Defender Archetype 3 (Low npxG)"": 0.9936}",-2.064,1.481
Jon Guridi,es ESP,1995.0,2080,33,3,1,3.4,1.2,17,79,27,40,14,8,29.0,Alavés,es La Liga,"MF,FW",Midfielder,0.147,0.052,0.736,3.418,1.168,1.731,0.606,0.346,73.9,23.5,29.9,28.7,39.5,41.5,34.2,18.2,jon_guridi_es_esp_1995_0,Jon Guridi,2080,0.11449133328544059,-0.5676060289844899,-0.3074781662126044,-0.11814559520090387,-0.4159679425763242,0.09025024472994846,-0.4086512065188328,-0.6119343163878295,1,Box-to-Box / Pressing Engine,"{""Midfielder Archetype 1 (Low xAG)"": 0.879, ""Midfielder Archetype 2 (High xAG)"": 0.121}",-0.665,-0.547
Jon Martin,es ESP,2006.0,904,13,0,1,0.6,0.2,4,34,4,11,7,0,18.0,Real Sociedad,es La Liga,DF,Defender,0.06,0.02,0.398,3.385,0.398,1.095,0.697,0.0,72.1,33.2,49.1,52.3,18.0,13.6,19.9,4.3,jon_martin_es_esp_2006_0,Jon Martin,904,-0.5182156456172936,-0.9545409029676508,-0.8309537322771176,-0.13744061840557992,-1.0086256549862354,-0.7386151078102694,-0.22078832259442704,-1.1487375945779261,1,Stopper / Defensive Destroyer,"{""Defender Archetype 1 (Low PrgC)"": 0.9913, ""Defender Archetype 2 (High xAG)"": 0.0017, ""Defender Archetype 3 (Low npxG)"": 0.007}",-1.667,-1.032
Jon Moncayola,es ESP,1998.0,2099,32,0,0,1.6,3.7,33,107,25,70,11,4,26.0,Osasuna,es La Liga,MF,Midfielder,0.069,0.159,1.415,4.588,1.072,3.001,0.472,0.172,38.3,75.7,72.3,57.7,32.7,90.9,21.5,6.5,jon_moncayola_es_esp_1998_0,Jon Moncayola,2099,-0.4527631995239072,0.7262074558967051,0.7441191987513144,0.5659506820557849,-0.489857735292365,1.7453744549910746,-0.68528446416576,-0.881887410044121,1,Box-to-Box / Pressing Engine,"{""Midfielder Archetype 1 (Low xAG)"": 0.9865, ""Midfielder Archetype 2 (High xAG)"": 0.0135}",-0.082,1.227
Jon Pacheco,es ESP,2001.0,854,14,0,0,0.1,0.1,1,27,12,15,9,1,23.0,Real Sociedad,es La Liga,DF,Defender,0.011,0.011,0.105,2.845,1.265,1.581,0.948,0.105,12.6,20.6,10.0,34.4,56.6,43.0,43.3,18.4,jon_pacheco_es_esp_2001_0,Jon Pacheco,854,-0.8745678521257301,-1.063366336275415,-1.284735805818249,-0.45317736175482065,-0.3413084645194912,-0.10523686671821625,0.2973829286695934,-0.9858348656474055,1,Stopper / Defensive Destroyer,"{""Defender Archetype 1 (Low PrgC)"": 0.5328, ""Defender Archetype 2 (High xAG)"": 0.0124, ""Defender Archetype 3 (Low npxG)"": 0.4548}",-1.987,-0.524
Jon Rowe,eng ENG,2003.0,807,28,3,3,3.5,4.5,18,31,30,15,2,20,21.0,Marseille,fr Ligue 1,"FW,MF",Forward,0.39,0.502,2.007,3.457,3.346,1.673,0.223,2.23,78.3,100.0,89.8,80.7,74.6,87.1,37.3,91.4,jon_rowe_eng_eng_2003_0,Jon Rowe,807,1.8817073778068707,4.873665636403713,1.6609758115033613,-0.09534238595901441,1.260406729668854,0.014661894969991436,-1.1993268608380354,2.311006076994085,1,Dynamic Winger / Dribbler,"{""Forward Archetype 1 (Low PrgC)"": 0.0, ""Forward Archetype 2 (High PrgC)"": 1.0}",5.427,0.538
Jonas Föhrenbach,de GER,1996.0,1832,27,0,1,0.3,1.3,14,59,36,45,16,7,28.0,Heidenheim,de Bundesliga,DF,Defender,0.015,0.064,0.688,2.898,1.769,2.211,0.786,0.344,18.2,66.5,68.4,36.0,73.7,76.1,27.0,53.2,jonas_f_hrenbach_de_ger_1996_0,Jonas Föhrenbach,1832,-0.845477876084225,-0.42250545124080435,-0.38181789157087853,-0.4221883850927656,0.04661294723972354,0.7158090013640747,-0.03705429326176623,-0.6150372255103155,0,Ball-Playing Defender,"{""Defender Archetype 1 (Low PrgC)"": 0.0, ""Defender Archetype 2 (High xAG)"": 0.0122, ""Defender Archetype 3 (Low npxG)"": 0.9878}",-0.996,0.225
Jonas Martin,fr FRA,1990.0,496,17,1,0,0.4,0.3,3,21,8,13,8,2,34.0,Brest,fr Ligue 1,MF,Midfielder,0.073,0.054,0.544,3.81,1.452,2.359,1.452,0.363,41.5,25.0,14.3,37.6,51.6,73.5,90.4,19.2,jonas_martin_fr_fra_1990_0,Jonas Martin,496,-0.4236732234824023,-0.5434225993605423,-0.6048370676457006,0.11105589256373027,-0.1973773057913698,0.9086896179929306,1.3378542857893796,-0.5855595888466975,1,Box-to-Box / Pressing Engine,"{""Midfielder Archetype 1 (Low xAG)"": 0.9995, ""Midfielder Archetype 2 (High xAG)"": 0.0005}",-1.577,0.851
Jonas Wind,dk DEN,1999.0,1966,31,9,3,4.0,4.2,34,100,17,10,6,6,25.0,Wolfsburg,de Bundesliga,"FW,MF",Forward,0.183,0.192,1.556,4.578,0.778,0.458,0.275,0.275,24.1,75.9,74.3,92.7,10.0,16.0,47.0,6.5,jonas_wind_dk_den_1999_0,Jonas Wind,1966,0.3763011176589858,1.12523404469184,0.9624921419912444,0.5601037053270954,-0.7161452254852403,-1.5687837077601414,-1.0919766414526604,-0.7220875902360862,0,Clinical Finisher / Poacher,"{""Forward Archetype 1 (Low PrgC)"": 0.0001, ""Forward Archetype 2 (High PrgC)"": 0.9999}",1.142,-0.877
Jonathan Bamba,ci CIV,1996.0,811,12,0,1,0.8,1.8,12,30,31,12,5,15,28.0,Celta Vigo,es La Liga,"FW,MF",Forward,0.089,0.2,1.332,3.329,3.44,1.332,0.555,1.665,2.5,77.5,60.5,78.5,76.7,72.5,86.3,79.8,jonathan_bamba_ci_civ_1996_0,Jonathan Bamba,811,-0.30731331931638217,1.2219677631876305,0.6155734236526321,-0.1701836880862417,1.3327571517033105,-0.42974547172216926,-0.5139369986083349,1.4344342498917593,1,Dynamic Winger / Dribbler,"{""Forward Archetype 1 (Low PrgC)"": 0.3821, ""Forward Archetype 2 (High PrgC)"": 0.6179}",2.115,0.406
Jonathan Burkardt,de GER,2000.0,2109,29,18,2,13.2,3.1,20,42,32,15,1,16,24.0,Mainz 05,de Bundesliga,FW,Forward,0.563,0.132,0.853,1.792,1.366,0.64,0.043,0.683,93.9,49.4,28.7,35.5,29.6,28.3,7.1,33.5,jonathan_burkardt_de_ger_2000_0,Jonathan Burkardt,2109,3.1398488416019625,0.399731155973413,-0.12627508565181134,-1.0688640112858407,-0.2635702450994897,-1.331592679203035,-1.5709237740951016,-0.08909412924891999,0,Clinical Finisher / Poacher,"{""Forward Archetype 1 (Low PrgC)"": 1.0, ""Forward Archetype 2 (High PrgC)"": 0.0}",1.687,-3.135
Jonathan Clauss,fr FRA,1992.0,2303,28,3,8,2.2,7.7,55,105,53,52,48,11,31.0,Nice,fr Ligue 1,"DF,MF",Defender,0.086,0.301,2.149,4.103,2.071,2.032,1.876,0.43,87.4,99.7,99.1,71.5,80.5,68.6,96.0,61.8,jonathan_clauss_fr_fra_1992_0,Jonathan Clauss,2303,-0.32913080134751094,2.4432309591969825,1.8808974990215888,0.28237231071433677,0.27905792015893577,0.4825277150359319,2.2131714592393585,-0.48161213324341284,0,Ball-Playing Defender,"{""Defender Archetype 1 (Low PrgC)"": 0.0, ""Defender Archetype 2 (High xAG)"": 1.0, ""Defender Archetype 3 (Low npxG)"": 0.0}",0.952,2.214
Jonathan David,ca CAN,2000.0,2554,32,16,5,10.7,4.4,36,65,40,24,7,20,24.0,Lille,fr Ligue 1,FW,Forward,0.377,0.155,1.269,2.291,1.41,0.846,0.247,0.705,76.6,60.1,56.3,52.3,30.8,40.8,42.9,36.0,jonathan_david_ca_can_2000_0,Jonathan David,2554,1.7871649556719793,0.67784059664881,0.5180025341198972,-0.7770998725242273,-0.22970409010463774,-1.0631237128142226,-1.1497806057370932,-0.05496212890157293,0,Clinical Finisher / Poacher,"{""Forward Archetype 1 (Low PrgC)"": 0.9979, ""Forward Archetype 2 (High PrgC)"": 0.0021}",1.522,-1.928
Jonathan Gradit,fr FRA,1992.0,2112,25,0,0,0.8,0.7,11,127,18,44,25,3,31.0,Lens,fr Ligue 1,DF,Defender,0.034,0.03,0.469,5.412,0.767,1.875,1.065,0.128,42.8,44.4,56.1,90.1,39.2,60.2,56.3,23.7,jonathan_gradit_fr_fra_1992_0,Jonathan Gradit,2112,-0.7073004898870762,-0.8336237548479131,-0.7209928885180039,1.0477415644998118,-0.7246117642339532,0.2779178717201863,0.5389209222866866,-0.9501514107388153,1,Stopper / Defensive Destroyer,"{""Defender Archetype 1 (Low PrgC)"": 0.9278, ""Defender Archetype 2 (High xAG)"": 0.0036, ""Defender Archetype 3 (Low npxG)"": 0.0686}",-1.788,0.623
Jonathan Ikone,fr FRA,1998.0,874,27,2,0,2.6,0.3,4,30,35,20,1,15,26.0,"Como, Fiorentina",it Serie A,FW,Forward,0.268,0.031,0.412,3.089,3.604,2.059,0.103,1.545,52.8,4.5,3.7,74.1,78.7,94.2,14.6,74.6,jonathan_ikone_fr_fra_1998_0,Jonathan Ikone,874,0.9944631085409676,-0.8215320400359393,-0.8092713123809545,-0.3105111295747934,1.4589855475932139,0.5177153950966017,-1.4470581363427464,1.2482597025425926,0,Clinical Finisher / Poacher,"{""Forward Archetype 1 (Low PrgC)"": 0.0031, ""Forward Archetype 2 (High PrgC)"": 0.9969}",1.09,-0.744
Jonathan Tah,de GER,1996.0,2970,33,3,0,1.1,0.4,4,169,15,19,36,3,28.0,Leverkusen,de Bundesliga,DF,Defender,0.033,0.012,0.121,5.121,0.455,0.576,1.091,0.091,41.4,22.7,12.0,86.5,21.3,0.8,59.2,16.2,jonathan_tah_de_ger_1996_0,Jonathan Tah,2970,-0.7145729838974524,-1.0512746214634412,-1.259955897365491,0.8775945416949433,-0.9647535905610861,-1.4150005134209185,0.592596031979374,-1.0075552295048082,1,Stopper / Defensive Destroyer,"{""Defender Archetype 1 (Low PrgC)"": 0.9448, ""Defender Archetype 2 (High xAG)"": 0.0005, ""Defender Archetype 3 (Low npxG)"": 0.0547}",-1.99,-0.538
Jordan Amavi,fr FRA,1994.0,790,11,0,0,0.3,0.2,6,36,22,24,7,7,30.0,Brest,fr Ligue 1,DF,Defender,0.034,0.023,0.684,4.101,2.506,2.734,0.797,0.797,42.8,36.0,68.1,71.2,89.8,92.9,28.2,85.3,jordan_amavi_fr_fra_1994_0,Jordan Amavi,790,-0.7073004898870762,-0.9182657585317296,-0.38801286868406787,0.281202915368599,0.6138710434034957,1.3974073966133418,-0.014345593007167704,0.08777169073278819,0,Ball-Playing Defender,"{""Defender Archetype 1 (Low PrgC)"": 0.0, ""Defender Archetype 2 (High xAG)"": 0.0213, ""Defender Archetype 3 (Low npxG)"": 0.9787}",-0.742,1.023
Jordan Ayew,gh GHA,1991.0,1659,31,5,0,2.9,1.1,17,46,49,28,12,26,32.0,"Crystal Palace, Leicester City",eng Premier League,"FW,MF",Forward,0.157,0.06,0.922,2.495,2.658,1.519,0.651,1.41,16.9,12.5,33.7,60.5,60.2,79.8,91.1,70.1,jordan_ayew_gh_gha_1991_0,Jordan Ayew,1659,0.1872162733892032,-0.47087231048869954,-0.019411730449292265,-0.6578215472589584,0.730863215203894,-0.186038206116791,-0.3157519782045661,1.0388133367747803,0,Clinical Finisher / Poacher,"{""Forward Archetype 1 (Low PrgC)"": 0.3779, ""Forward Archetype 2 (High PrgC)"": 0.6221}",0.666,-0.46
Jordan Ferri,fr FRA,1992.0,1773,25,0,2,0.4,0.9,13,137,19,42,9,9,32.0,Montpellier,fr Ligue 1,MF,Midfielder,0.02,0.046,0.66,6.954,0.964,2.132,0.457,0.457,6.6,20.1,24.5,91.0,28.2,61.9,20.1,29.2,jordan_ferri_fr_fra_1992_0,Jordan Ferri,1773,-0.8091154060323437,-0.6401563178563325,-0.42518273136320495,1.9493453760637554,-0.5729837520979111,0.6128524560013751,-0.7162508736038489,-0.43972286008985034,1,Box-to-Box / Pressing Engine,"{""Midfielder Archetype 1 (Low xAG)"": 0.9897, ""Midfielder Archetype 2 (High xAG)"": 0.0103}",-0.911,1.056
Jordan James,wls WAL,2004.0,1178,23,0,1,0.9,1.9,24,67,21,30,14,9,20.0,Rennes,fr Ligue 1,MF,Midfielder,0.069,0.145,1.834,5.119,1.604,2.292,1.07,0.688,38.3,71.1,86.2,69.0,58.4,70.3,69.6,47.0,jordan_james_wls_wal_2004_0,Jordan James,1178,-0.4527631995239072,0.556923448529072,1.393043051357915,0.876425146349205,-0.08038513399097161,0.8213720415460835,0.5492430587660498,-0.08133685644270489,1,Box-to-Box / Pressing Engine,"{""Midfielder Archetype 1 (Low xAG)"": 0.8677, ""Midfielder Archetype 2 (High xAG)"": 0.1323}",0.384,1.687
Jordan Lefort,fr FRA,1993.0,3060,34,0,1,0.6,1.1,10,89,6,52,32,8,30.0,Angers,fr Ligue 1,DF,Defender,0.018,0.032,0.294,2.618,0.176,1.529,0.941,0.235,22.7,46.3,37.6,26.4,6.6,39.0,42.8,39.4,jordan_lefort_fr_fra_1993_0,Jordan Lefort,3060,-0.8236603940530962,-0.8094403252239655,-0.9920231372200448,-0.5859037334960758,-1.1794958006420801,-0.1730057320202467,0.2829319375984853,-0.7841457726858084,1,Stopper / Defensive Destroyer,"{""Defender Archetype 1 (Low PrgC)"": 0.9312, ""Defender Archetype 2 (High xAG)"": 0.0007, ""Defender Archetype 3 (Low npxG)"": 0.0682}",-1.992,-0.661
Jordan Pefok,us USA,1996.0,1288,25,1,1,4.1000000000000005,1.6,17,16,6,14,6,9,28.0,"Reims, Union Berlin","fr Ligue 1, de Bundesliga",FW,Forward,0.286,0.112,1.188,1.118,0.419,0.978,0.419,0.629,57.5,40.6,52.0,11.8,3.5,47.9,71.6,29.0,jordan_pefok_us_usa_1996_0,Jordan Pefok,1288,1.12536800072774,0.15789685973393727,0.3925542475778097,-1.4629502427995231,-0.9924622628296015,-0.8910950547398376,-0.7946991108470074,-0.172872675556045,0,Clinical Finisher / Poacher,"{""Forward Archetype 1 (Low PrgC)"": 0.9747, ""Forward Archetype 2 (High PrgC)"": 0.0253}",0.455,-2.082
Jordan Teze,nl NED,1999.0,569,16,1,0,1.2,1.5,13,31,9,18,6,5,24.0,Monaco,fr Ligue 1,DF,Defender,0.19,0.237,2.056,4.903,1.424,2.847,0.949,0.791,99.2,97.9,98.5,84.2,61.0,94.8,43.6,84.6,jordan_teze_nl_ned_1999_0,Jordan Teze,569,0.42720857573161963,1.6693612112306602,1.7368642811399326,0.7501304490095085,-0.2189284953335484,1.5446743539042924,0.299447355965466,0.07846296336532986,0,Ball-Playing Defender,"{""Defender Archetype 1 (Low PrgC)"": 0.0, ""Defender Archetype 2 (High xAG)"": 1.0, ""Defender Archetype 3 (Low npxG)"": 0.0}",1.284,1.821
Jordan Veretout,fr FRA,1993.0,1553,27,2,0,1.9,0.6,13,99,35,30,5,5,31.0,Lyon,fr Ligue 1,MF,Midfielder,0.11,0.035,0.753,5.737,2.028,1.739,0.29,0.29,61.8,12.9,31.0,76.8,69.5,42.1,8.0,15.0,jordan_veretout_fr_fra_1993_0,Jordan Veretout,1553,-0.1545909450984808,-0.7731651807880441,-0.28114951348154893,1.2377683081822255,0.24596145050487564,0.10067622400718391,-1.0610102320145718,-0.6988157718174405,1,Box-to-Box / Pressing Engine,"{""Midfielder Archetype 1 (Low xAG)"": 0.783, ""Midfielder Archetype 2 (High xAG)"": 0.217}",-0.288,0.129
Jordan Zemura,zw ZIM,1999.0,1415,23,1,2,1.0,1.0,11,42,25,31,16,20,24.0,Udinese,it Serie A,DF,Defender,0.064,0.064,0.7,2.671,1.59,1.972,1.018,1.272,75.3,66.5,68.9,28.6,67.0,65.6,51.5,95.6,jordan_zemura_zw_zim_1999_0,Jordan Zemura,1415,-0.4891256695757885,-0.42250545124080435,-0.36323296023130996,-0.5549147568340208,-0.09116072876206092,0.404332870456666,0.441892839380675,0.8247126073232389,0,Ball-Playing Defender,"{""Defender Archetype 1 (Low PrgC)"": 0.0, ""Defender Archetype 2 (High xAG)"": 0.6436, ""Defender Archetype 3 (Low npxG)"": 0.3564}",-0.471,0.213
Jordy Makengo,fr FRA,2001.0,745,19,0,0,0.0,0.2,2,15,9,16,7,4,22.0,Freiburg,de Bundesliga,DF,Defender,0.0,0.024,0.242,1.812,1.087,1.933,0.846,0.483,2.6,37.2,30.0,6.6,52.4,63.2,32.8,67.4,jordy_makengo_fr_fra_2001_0,Jordy Makengo,745,-0.9545652862398688,-0.9061740437197559,-1.0725578396915083,-1.0571700578284613,-0.47831245518048365,0.3535062214801433,0.08681134449058914,-0.39938504149753096,1,Stopper / Defensive Destroyer,"{""Defender Archetype 1 (Low PrgC)"": 0.0678, ""Defender Archetype 2 (High xAG)"": 0.0087, ""Defender Archetype 3 (Low npxG)"": 0.9236}",-1.712,-0.524
Jorge Herrando,es ESP,2001.0,1366,18,1,0,1.2,0.0,0,38,7,17,12,1,23.0,Osasuna,es La Liga,DF,Defender,0.079,0.0,0.0,2.504,0.461,1.12,0.791,0.066,84.5,4.3,1.9,23.1,21.8,14.3,27.1,12.8,jorge_herrando_es_esp_2001_0,Jorge Herrando,1366,-0.3800382594201447,-1.1963751992071265,-1.4473539550394734,-0.6525592682031378,-0.9601354785163336,-0.7060339225689084,-0.026732156782403264,-1.0463415935358844,1,Stopper / Defensive Destroyer,"{""Defender Archetype 1 (Low PrgC)"": 0.9991, ""Defender Archetype 2 (High xAG)"": 0.0004, ""Defender Archetype 3 (Low npxG)"": 0.0005}",-2.047,-1.441
Jorge Sáenz,es ESP,1996.0,1690,23,1,0,1.3,0.1,2,36,5,37,25,4,27.0,Leganés,es La Liga,DF,Defender,0.069,0.005,0.107,1.917,0.266,1.97,1.331,0.213,78.7,11.5,10.3,8.5,10.8,65.2,77.6,36.2,jorge_s_enz_es_esp_1996_0,Jorge Sáenz,1690,-0.4527631995239072,-1.1359166251472577,-1.2816383172616541,-0.9957768021772201,-1.1102241199707916,0.40172637563735714,1.0880585829887959,-0.8182777730331556,1,Stopper / Defensive Destroyer,"{""Defender Archetype 1 (Low PrgC)"": 0.9977, ""Defender Archetype 2 (High xAG)"": 0.0002, ""Defender Archetype 3 (Low npxG)"": 0.0022}",-2.532,-0.548
Jorge de Frutos,es ESP,1997.0,2495,36,6,3,6.3,3.4,31,44,77,37,19,32,27.0,Rayo Vallecano,es La Liga,"FW,MF",Forward,0.227,0.123,1.118,1.587,2.778,1.335,0.685,1.154,38.5,45.3,46.8,26.8,62.7,72.7,93.1,58.8,jorge_de_frutos_es_esp_1997_0,Jorge de Frutos,2495,0.6962908541155411,0.29090572266564885,0.2841421480969936,-1.1887270342239784,0.8232254560989452,-0.4258357294932061,-0.2455614501448979,0.6416409690965584,0,Clinical Finisher / Poacher,"{""Forward Archetype 1 (Low PrgC)"": 0.3233, ""Forward Archetype 2 (High PrgC)"": 0.6767}",1.179,-0.885
Jorginho,it ITA,1991.0,704,15,0,0,0.1,0.4,3,48,12,12,7,1,32.0,Arsenal,eng Premier League,MF,Midfielder,0.013,0.051,0.384,6.136,1.534,1.534,0.895,0.128,3.7,22.8,8.0,83.6,55.2,31.1,58.7,4.3,jorginho_it_ita_1991_0,Jorginho,704,-0.8600228641049775,-0.5796977437964637,-0.8526361521732809,1.4710626796569424,-0.13426310784641815,-0.16648949497197438,0.1879682819883462,-0.9501514107388153,1,Box-to-Box / Pressing Engine,"{""Midfielder Archetype 1 (Low xAG)"": 0.9483, ""Midfielder Archetype 2 (High xAG)"": 0.0517}",-1.308,0.667
Joris Chotard,fr FRA,2001.0,1892,26,1,0,1.3,0.5,7,80,20,39,19,8,22.0,Montpellier,fr Ligue 1,MF,Midfielder,0.062,0.024,0.333,3.805,0.951,1.855,0.904,0.381,35.2,8.6,5.3,37.4,27.0,50.2,59.4,21.0,joris_chotard_fr_fra_2001_0,Joris Chotard,1892,-0.5036706575965411,-0.9061740437197559,-0.9316221103664472,0.10813240419938551,-0.5829896615282083,0.25185292352709765,0.20654812765119954,-0.5576334067443225,1,Box-to-Box / Pressing Engine,"{""Midfielder Archetype 1 (Low xAG)"": 0.9965, ""Midfielder Archetype 2 (High xAG)"": 0.0035}",-1.569,-0.088
Joseph Aidoo,gh GHA,1995.0,585,9,0,0,0.0,0.0,0,15,1,6,5,1,28.0,"Valladolid, Celta Vigo",es La Liga,DF,Defender,0.0,0.0,0.0,2.308,0.154,0.923,0.769,0.154,2.6,4.3,1.9,17.8,4.9,7.1,25.9,28.5,joseph_aidoo_gh_gha_1995_0,Joseph Aidoo,585,-0.9545652862398688,-1.1963751992071265,-1.4473539550394734,-0.767160012085455,-1.1964288781395063,-0.9627736622708313,-0.07214955729160032,-0.9098135921464958,1,Stopper / Defensive Destroyer,"{""Defender Archetype 1 (Low PrgC)"": 0.9969, ""Defender Archetype 2 (High xAG)"": 0.0001, ""Defender Archetype 3 (Low npxG)"": 0.0031}",-2.224,-1.445
Joseph Okumu,ke KEN,1997.0,1695,22,1,0,1.0,0.1,4,116,18,30,25,14,27.0,Reims,fr Ligue 1,DF,Defender,0.053,0.005,0.212,6.159,0.956,1.593,1.327,0.743,64.6,11.5,25.7,94.8,47.9,44.2,77.4,81.7,joseph_okumu_ke_ken_1997_0,Joseph Okumu,1695,-0.5691231036899274,-1.1359166251472577,-1.1190201680404297,1.4845107261329284,-0.5791412348242478,-0.08959789780236307,1.0798008738053055,0.003993144425663181,1,Stopper / Defensive Destroyer,"{""Defender Archetype 1 (Low PrgC)"": 0.0129, ""Defender Archetype 2 (High xAG)"": 0.0634, ""Defender Archetype 3 (Low npxG)"": 0.9236}",-1.709,0.832
Josha Vagnoman,de GER,2000.0,1834,26,1,1,1.5,2.1,22,47,24,26,14,8,23.0,Stuttgart,de Bundesliga,"DF,MF",Defender,0.074,0.103,1.08,2.306,1.178,1.276,0.687,0.393,82.1,80.9,84.9,17.6,54.9,22.9,19.1,58.5,josha_vagnoman_de_ger_2000_0,Josha Vagnoman,1834,-0.416400729472026,0.049071426426173126,0.22528986552169328,-0.7683294074311928,-0.4082710891684032,-0.5027273266628174,-0.24143259555315275,-0.5390159520094058,0,Ball-Playing Defender,"{""Defender Archetype 1 (Low PrgC)"": 0.0, ""Defender Archetype 2 (High xAG)"": 0.9262, ""Defender Archetype 3 (Low npxG)"": 0.0738}",-0.276,-0.688
Joshua Kimmich,de GER,1995.0,2847,33,3,7,1.8,7.4,83,362,51,47,25,12,29.0,Bayern Munich,de Bundesliga,MF,Midfielder,0.057,0.234,2.624,11.444,1.612,1.486,0.79,0.379,31.8,91.2,97.8,100.0,59.0,27.5,49.4,20.6,joshua_kimmich_de_ger_1995_0,Joshua Kimmich,2847,-0.5400331276484224,1.633086066794739,2.616551031212843,4.574637927245408,-0.07422765126463486,-0.2290453706353871,-0.028796584078275858,-0.5607363158668086,0,Deep-Lying Playmaker,"{""Midfielder Archetype 1 (Low xAG)"": 0.0001, ""Midfielder Archetype 2 (High xAG)"": 0.9999}",1.794,3.371
Joshua King,no NOR,1992.0,1673,28,6,3,6.6,2.0,17,29,39,11,6,35,32.0,Toulouse,fr Ligue 1,"FW,MF",Forward,0.355,0.108,0.915,1.56,2.098,0.592,0.323,1.883,73.4,38.8,33.3,26.2,48.6,24.6,57.2,86.3,joshua_king_no_nor_1992_0,Joshua King,1673,1.6271700874437016,0.1095300004860421,-0.03025294039737391,-1.2045138713914405,0.299839424360322,-1.3941485548664476,-0.9928841312507761,1.7726513442427452,0,Clinical Finisher / Poacher,"{""Forward Archetype 1 (Low PrgC)"": 0.9061, ""Forward Archetype 2 (High PrgC)"": 0.0939}",1.906,-2.085
Joshua Zirkzee,nl NED,2001.0,1402,32,3,1,4.8,1.5,12,44,14,14,6,11,23.0,Manchester Utd,eng Premier League,"FW,MF",Forward,0.308,0.096,0.77,2.825,0.899,0.899,0.385,0.706,62.3,33.0,22.4,68.3,15.1,43.2,66.1,36.6,joshua_zirkzee_nl_ned_2001_0,Joshua Zirkzee,1402,1.2853628689560177,-0.03557057725764327,-0.25482086075049354,-0.4648713152122,-0.6230132992493971,-0.9940516001025377,-0.8648896389066755,-0.05341067434032988,0,Clinical Finisher / Poacher,"{""Forward Archetype 1 (Low PrgC)"": 0.9724, ""Forward Archetype 2 (High PrgC)"": 0.0276}",0.434,-1.789
Josip Juranović,hr CRO,1995.0,1159,17,0,1,0.3,1.8,27,52,19,21,7,11,28.0,Union Berlin,de Bundesliga,"DF,MF",Defender,0.023,0.14,2.097,4.038,1.475,1.631,0.544,0.854,29.3,88.2,98.9,69.4,62.8,47.5,8.7,87.2,josip_juranovi__hr_cro_1995_0,Josip Juranović,1159,-0.787297924001215,0.4964648744692034,1.800362796550125,0.24436696197785437,-0.17967454295315158,-0.04007449623549468,-0.5366456988629333,0.1762046007236422,0,Ball-Playing Defender,"{""Defender Archetype 1 (Low PrgC)"": 0.0, ""Defender Archetype 2 (High xAG)"": 1.0, ""Defender Archetype 3 (Low npxG)"": 0.0}",0.974,0.726
Josip Stanišić,hr CRO,2000.0,876,14,0,2,0.3,1.5,14,76,20,13,6,5,24.0,Bayern Munich,de Bundesliga,DF,Defender,0.031,0.154,1.438,7.808,2.055,1.336,0.616,0.514,39.8,91.4,92.8,98.8,79.9,26.9,14.0,69.5,josip_stani_i__hr_cro_2000_0,Josip Stanišić,876,-0.7291179719182049,0.6657488818368362,0.7797403171521539,2.448677188693851,0.26674295470626225,-0.42453248208355154,-0.38800693356010685,-0.3512899500989962,0,Ball-Playing Defender,"{""Defender Archetype 1 (Low PrgC)"": 0.0, ""Defender Archetype 2 (High xAG)"": 1.0, ""Defender Archetype 3 (Low npxG)"": 0.0}",0.737,1.548
Josué Casimir,fr FRA,2001.0,1997,27,4,4,3.3,3.4,26,41,71,37,7,22,22.0,Le Havre,fr Ligue 1,"FW,MF",Forward,0.149,0.153,1.172,1.848,3.2,1.668,0.315,0.991,13.3,59.2,50.8,37.0,72.1,86.8,54.3,51.1,josu__casimir_fr_fra_2001_0,Josué Casimir,1997,0.1290363213061931,0.6536571670248624,0.3677743391250517,-1.0361209416051786,1.1480326699132084,0.008145657921719136,-1.0093995496177568,0.38875387561394065,1,Dynamic Winger / Dribbler,"{""Forward Archetype 1 (Low PrgC)"": 0.4519, ""Forward Archetype 2 (High PrgC)"": 0.5481}",1.43,-0.534
José Campaña,es ESP,1993.0,1189,25,0,3,0.1,0.9,14,87,11,21,19,8,31.0,Las Palmas,es La Liga,MF,Midfielder,0.008,0.068,1.06,6.585,0.833,1.59,1.438,0.606,1.5,35.1,52.6,87.4,21.4,33.5,89.6,41.1,jos__campa_a_es_esp_1993_0,José Campaña,1189,-0.8963853341568587,-0.3741385919929092,0.1943149799557457,1.7335919347751076,-0.6738125317416752,-0.09350764003132622,1.3089523036471633,-0.20855613046463528,1,Box-to-Box / Pressing Engine,"{""Midfielder Archetype 1 (Low xAG)"": 0.9973, ""Midfielder Archetype 2 (High xAG)"": 0.0027}",-1.07,1.576
José Gragera,es ESP,2000.0,569,10,0,0,0.0,0.0,1,14,1,25,5,1,23.0,Espanyol,es La Liga,MF,Midfielder,0.0,0.0,0.158,2.214,0.158,3.954,0.791,0.158,0.3,0.8,1.0,6.0,1.0,99.0,49.7,5.9,jos__gragera_es_esp_2000_0,José Gragera,569,-0.9545652862398688,-1.1963751992071265,-1.2026523590684879,-0.8221215933351376,-1.1933501367763377,2.9873692363917472,-0.026732156782403264,-0.9036077739015236,1,Box-to-Box / Pressing Engine,"{""Midfielder Archetype 1 (Low xAG)"": 1.0, ""Midfielder Archetype 2 (High xAG)"": 0.0}",-2.813,0.651
José Luis García Vayá,es ESP,1998.0,1742,34,2,2,0.5,2.1,32,142,13,43,19,8,25.0,Valencia,es La Liga,MF,Midfielder,0.026,0.108,1.653,7.336,0.672,2.222,0.982,0.413,9.6,56.6,79.9,93.7,14.3,67.2,64.5,24.0,jos__luis_garc_a_vay__es_esp_1998_0,José Luis García Vayá,1742,-0.7654804419700862,0.1095300004860421,1.1127203369860899,2.1726998870997,-0.797731871609202,0.7301447228702735,0.3675734567292616,-0.5079868607845448,1,Box-to-Box / Pressing Engine,"{""Midfielder Archetype 1 (Low xAG)"": 0.6947, ""Midfielder Archetype 2 (High xAG)"": 0.3053}",-0.369,2.07
José Luis Gayà,es ESP,1995.0,1803,23,0,1,1.0,2.6,24,59,29,57,25,7,29.0,Valencia,es La Liga,DF,Defender,0.05,0.13,1.198,2.945,1.448,2.845,1.248,0.349,61.2,86.2,87.0,37.4,61.8,94.7,73.4,54.1,jos__luis_gay__es_esp_1995_0,José Luis Gayà,1803,-0.590940585721056,0.3755477263494654,0.4080416903607835,-0.3947075944679244,-0.20045604715453819,1.542067859084984,0.9167111174313709,-0.6072799527041003,0,Ball-Playing Defender,"{""Defender Archetype 1 (Low PrgC)"": 0.0, ""Defender Archetype 2 (High xAG)"": 0.8706, ""Defender Archetype 3 (Low npxG)"": 0.1294}",-0.767,1.207
José Luis Palomino,ar ARG,1990.0,1081,18,1,0,0.5,0.0,1,35,4,27,22,0,34.0,Cagliari,it Serie A,DF,Defender,0.042,0.0,0.083,2.914,0.333,2.248,1.832,0.0,52.5,4.3,6.7,36.6,14.6,77.3,95.6,4.3,jos__luis_palomino_ar_arg_1990_0,José Luis Palomino,1081,-0.6491205378040661,-1.1963751992071265,-1.3188081799407914,-0.41283322232686215,-1.0586552021377216,0.764029155521289,2.122336658220964,-1.1487375945779261,1,Stopper / Defensive Destroyer,"{""Defender Archetype 1 (Low PrgC)"": 0.9874, ""Defender Archetype 2 (High xAG)"": 0.0002, ""Defender Archetype 3 (Low npxG)"": 0.0124}",-3.13,0.367
José María Giménez,uy URU,1995.0,1999,27,0,1,0.4,0.2,2,64,3,26,27,2,29.0,Atlético Madrid,es La Liga,DF,Defender,0.018,0.009,0.09,2.881,0.135,1.171,1.216,0.09,22.7,17.1,8.0,35.4,4.1,17.1,70.2,16.0,jos__mar_a_gim_nez_uy_uru_1995_0,José María Giménez,1999,-0.8236603940530962,-1.0875497658993627,-1.3079669699927097,-0.43212824553153817,-1.211052899614556,-0.6395683046765326,0.850649443963448,-1.0091066840660514,1,Stopper / Defensive Destroyer,"{""Defender Archetype 1 (Low PrgC)"": 0.9901, ""Defender Archetype 2 (High xAG)"": 0.0001, ""Defender Archetype 3 (Low npxG)"": 0.0098}",-2.466,-0.766
Jota Silva,pt POR,1999.0,854,31,3,1,2.1,2.9,14,18,21,27,12,10,24.0,Nott'ham Forest,eng Premier League,"FW,MF",Forward,0.221,0.306,1.475,1.897,2.213,2.845,1.265,1.054,36.6,94.0,71.2,39.0,51.9,98.2,99.6,54.8,jota_silva_pt_por_1999_0,Jota Silva,854,0.6526558900532835,2.503689533256851,0.837043855449157,-1.0074707556345994,0.38835323855141285,1.542067859084984,0.9518063814612048,0.4864955129722532,1,Dynamic Winger / Dribbler,"{""Forward Archetype 1 (Low PrgC)"": 0.0, ""Forward Archetype 2 (High PrgC)"": 1.0}",1.435,1.12
João Félix,pt POR,1999.0,1129,27,3,1,4.9,2.2,16,66,41,14,4,25,24.0,"Chelsea, Milan","eng Premier League, it Serie A",MF,Midfielder,0.391,0.175,1.275,5.261,3.268,1.116,0.319,1.993,98.3,80.2,64.3,71.0,91.9,12.6,9.3,96.0,jo_o_f_lix_pt_por_1999_0,João Félix,1129,1.888979871817247,0.9196748928882855,0.5272949997896814,0.9594522158965982,1.2003712730870704,-0.7112469122075261,-1.0011418404342665,1.9433113459794813,0,Deep-Lying Playmaker,"{""Midfielder Archetype 1 (Low xAG)"": 0.0, ""Midfielder Archetype 2 (High xAG)"": 1.0}",3.069,-0.213
João Gomes,br BRA,2001.0,2974,36,3,1,2.9,1.2,23,165,59,116,25,30,23.0,Wolves,eng Premier League,MF,Midfielder,0.088,0.036,0.696,4.993,1.785,3.51,0.757,0.908,50.9,13.6,26.7,67.0,64.5,97.2,46.3,64.9,jo_o_gomes_br_bra_2001_0,João Gomes,2974,-0.31458581332675845,-0.7610734659760703,-0.36942793734449947,0.8027532395677158,0.05892791269239704,2.4087273865051797,-0.09692268484207144,0.2599831470307672,1,Box-to-Box / Pressing Engine,"{""Midfielder Archetype 1 (Low xAG)"": 0.9986, ""Midfielder Archetype 2 (High xAG)"": 0.0014}",-0.821,1.603
João Neves,pt POR,2004.0,1844,29,3,8,3.0,4.0,33,144,35,63,23,16,19.0,Paris S-G,fr Ligue 1,"MF,DF",Midfielder,0.146,0.195,1.611,7.028,1.708,3.075,1.123,0.781,73.5,84.6,78.4,92.2,62.0,92.9,73.5,56.2,jo_o_neves_pt_por_2004_0,João Neves,1844,0.10721883927506433,1.1615091891277614,1.0476730772976,1.9926130038560588,-0.0003378585485940683,1.8418147633055029,0.658657705447297,0.06294841775289929,0,Deep-Lying Playmaker,"{""Midfielder Archetype 1 (Low xAG)"": 0.8342, ""Midfielder Archetype 2 (High xAG)"": 0.1658}",0.628,2.698
João Palhinha,pt POR,1995.0,673,17,0,0,0.7,0.2,4,32,3,20,4,2,29.0,Bayern Munich,de Bundesliga,MF,Midfielder,0.094,0.027,0.535,4.279,0.401,2.675,0.535,0.267,54.4,10.0,13.9,49.6,5.1,82.8,27.6,13.8,jo_o_palhinha_pt_por_1995_0,João Palhinha,673,-0.27095084926450086,-0.8698988992838345,-0.618775766150377,0.38527910113927466,-1.0063165989638592,1.3205157994437302,-0.5552255445257867,-0.7344992267260306,1,Box-to-Box / Pressing Engine,"{""Midfielder Archetype 1 (Low xAG)"": 0.9946, ""Midfielder Archetype 2 (High xAG)"": 0.0054}",-1.5,0.219
João Pedro,br BRA,2001.0,1948,27,10,6,5.0,5.0,30,78,66,16,9,29,22.0,Brighton,eng Premier League,"FW,MF",Forward,0.231,0.231,1.386,3.604,3.049,0.739,0.416,1.34,39.7,84.1,64.3,83.4,68.8,35.5,71.1,66.3,jo_o_pedro_br_bra_2001_0,João Pedro,1948,0.7253808301570461,1.5968109223588178,0.6992056146806902,-0.00939182804727645,1.0318101834536022,-1.2025711856472465,-0.8008923927346252,0.9302115174877668,1,Dynamic Winger / Dribbler,"{""Forward Archetype 1 (Low PrgC)"": 0.2978, ""Forward Archetype 2 (High PrgC)"": 0.7022}",2.564,-0.467
Joël Schingtienne,be BEL,2002.0,1122,16,0,0,0.0,0.1,3,28,5,27,14,5,21.0,Venezia,it Serie A,DF,Defender,0.0,0.008,0.241,2.246,0.401,2.166,1.123,0.401,2.6,15.2,29.7,16.0,18.5,73.4,61.1,59.5,jo_l_schingtienne_be_bel_2002_0,Joël Schingtienne,1122,-0.9545652862398688,-1.0996414807113362,-1.0741065839698056,-0.8034112678033307,-1.0063165989638592,0.6571628679296254,0.658657705447297,-0.5266043155194614,1,Stopper / Defensive Destroyer,"{""Defender Archetype 1 (Low PrgC)"": 0.8729, ""Defender Archetype 2 (High xAG)"": 0.0017, ""Defender Archetype 3 (Low npxG)"": 0.1254}",-2.31,-0.158
Joël Veltman,nl NED,1992.0,1697,21,0,0,0.5,0.5,6,85,32,43,19,4,32.0,Brighton,eng Premier League,DF,Defender,0.027,0.027,0.318,4.508,1.697,2.28,1.008,0.212,34.6,41.0,40.8,79.1,71.0,79.6,50.9,36.1,jo_l_veltman_nl_ned_1992_0,Joël Veltman,1697,-0.75820794795971,-0.8698988992838345,-0.9548532745409076,0.5191748682262677,-0.008804397297307011,0.8057330726302303,0.421248566421949,-0.8198292275943987,1,Stopper / Defensive Destroyer,"{""Defender Archetype 1 (Low PrgC)"": 0.0423, ""Defender Archetype 2 (High xAG)"": 0.0215, ""Defender Archetype 3 (Low npxG)"": 0.9362}",-1.65,0.668
Joško Gvardiol,hr CRO,2002.0,3277,37,5,0,4.3,2.1,26,264,91,58,44,25,22.0,Manchester City,eng Premier League,DF,Defender,0.118,0.058,0.714,7.251,2.499,1.593,1.208,0.687,94.7,63.4,69.9,98.3,89.4,44.2,69.1,80.1,jo_ko_gvardiol_hr_cro_2002_0,Joško Gvardiol,3277,-0.09641099301547079,-0.4950557401126471,-0.3415505403351467,2.123000584905838,0.6084832460179513,-0.08959789780236307,0.8341340255964672,-0.08288831100394776,0,Ball-Playing Defender,"{""Defender Archetype 1 (Low PrgC)"": 0.0, ""Defender Archetype 2 (High xAG)"": 0.9945, ""Defender Archetype 3 (Low npxG)"": 0.0055}",-0.328,1.384
Juan Bernat,es ESP,1993.0,911,24,0,2,0.4,1.1,11,22,6,28,3,15,31.0,"Villarreal, Getafe",es La Liga,"MF,DF",Midfielder,0.04,0.109,1.087,2.173,0.593,2.766,0.296,1.482,20.8,57.1,53.7,5.5,10.1,85.1,8.1,86.3,juan_bernat_es_esp_1993_0,Juan Bernat,911,-0.6636655258248185,0.1216217152980159,0.23613107546977474,-0.8460941979227651,-0.8585370135317775,1.4391113137222837,-1.0486236682393362,1.1505180651842803,1,Box-to-Box / Pressing Engine,"{""Midfielder Archetype 1 (Low xAG)"": 0.468, ""Midfielder Archetype 2 (High xAG)"": 0.532}",0.102,0.25
Juan Berrocal,es ESP,1999.0,1063,19,0,0,0.4,0.0,1,25,1,14,15,0,25.0,Getafe,es La Liga,DF,Defender,0.034,0.0,0.085,2.117,0.085,1.185,1.27,0.0,42.8,4.3,7.2,13.1,2.1,17.5,74.3,4.3,juan_berrocal_es_esp_1999_0,Juan Berrocal,1063,-0.7073004898870762,-1.1963751992071265,-1.3157106913841965,-0.8788372676034272,-1.2495371666541606,-0.6213228409413706,0.962128517940568,-1.1487375945779261,1,Stopper / Defensive Destroyer,"{""Defender Archetype 1 (Low PrgC)"": 0.9979, ""Defender Archetype 2 (High xAG)"": 0.0001, ""Defender Archetype 3 (Low npxG)"": 0.002}",-2.621,-1.051
Juan Cruz,es ESP,2000.0,2257,34,5,4,2.7,4.1,24,66,59,32,13,40,24.0,Leganés,es La Liga,"FW,MF",Forward,0.108,0.163,0.957,2.632,2.353,1.276,0.518,1.595,6.2,64.1,37.0,63.0,55.0,68.5,83.1,76.9,juan_cruz_es_esp_2000_0,Juan Cruz,2257,-0.1691359331192333,0.7745743151446003,0.03479431929111579,-0.5777179660759102,0.49610918626230593,-0.5027273266628174,-0.5903208085556207,1.3258324306047455,1,Dynamic Winger / Dribbler,"{""Forward Archetype 1 (Low PrgC)"": 0.6688, ""Forward Archetype 2 (High PrgC)"": 0.3312}",1.312,-0.311
Juan Cruz Armada,es ESP,1992.0,1492,25,0,0,0.1,0.0,2,53,9,26,9,1,32.0,Osasuna,es La Liga,DF,Defender,0.006,0.0,0.121,3.197,0.543,1.568,0.543,0.06,7.0,4.3,12.0,45.4,25.9,41.6,8.6,11.9,juan_cruz_armada_es_esp_1992_0,Juan Cruz Armada,1492,-0.9109303221776113,-1.1963751992071265,-1.259955897365491,-0.24736378090494515,-0.897021280571382,-0.12217908304372371,-0.538710126158806,-1.0556503209033428,1,Stopper / Defensive Destroyer,"{""Defender Archetype 1 (Low PrgC)"": 0.9921, ""Defender Archetype 2 (High xAG)"": 0.0002, ""Defender Archetype 3 (Low npxG)"": 0.0077}",-2.014,-0.845
Juan Cuadrado,co COL,1988.0,832,23,0,2,0.9,2.0,19,64,41,19,7,17,36.0,Atalanta,it Serie A,"DF,MF",Defender,0.097,0.216,2.055,6.923,4.435,2.055,0.757,1.839,90.3,96.9,98.4,97.3,99.1,69.3,25.3,99.2,juan_cuadrado_co_col_1988_0,Juan Cuadrado,832,-0.2491333672333721,1.4154352001792108,1.7353155368616355,1.9312197482048177,2.0985940657914424,0.512502405457984,-0.09692268484207144,1.7043873435480508,0,Ball-Playing Defender,"{""Defender Archetype 1 (Low PrgC)"": 0.0, ""Defender Archetype 2 (High xAG)"": 1.0, ""Defender Archetype 3 (Low npxG)"": 0.0}",2.972,2.635
Juan David Cabal,co COL,2001.0,460,7,0,0,0.1,0.0,1,17,14,10,2,4,23.0,Juventus,it Serie A,DF,Defender,0.02,0.0,0.196,3.326,2.739,1.957,0.391,0.783,25.1,4.3,22.5,49.9,92.8,64.4,2.9,84.0,juan_david_cabal_co_col_2001_0,Juan David Cabal,460,-0.8091154060323437,-1.1963751992071265,-1.1438000764931877,-0.17193778110484867,0.7932077278080535,0.38478415931184967,-0.8525030751314399,0.06605132687538541,1,Stopper / Defensive Destroyer,"{""Defender Archetype 1 (Low PrgC)"": 0.0, ""Defender Archetype 2 (High xAG)"": 0.0387, ""Defender Archetype 3 (Low npxG)"": 0.9613}",-0.736,-0.22
Juan Foyth,ar ARG,1998.0,1517,19,1,0,2.4,0.3,7,65,13,25,19,4,26.0,Villarreal,es La Liga,DF,Defender,0.142,0.018,0.415,3.856,0.771,1.483,1.127,0.237,97.0,30.3,51.1,64.4,39.3,36.8,61.7,39.8,juan_foyth_ar_arg_1998_0,Juan Foyth,1517,0.07812886323355928,-0.9787243325915984,-0.8046250795460621,0.13795198551570256,-0.7215330228707849,-0.23295511286435025,0.6669154146307874,-0.7810428635633223,1,Stopper / Defensive Destroyer,"{""Defender Archetype 1 (Low PrgC)"": 0.9818, ""Defender Archetype 2 (High xAG)"": 0.0182, ""Defender Archetype 3 (Low npxG)"": 0.0}",-1.578,-0.421
Juan Herzog,es ESP,2003.0,1315,19,0,0,0.9,0.0,0,27,0,12,18,0,21.0,Las Palmas,es La Liga,DF,Defender,0.062,0.0,0.0,1.848,0.0,0.821,1.232,0.0,73.5,4.3,1.9,7.2,0.7,3.5,72.1,4.3,juan_herzog_es_esp_2003_0,Juan Herzog,1315,-0.5036706575965411,-1.1963751992071265,-1.4473539550394734,-1.0361209416051786,-1.3149604206214884,-1.0957048980555832,0.8836802806974094,-1.1487375945779261,1,Stopper / Defensive Destroyer,"{""Defender Archetype 1 (Low PrgC)"": 0.999, ""Defender Archetype 2 (High xAG)"": 0.0001, ""Defender Archetype 3 (Low npxG)"": 0.001}",-2.543,-1.535
Juan Jesus,br BRA,1991.0,1074,15,0,1,0.3,0.0,1,50,3,25,9,0,33.0,Napoli,it Serie A,DF,Defender,0.025,0.0,0.084,4.19,0.251,2.095,0.754,0.0,32.0,4.3,6.9,73.3,9.9,70.7,25.1,4.3,juan_jesus_br_bra_1991_0,Juan Jesus,1074,-0.7727529359804625,-1.1963751992071265,-1.3172594356624938,0.3332410082539371,-1.1217694000826732,0.5646323018441612,-0.10311596672968922,-1.1487375945779261,1,Stopper / Defensive Destroyer,"{""Defender Archetype 1 (Low PrgC)"": 0.9536, ""Defender Archetype 2 (High xAG)"": 0.0023, ""Defender Archetype 3 (Low npxG)"": 0.0441}",-2.362,-0.13
Juan Miranda,es ESP,2000.0,2277,31,0,6,0.7,6.1,57,163,34,32,23,7,24.0,Bologna,it Serie A,DF,Defender,0.028,0.241,2.253,6.443,1.344,1.265,0.909,0.277,36.0,98.1,99.5,96.1,59.1,22.3,40.0,45.7,juan_miranda_es_esp_2000_0,Juan Miranda,2277,-0.7509354539493337,1.7177280704785554,2.041966903964516,1.6505648652277143,-0.28050332259691574,-0.5170630481690163,0.2168702641305625,-0.7189846811136001,0,Ball-Playing Defender,"{""Defender Archetype 1 (Low PrgC)"": 0.0, ""Defender Archetype 2 (High xAG)"": 1.0, ""Defender Archetype 3 (Low npxG)"": 0.0}",1.155,1.635
Juanlu Sánchez,es ESP,2003.0,1722,32,4,4,2.1,2.8,24,68,44,50,17,11,20.0,Sevilla,es La Liga,"MF,DF",Midfielder,0.11,0.146,1.254,3.554,2.3,2.613,0.889,0.575,61.8,71.6,63.3,31.8,77.6,81.4,58.2,39.1,juanlu_s_nchez_es_esp_2003_0,Juanlu Sánchez,1722,-0.1545909450984808,0.5690151633410458,0.4947713699454367,-0.038626711690724846,0.4553158632003247,1.2397144600451557,0.17558171821311064,-0.25665122186317,1,Box-to-Box / Pressing Engine,"{""Midfielder Archetype 1 (Low xAG)"": 0.6165, ""Midfielder Archetype 2 (High xAG)"": 0.3835}",0.245,1.008
Juanmi,es ESP,1993.0,940,24,0,0,3.6,0.7,8,12,10,21,3,8,31.0,"Getafe, Betis",es La Liga,"FW,MF",Forward,0.345,0.067,0.766,1.149,0.957,2.011,0.287,0.766,71.2,16.2,21.8,12.9,17.2,93.3,48.9,40.1,juanmi_es_esp_1993_0,Juanmi,940,1.554445147339939,-0.386230306804883,-0.26101583786368304,-1.444824614940585,-0.5783715494834557,0.455159519433189,-1.0672035139021894,0.039676599334253465,0,Clinical Finisher / Poacher,"{""Forward Archetype 1 (Low PrgC)"": 0.8327, ""Forward Archetype 2 (High PrgC)"": 0.1673}",0.176,-1.793
Juanmi Latasa,es ESP,2001.0,1398,28,3,0,4.2,0.9,13,17,3,4,0,8,23.0,Valladolid,es La Liga,FW,Forward,0.27,0.058,0.837,1.094,0.193,0.258,0.0,0.515,53.4,11.8,27.1,10.4,1.3,5.3,2.8,22.0,juanmi_latasa_es_esp_2001_0,Juanmi Latasa,1398,1.00900809656172,-0.4950557401126471,-0.15105499410456938,-1.4769829869483782,-1.1664111498486145,-1.8294331896910274,-1.6596941478176233,-0.34973849553775316,0,Clinical Finisher / Poacher,"{""Forward Archetype 1 (Low PrgC)"": 0.9996, ""Forward Archetype 2 (High PrgC)"": 0.0004}",0.189,-3.152
Juanpe,es ESP,1991.0,727,12,0,0,0.1,0.2,3,26,2,8,8,0,33.0,Girona,es La Liga,DF,Defender,0.012,0.025,0.371,3.219,0.248,0.99,0.99,0.0,14.3,38.4,46.3,46.9,9.6,8.6,48.7,4.3,juanpe_es_esp_1991_0,Juanpe,727,-0.8672953581153539,-0.894082328907782,-0.8727698277911468,-0.23450043210182803,-1.1240784561050494,-0.8754560858239845,0.38408887509624234,-1.1487375945779261,1,Stopper / Defensive Destroyer,"{""Defender Archetype 1 (Low PrgC)"": 0.9767, ""Defender Archetype 2 (High xAG)"": 0.0007, ""Defender Archetype 3 (Low npxG)"": 0.0226}",-2.006,-0.808
Jubal,br BRA,1993.0,2640,30,6,0,2.0,0.9,6,33,1,60,25,3,30.0,Auxerre,fr Ligue 1,DF,Defender,0.068,0.031,0.205,1.125,0.034,2.045,0.852,0.102,78.2,45.4,23.9,0.5,1.3,69.1,33.4,17.2,jubal_br_bra_1993_0,Jubal,2640,-0.4600356935342835,-0.8215320400359393,-1.1298613779885114,-1.4588573590894403,-1.2887911190345571,0.49946993136143936,0.0991979082658247,-0.9904892293311347,1,Stopper / Defensive Destroyer,"{""Defender Archetype 1 (Low PrgC)"": 0.9571, ""Defender Archetype 2 (High xAG)"": 0.0036, ""Defender Archetype 3 (Low npxG)"": 0.0394}",-2.176,-1.082
Jude Bellingham,eng ENG,2003.0,2488,31,9,8,9.9,3.9,42,199,74,61,28,41,21.0,Real Madrid,es La Liga,MF,Midfielder,0.358,0.141,1.519,7.199,2.677,2.207,1.013,1.483,97.0,69.8,75.8,93.2,85.6,66.2,66.7,86.6,jude_bellingham_eng_eng_2003_0,Jude Bellingham,2488,1.6489875694748304,0.5085565892811769,0.9051886036942413,2.092596305916652,0.7454872366789438,0.7105960117254569,0.4315707029013118,1.1520695197455235,0,Deep-Lying Playmaker,"{""Midfielder Archetype 1 (Low xAG)"": 0.0, ""Midfielder Archetype 2 (High xAG)"": 1.0}",1.794,1.6
Jules Koundé,fr FRA,1998.0,2605,32,2,3,1.8,3.9,32,165,44,63,20,22,25.0,Barcelona,es La Liga,DF,Defender,0.062,0.135,1.106,5.701,1.52,2.177,0.691,0.76,73.5,87.2,85.6,92.0,65.0,74.2,19.5,82.4,jules_kound__fr_fra_1998_0,Jules Koundé,2605,-0.5036706575965411,0.4360063004093344,0.2655572167574251,1.2167191919589424,-0.14503870261750745,0.6714985894358243,-0.2331748863696626,0.030367871966795128,0,Ball-Playing Defender,"{""Defender Archetype 1 (Low PrgC)"": 0.0, ""Defender Archetype 2 (High xAG)"": 0.9997, ""Defender Archetype 3 (Low npxG)"": 0.0003}",0.139,1.239
Julian Araujo,mx MEX,2001.0,497,12,0,0,0.0,0.1,1,14,4,10,6,0,22.0,Bournemouth,eng Premier League,DF,Defender,0.0,0.018,0.181,2.535,0.724,1.811,1.087,0.0,2.6,30.3,20.3,23.8,36.4,56.6,58.8,4.3,julian_araujo_mx_mex_2001_0,Julian Araujo,497,-0.9545652862398688,-0.9787243325915984,-1.1670312406676482,-0.6344336403441998,-0.7577082338880133,0.1945100375023027,0.5843383227958836,-1.1487375945779261,1,Stopper / Defensive Destroyer,"{""Defender Archetype 1 (Low PrgC)"": 0.9231, ""Defender Archetype 2 (High xAG)"": 0.0015, ""Defender Archetype 3 (Low npxG)"": 0.0754}",-2.324,-0.38
Julian Brandt,de GER,1996.0,2303,30,5,10,4.8,8.5,61,149,61,26,14,19,28.0,Dortmund,de Bundesliga,MF,Midfielder,0.188,0.332,2.384,5.823,2.384,1.016,0.547,0.743,82.3,99.2,94.9,77.8,80.1,9.5,28.9,52.9,julian_brandt_de_ger_1996_0,Julian Brandt,2303,0.4126635877108671,2.81807411836817,2.244852404421472,1.2880523080489565,0.5199694318268605,-0.8415716531729693,-0.5304524169753155,0.003993144425663181,0,Deep-Lying Playmaker,"{""Midfielder Archetype 1 (Low xAG)"": 0.0, ""Midfielder Archetype 2 (High xAG)"": 1.0}",3.04,1.005
Julian Chabot,de GER,1998.0,2269,31,3,1,1.8,0.5,6,108,7,37,38,3,26.0,Stuttgart,de Bundesliga,DF,Defender,0.071,0.02,0.238,4.284,0.278,1.468,1.507,0.119,80.4,33.2,29.1,75.1,11.7,36.1,86.5,21.8,julian_chabot_de_ger_1998_0,Julian Chabot,2269,-0.43821821150315476,-0.9545409029676508,-1.0787528168046978,0.38820258950361947,-1.1009878958812866,-0.2525038240091669,1.451397787062372,-0.9641145017900027,1,Stopper / Defensive Destroyer,"{""Defender Archetype 1 (Low PrgC)"": 0.9833, ""Defender Archetype 2 (High xAG)"": 0.0002, ""Defender Archetype 3 (Low npxG)"": 0.0165}",-2.339,0.054
Julian Ryerson,no NOR,1997.0,2259,29,2,3,0.7,4.5,36,92,66,46,22,36,26.0,Dortmund,de Bundesliga,DF,Defender,0.028,0.179,1.434,3.665,2.629,1.833,0.876,1.434,36.0,95.2,92.6,59.6,91.7,57.6,36.4,97.1,julian_ryerson_no_nor_1997_0,Julian Ryerson,2259,-0.7509354539493337,0.9680417521361807,0.7735453400389644,0.026274729997730367,0.7085423403209233,0.2231814805147002,0.14874416336676693,1.0760482462446137,0,Ball-Playing Defender,"{""Defender Archetype 1 (Low PrgC)"": 0.0, ""Defender Archetype 2 (High xAG)"": 1.0, ""Defender Archetype 3 (Low npxG)"": 0.0}",1.191,1.112
Julian Weigl,de GER,1995.0,2881,33,0,2,0.7,1.1,11,122,11,53,48,7,28.0,Gladbach,de Bundesliga,MF,Midfielder,0.022,0.034,0.344,3.811,0.344,1.656,1.499,0.219,7.8,12.2,6.3,37.8,3.9,37.4,91.9,10.3,julian_weigl_de_ger_1995_0,Julian Weigl,2881,-0.7945704180115913,-0.7852568956000179,-0.914585923305176,0.11164059023659917,-1.0501886633890085,-0.007493310994134042,1.4348823686953915,-0.8089690456656973,1,Box-to-Box / Pressing Engine,"{""Midfielder Archetype 1 (Low xAG)"": 0.9999, ""Midfielder Archetype 2 (High xAG)"": 0.0001}",-2.272,0.266
Julien Le Cardinal,fr FRA,1997.0,1378,16,0,1,0.4,0.3,5,39,7,27,33,4,26.0,Brest,fr Ligue 1,DF,Defender,0.026,0.02,0.327,2.547,0.457,1.763,2.155,0.261,33.3,33.2,42.0,24.2,21.5,53.5,99.1,43.0,julien_le_cardinal_fr_fra_1997_0,Julien Le Cardinal,1378,-0.7654804419700862,-0.9545409029676508,-0.9409145760362314,-0.6274172682697722,-0.963214219879502,0.13195416183888997,2.789146674787811,-0.743807954093489,1,Stopper / Defensive Destroyer,"{""Defender Archetype 1 (Low PrgC)"": 0.9882, ""Defender Archetype 2 (High xAG)"": 0.0, ""Defender Archetype 3 (Low npxG)"": 0.0118}",-2.815,0.424
Julio Enciso,py PAR,2004.0,1163,25,2,3,2.7,1.6,18,42,34,12,1,40,20.0,"Ipswich Town, Brighton",eng Premier League,"MF,FW",Midfielder,0.209,0.124,1.393,3.25,2.631,0.929,0.077,3.095,86.9,62.9,71.5,24.0,85.2,8.0,1.0,99.5,julio_enciso_py_par_2004_0,Julio Enciso,1163,0.5653859619287684,0.30299743747762264,0.710046824628772,-0.21637480424289005,0.7100817110025074,-0.9549541778129047,-1.5007332460354337,3.653014272469327,0,Deep-Lying Playmaker,"{""Midfielder Archetype 1 (Low xAG)"": 0.0, ""Midfielder Archetype 2 (High xAG)"": 1.0}",3.066,-0.544
Julián Malatini,ar ARG,2001.0,454,10,1,1,0.2,0.5,2,24,8,11,7,2,23.0,Werder Bremen,de Bundesliga,DF,Defender,0.04,0.099,0.396,4.758,1.586,2.181,1.388,0.396,49.7,79.8,48.8,82.4,66.4,74.3,80.7,58.9,juli_n_malatini_ar_arg_2001_0,Julián Malatini,454,-0.6636655258248185,0.0007045671782781161,-0.8340512208337123,0.6653492864435089,-0.09423947012522929,0.676711579074442,1.2057309388535336,-0.5343615883256766,1,Stopper / Defensive Destroyer,"{""Defender Archetype 1 (Low PrgC)"": 0.0, ""Defender Archetype 2 (High xAG)"": 0.893, ""Defender Archetype 3 (Low npxG)"": 0.107}",-1.327,1.144
Julián Álvarez,ar ARG,2000.0,2509,37,17,4,11.0,5.3,41,92,79,25,2,34,24.0,Atlético Madrid,es La Liga,FW,Forward,0.395,0.19,1.471,3.3,2.834,0.897,0.072,1.22,79.0,75.5,70.5,77.6,64.3,43.0,10.1,60.4,juli_n__lvarez_ar_arg_2000_0,Julián Álvarez,2509,1.9180698478587521,1.1010506150678925,0.8308488783359675,-0.1871399205994419,0.8663278351833024,-0.9966580949218465,-1.5110553825147968,0.7440369701386,1,Dynamic Winger / Dribbler,"{""Forward Archetype 1 (Low PrgC)"": 0.9327, ""Forward Archetype 2 (High PrgC)"": 0.0673}",2.829,-1.312
Juma Bah,sl SLE,2006.0,1550,22,0,0,0.4,0.2,3,22,3,26,29,6,18.0,"Valladolid, Lens","es La Liga, fr Ligue 1",DF,Defender,0.023,0.012,0.174,1.277,0.174,1.51,1.684,0.348,29.3,22.7,19.0,1.1,6.2,38.0,92.4,53.9,juma_bah_sl_sle_2006_0,Juma Bah,1550,-0.787297924001215,-1.0512746214634412,-1.17787245061573,-1.3699833128133578,-1.1810351713236644,-0.19776743280368075,1.8168014184318206,-0.6088314072653433,1,Stopper / Defensive Destroyer,"{""Defender Archetype 1 (Low PrgC)"": 0.9944, ""Defender Archetype 2 (High xAG)"": 0.0, ""Defender Archetype 3 (Low npxG)"": 0.0056}",-2.666,-0.598
Junior Adamu,at AUT,2001.0,1545,25,2,2,5.5,2.4,17,14,8,9,12,10,23.0,Freiburg,de Bundesliga,FW,Forward,0.32,0.14,0.99,0.816,0.466,0.524,0.699,0.583,66.4,54.0,40.4,3.3,4.7,18.4,93.8,26.6,junior_adamu_at_aut_2001_0,Junior Adamu,1545,1.3726327970805328,0.4964648744692034,0.08590288047492926,-1.6395289400059505,-0.9562870518123732,-1.482769378722949,-0.21665946800268185,-0.24423958537322557,0,Clinical Finisher / Poacher,"{""Forward Archetype 1 (Low PrgC)"": 0.4613, ""Forward Archetype 2 (High PrgC)"": 0.5387}",0.435,-2.383
Junior Messias,br BRA,1991.0,847,17,1,1,1.4,0.7,8,32,32,13,6,10,33.0,Genoa,it Serie A,"MF,FW",Midfielder,0.149,0.074,0.85,3.4,3.4,1.381,0.638,1.063,74.5,39.1,39.2,28.0,93.0,22.6,36.5,74.6,junior_messias_br_bra_1991_0,Junior Messias,847,0.1290363213061931,-0.3015883031210666,-0.13092131848670346,-0.1286701533125454,1.3019697380716269,-0.36588634864910224,-0.3425895330509098,0.5004586040234404,0,Deep-Lying Playmaker,"{""Midfielder Archetype 1 (Low xAG)"": 0.0006, ""Midfielder Archetype 2 (High xAG)"": 0.9994}",0.774,-0.227
Junior Mwanga,fr FRA,2003.0,1248,19,1,2,1.3,1.0,8,52,17,43,10,9,21.0,"Le Havre, Strasbourg",fr Ligue 1,MF,Midfielder,0.094,0.072,0.577,3.75,1.226,3.101,0.721,0.649,54.4,37.4,17.6,36.5,42.7,93.4,43.3,44.1,junior_mwanga_fr_fra_2003_0,Junior Mwanga,1248,-0.27095084926450086,-0.3257717327450142,-0.5537285064618873,0.07597403219159235,-0.37132619281038276,1.8756991959565177,-0.1712420674934848,-0.14184358433118388,1,Box-to-Box / Pressing Engine,"{""Midfielder Archetype 1 (Low xAG)"": 0.999, ""Midfielder Archetype 2 (High xAG)"": 0.001}",-0.959,0.788
Junya Ito,jp JPN,1993.0,2690,33,4,3,4.6,7.1,82,133,100,45,13,47,31.0,Reims,fr Ligue 1,"FW,MF",Forward,0.154,0.238,2.743,4.45,3.346,1.506,0.435,1.572,15.2,85.8,97.6,91.8,74.6,79.4,74.1,76.3,junya_ito_jp_jpn_1993_0,Junya Ito,2690,0.16539879135807442,1.6814529260426339,2.80085160033023,0.4852624031998678,1.260406729668854,-0.20298042244229847,-0.7616682741130459,1.2901489756961553,1,Dynamic Winger / Dribbler,"{""Forward Archetype 1 (Low PrgC)"": 0.0, ""Forward Archetype 2 (High PrgC)"": 1.0}",3.444,1.155
Jurgen Ekkelenkamp,nl NED,2000.0,1892,34,3,2,2.8,1.3,15,72,34,36,12,10,24.0,Udinese,it Serie A,MF,Midfielder,0.133,0.062,0.714,3.425,1.617,1.712,0.571,0.476,69.2,30.8,28.0,29.2,59.7,40.5,30.4,30.7,jurgen_ekkelenkamp_nl_ned_2000_0,Jurgen Ekkelenkamp,1892,0.01267641714017313,-0.44668888086475195,-0.3415505403351467,-0.1140527114908213,-0.07037922456067448,0.06548854394651411,-0.48090616187437357,-0.4102452234262324,1,Box-to-Box / Pressing Engine,"{""Midfielder Archetype 1 (Low xAG)"": 0.8971, ""Midfielder Archetype 2 (High xAG)"": 0.1029}",-0.401,-0.442
Jurriën Timber,nl NED,2001.0,2417,30,1,3,1.2,0.8,17,146,57,58,22,24,23.0,Arsenal,eng Premier League,DF,Defender,0.045,0.03,0.633,5.436,2.122,2.16,0.819,0.894,56.4,44.4,66.2,90.4,81.7,72.7,29.9,88.2,jurri_n_timber_nl_ned_2001_0,Jurriën Timber,2417,-0.6273030557729373,-0.8336237548479131,-0.46699882687723415,1.061774308648667,0.31831187253933224,0.6493433834716991,0.031071807502029116,0.2382627831733644,0,Ball-Playing Defender,"{""Defender Archetype 1 (Low PrgC)"": 0.0, ""Defender Archetype 2 (High xAG)"": 0.0668, ""Defender Archetype 3 (Low npxG)"": 0.9332}",-0.619,1.01
Justin Devenny,nir NIR,2003.0,507,23,1,1,0.8,0.6,7,21,5,17,0,2,20.0,Crystal Palace,eng Premier League,MF,Midfielder,0.142,0.107,1.243,3.728,0.888,3.018,0.0,0.355,72.0,55.9,62.0,36.1,23.7,91.0,0.5,18.7,justin_devenny_nir_nir_2003_0,Justin Devenny,507,0.07812886323355928,0.09743828567406831,0.47773518288416567,0.06311068338847525,-0.63147983799811,1.7675296609551998,-1.6596941478176233,-0.5979712253366419,1,Box-to-Box / Pressing Engine,"{""Midfielder Archetype 1 (Low xAG)"": 0.9994, ""Midfielder Archetype 2 (High xAG)"": 0.0006}",0.035,0.231
Justin Kluivert,nl NED,1999.0,2340,34,12,6,5.6,4.8,45,105,81,23,14,36,25.0,Bournemouth,eng Premier League,MF,Midfielder,0.215,0.185,1.731,4.038,3.115,0.885,0.538,1.385,87.4,82.6,83.0,43.4,90.4,6.6,28.0,83.5,justin_kluivert_nl_ned_1999_0,Justin Kluivert,2340,0.609020925991026,1.0405920410080234,1.2335223906932855,0.24436696197785437,1.0826094159458806,-1.0122970638376996,-0.549032262638169,1.0000269727437041,0,Deep-Lying Playmaker,"{""Midfielder Archetype 1 (Low xAG)"": 0.0003, ""Midfielder Archetype 2 (High xAG)"": 0.9997}",2.457,-0.043
Justin Njinmah,de GER,2000.0,952,26,3,2,3.7,1.6,12,23,33,6,3,11,23.0,Werder Bremen,de Bundesliga,"FW,MF",Forward,0.35,0.151,1.134,2.174,3.12,0.567,0.284,1.04,72.4,58.4,48.4,49.0,70.5,21.7,48.6,53.5,justin_njinmah_de_ger_2000_0,Justin Njinmah,952,1.5908076173918202,0.6294737374009148,0.3089220565497513,-0.8455095002498962,1.086457842649841,-1.4267297401078085,-1.0733967957898074,0.4647751491148504,0,Clinical Finisher / Poacher,"{""Forward Archetype 1 (Low PrgC)"": 0.9674, ""Forward Archetype 2 (High PrgC)"": 0.0326}",2.147,-1.802
Jáder Durán,co COL,2003.0,638,20,7,0,4.9,0.2,4,13,7,8,0,3,20.0,Aston Villa,eng Premier League,FW,Forward,0.691,0.028,0.564,1.834,0.987,1.129,0.0,0.423,98.2,3.7,9.0,36.8,18.6,59.9,2.8,15.7,j_der_dur_n_co_col_2003_0,Jáder Durán,638,4.070728074930123,-0.8578071844718607,-0.5738621820797531,-1.0443067090253442,-0.5552809892596929,-0.6943046958820187,-1.6596941478176233,-0.4924723151721142,0,Clinical Finisher / Poacher,"{""Forward Archetype 1 (Low PrgC)"": 1.0, ""Forward Archetype 2 (High PrgC)"": 0.0}",0.848,-3.628
Jérémy Jacquet,fr FRA,2005.0,927,11,0,1,0.8,0.8,4,40,8,26,27,5,19.0,Rennes,fr Ligue 1,DF,Defender,0.078,0.078,0.388,3.883,0.777,2.524,2.621,0.485,83.9,72.4,48.4,64.8,39.4,87.7,100.0,67.7,j_r_my_jacquet_fr_fra_2005_0,Jérémy Jacquet,927,-0.38731075343052096,-0.2532214438731714,-0.8464411750600913,0.1537388226831647,-0.7169149108260323,1.1237254405859116,3.751169794664439,-0.39628213237504484,1,Stopper / Defensive Destroyer,"{""Defender Archetype 1 (Low PrgC)"": 0.0, ""Defender Archetype 2 (High xAG)"": 0.0038, ""Defender Archetype 3 (Low npxG)"": 0.9962}",-2.541,1.809
Jørgen Strand Larsen,no NOR,2000.0,2587,35,14,4,10.3,3.0,21,29,17,10,6,8,24.0,Wolves,eng Premier League,FW,Forward,0.358,0.104,0.731,1.009,0.591,0.348,0.209,0.278,74.5,37.4,20.2,7.5,6.7,8.9,34.5,6.9,j_rgen_strand_larsen_no_nor_2000_0,Jørgen Strand Larsen,2587,1.6489875694748304,0.06116314123814692,-0.31522188760409126,-1.5266822891422402,-0.8600763842133616,-1.712140922822129,-1.2282288429802517,-0.7174332265523571,0,Clinical Finisher / Poacher,"{""Forward Archetype 1 (Low PrgC)"": 0.9997, ""Forward Archetype 2 (High PrgC)"": 0.0003}",0.387,-3.152
Kacper Urbanski,pl POL,2004.0,747,15,1,0,0.4,0.6,13,56,15,10,4,6,19.0,"Bologna, Monza",it Serie A,MF,Midfielder,0.048,0.072,1.566,6.747,1.807,1.205,0.482,0.723,26.2,37.4,77.3,89.6,65.0,14.9,21.9,50.5,kacper_urbanski_pl_pol_2004_0,Kacper Urbanski,747,-0.6054855737418086,-0.3257717327450142,0.9779795847742182,1.8283129577798798,0.07586099018982309,-0.5952578927482819,-0.6646401912070341,-0.027035946799197935,0,Deep-Lying Playmaker,"{""Midfielder Archetype 1 (Low xAG)"": 0.6091, ""Midfielder Archetype 2 (High xAG)"": 0.3909}",0.549,0.856
Kai Havertz,de GER,1999.0,1875,23,9,3,9.5,2.4,17,61,35,16,6,9,25.0,Arsenal,eng Premier League,"FW,MF",Forward,0.456,0.115,0.816,2.928,1.68,0.768,0.288,0.432,85.8,42.1,24.4,71.2,38.6,37.3,49.3,16.4,kai_havertz_de_ger_1999_0,Kai Havertz,1875,2.3616919824917035,0.19417200416985866,-0.18357862394881433,-0.40464745490669674,-0.021889048090772682,-1.164777010767268,-1.065139086606317,-0.4785092241209267,0,Clinical Finisher / Poacher,"{""Forward Archetype 1 (Low PrgC)"": 0.996, ""Forward Archetype 2 (High PrgC)"": 0.004}",1.103,-2.249
Kaishu Sano,jp JPN,2000.0,3043,34,0,0,0.9,1.2,19,159,53,61,65,32,23.0,Mainz 05,de Bundesliga,MF,Midfielder,0.027,0.035,0.562,4.703,1.568,1.804,1.922,0.946,10.4,12.9,16.6,60.9,56.6,47.6,98.0,67.3,kaishu_sano_jp_jpn_2000_0,Kaishu Sano,3043,-0.75820794795971,-0.7731651807880441,-0.5769596706363478,0.633190914435716,-0.10809380625948697,0.1853873056347218,2.308135114849497,0.3189384203580031,1,Box-to-Box / Pressing Engine,"{""Midfielder Archetype 1 (Low xAG)"": 1.0, ""Midfielder Archetype 2 (High xAG)"": 0.0}",-1.55,1.367
Kalvin Phillips,eng ENG,1995.0,1237,19,0,0,0.4,0.2,5,51,4,35,19,5,28.0,Ipswich Town,eng Premier League,MF,Midfielder,0.029,0.015,0.364,3.711,0.291,2.546,1.382,0.364,11.5,3.6,6.8,35.5,2.2,79.3,86.7,19.4,kalvin_phillips_eng_eng_1995_0,Kalvin Phillips,1237,-0.7436629599389575,-1.01499947702752,-0.8836110377392284,0.05317082294970264,-1.0909819864509895,1.1523968835983087,1.193344375078298,-0.5840081342854544,1,Box-to-Box / Pressing Engine,"{""Midfielder Archetype 1 (Low xAG)"": 0.9998, ""Midfielder Archetype 2 (High xAG)"": 0.0002}",-2.396,0.717
Kamaldeen Sulemana,gh GHA,2002.0,1402,26,1,1,1.5,1.0,10,27,63,22,6,39,22.0,Southampton,eng Premier League,"FW,MF",Forward,0.096,0.064,0.642,1.733,4.044,1.412,0.385,2.504,3.5,14.4,13.7,30.8,83.5,75.6,66.1,94.9,kamaldeen_sulemana_gh_gha_2002_0,Kamaldeen Sulemana,1402,-0.25640586124374837,-0.42250545124080435,-0.4530601283725577,-1.1033611739851097,1.7976470975417342,-0.325485678949815,-0.8648896389066755,2.736104626774682,1,Dynamic Winger / Dribbler,"{""Forward Archetype 1 (Low PrgC)"": 0.0004, ""Forward Archetype 2 (High PrgC)"": 0.9996}",1.673,-0.47
Kamory Doumbia,ml MLI,2003.0,1322,30,3,2,2.7,1.2,26,72,17,41,28,19,21.0,Brest,fr Ligue 1,"MF,FW",Midfielder,0.184,0.082,1.77,4.902,1.157,2.791,1.906,1.293,81.4,44.1,83.9,65.7,38.5,86.1,97.7,81.2,kamory_doumbia_ml_mli_2003_0,Kamory Doumbia,1322,0.38357361166936205,-0.20485458462527623,1.293923417546883,0.7495457513366399,-0.4244344813250371,1.4716924989636444,2.2751042781155357,0.857293153109343,1,Box-to-Box / Pressing Engine,"{""Midfielder Archetype 1 (Low xAG)"": 0.9381, ""Midfielder Archetype 2 (High xAG)"": 0.0619}",-0.216,2.187
Kaoru Mitoma,jp JPN,1997.0,2603,36,10,4,9.2,4.6,37,89,146,45,14,52,27.0,Brighton,eng Premier League,"FW,MF",Forward,0.318,0.159,1.279,3.077,5.048,1.556,0.484,1.798,65.4,61.8,57.0,73.4,92.2,82.5,79.7,84.9,kaoru_mitoma_jp_jpn_1997_0,Kaoru Mitoma,2603,1.3580878090597803,0.7262074558967051,0.5334899769028709,-0.317527501649221,2.5704111796969955,-0.1378180519595769,-0.6605113366152889,1.6407777065370857,1,Dynamic Winger / Dribbler,"{""Forward Archetype 1 (Low PrgC)"": 0.0145, ""Forward Archetype 2 (High PrgC)"": 0.9855}",2.987,-0.105
Karim Adeyemi,de GER,2002.0,1433,25,7,6,5.5,6.0,28,28,68,20,7,40,22.0,Dortmund,de Bundesliga,"FW,MF",Forward,0.345,0.377,1.759,1.759,4.271,1.256,0.44,2.512,71.2,97.1,80.9,32.9,85.6,66.3,74.9,95.1,karim_adeyemi_de_ger_2002_0,Karim Adeyemi,1433,1.554445147339939,3.3622012849069898,1.2768872304856116,-1.0881590344905165,1.9723656699015395,-0.5287922748559061,-0.751346137633683,2.7485162632646265,1,Dynamic Winger / Dribbler,"{""Forward Archetype 1 (Low PrgC)"": 0.0, ""Forward Archetype 2 (High PrgC)"": 1.0}",4.826,-0.151
Karol Linetty,pl POL,1995.0,1540,28,1,0,1.1,0.9,10,47,18,39,12,7,29.0,Torino,it Serie A,MF,Midfielder,0.064,0.053,0.584,2.747,1.052,2.279,0.701,0.409,36.2,24.3,18.1,13.6,31.9,69.2,41.7,23.5,karol_linetty_pl_pol_1995_0,Karol Linetty,1540,-0.4891256695757885,-0.5555143141725161,-0.5428872965138056,-0.5104777336959794,-0.5052514421082068,0.804429825220576,-0.21253061341093665,-0.514192679029517,1,Box-to-Box / Pressing Engine,"{""Midfielder Archetype 1 (Low xAG)"": 0.9951, ""Midfielder Archetype 2 (High xAG)"": 0.0049}",-1.17,-0.128
Karol Mets,ee EST,1993.0,900,10,0,0,0.1,0.2,3,54,5,13,12,0,31.0,St. Pauli,de Bundesliga,DF,Defender,0.01,0.02,0.3,5.4,0.5,1.3,1.2,0.0,11.0,33.2,38.6,89.8,23.5,24.5,68.2,4.3,karol_mets_ee_est_1993_0,Karol Mets,900,-0.8818403461361063,-0.9545409029676508,-0.9827306715502604,1.0407251924253844,-0.9301177502254421,-0.47144938883111104,0.8176186072294864,-1.1487375945779261,1,Stopper / Defensive Destroyer,"{""Defender Archetype 1 (Low PrgC)"": 0.9772, ""Defender Archetype 2 (High xAG)"": 0.0011, ""Defender Archetype 3 (Low npxG)"": 0.0217}",-2.148,0.259
Kasey McAteer,ie IRL,2001.0,852,18,1,1,1.0,0.7,9,14,19,23,5,6,22.0,Leicester City,eng Premier League,FW,Forward,0.106,0.074,0.951,1.479,2.007,2.43,0.528,0.634,5.8,20.0,35.9,22.5,46.3,96.9,84.0,29.5,kasey_mcateer_ie_irl_2001_0,Kasey McAteer,852,-0.18368092113998583,-0.3015883031210666,0.025501853621331522,-1.2518743828938266,0.22979805834824177,1.0012201840783954,-0.5696765355968948,-0.16511540274982972,0,Clinical Finisher / Poacher,"{""Forward Archetype 1 (Low PrgC)"": 0.0117, ""Forward Archetype 2 (High PrgC)"": 0.9883}",-0.205,-0.33
Keane Lewis-Potter,eng ENG,2001.0,3093,38,1,3,3.1,3.2,26,98,98,49,21,41,23.0,Brentford,eng Premier League,"DF,FW",Defender,0.09,0.093,0.757,2.852,2.852,1.426,0.611,1.193,88.4,77.7,72.1,34.8,93.2,33.6,13.6,94.8,keane_lewis_potter_eng_eng_2001_0,Keane Lewis-Potter,3093,-0.3000408253060059,-0.07184572169356465,-0.2749545363683594,-0.4490844780447381,0.8801821713175599,-0.307240215214653,-0.3983290700394698,0.7021476969850378,0,Ball-Playing Defender,"{""Defender Archetype 1 (Low PrgC)"": 0.0, ""Defender Archetype 2 (High xAG)"": 0.9921, ""Defender Archetype 3 (Low npxG)"": 0.0079}",0.568,-0.257
Keinan Davis,eng ENG,1998.0,1066,23,2,1,2.9,2.1,20,22,26,9,1,17,26.0,Udinese,it Serie A,FW,Forward,0.245,0.177,1.689,1.857,2.195,0.76,0.084,1.435,44.1,68.8,78.9,37.5,51.0,36.4,12.0,70.7,keinan_davis_eng_eng_1998_0,Keinan Davis,1066,0.8271957463023136,0.9438583225122331,1.1684751310047956,-1.030858662549358,0.374498902417155,-1.1752029900445033,-1.4862822549643255,1.0775997008058569,0,Clinical Finisher / Poacher,"{""Forward Archetype 1 (Low PrgC)"": 0.8671, ""Forward Archetype 2 (High PrgC)"": 0.1329}",2.456,-1.403
Keita Baldé,sn SEN,1995.0,638,11,2,0,1.1,0.2,4,35,19,1,2,5,29.0,Monza,it Serie A,FW,Forward,0.155,0.028,0.564,4.937,2.68,0.141,0.282,0.705,15.7,3.7,9.0,94.0,60.8,1.8,48.2,36.0,keita_bald__sn_sen_1995_0,Keita Baldé,638,0.1726712853684507,-0.8578071844718607,-0.5738621820797531,0.7700101698870537,0.7477962927013202,-1.9819131366205958,-1.0775256503815525,-0.05496212890157293,0,Clinical Finisher / Poacher,"{""Forward Archetype 1 (Low PrgC)"": 0.0, ""Forward Archetype 2 (High PrgC)"": 1.0}",0.459,-1.247
Keito Nakamura,jp JPN,2000.0,2649,32,11,2,9.1,2.9,26,82,90,24,13,30,24.0,Reims,fr Ligue 1,"FW,MF",Forward,0.309,0.099,0.883,2.786,3.058,0.815,0.442,1.019,63.1,35.0,31.6,67.0,69.4,38.8,75.4,52.1,keito_nakamura_jp_jpn_2000_0,Keito Nakamura,2649,1.292635362966394,0.0007045671782781161,-0.07981275730289,-0.4876745244540897,1.038737351520731,-1.10352438251351,-0.7472172830419377,0.43219460332874604,0,Clinical Finisher / Poacher,"{""Forward Archetype 1 (Low PrgC)"": 0.8628, ""Forward Archetype 2 (High PrgC)"": 0.1372}",1.412,-1.412
Kelvin Amian,fr FRA,1998.0,2165,30,1,0,1.0,0.8,13,73,32,55,13,13,26.0,Nantes,fr Ligue 1,DF,Defender,0.042,0.033,0.54,3.035,1.33,2.286,0.54,0.54,52.5,47.3,61.3,40.6,58.2,79.9,8.3,72.0,kelvin_amian_fr_fra_1998_0,Kelvin Amian,2165,-0.6491205378040661,-0.7973486104119917,-0.6110320447588901,-0.3420848039097174,-0.29127891736800504,0.8135525570881572,-0.5449034080464237,-0.3109521315066768,1,Stopper / Defensive Destroyer,"{""Defender Archetype 1 (Low PrgC)"": 0.0002, ""Defender Archetype 2 (High xAG)"": 0.0066, ""Defender Archetype 3 (Low npxG)"": 0.9932}",-1.068,-0.085
Kenan Yıldız,tr TUR,2005.0,2402,35,7,4,4.3,5.0,57,121,115,54,5,59,19.0,Juventus,it Serie A,"FW,MF",Forward,0.161,0.187,2.136,4.534,4.309,2.023,0.187,2.211,18.2,73.9,92.5,92.2,86.0,93.8,30.4,91.1,kenan_y_ld_z_tr_tur_2005_0,Kenan Yıldız,2402,0.21630624943070825,1.064775470631971,1.860763823403723,0.5343770077208606,2.0016137128516394,0.47079848834904214,-1.2736462434894487,2.2815284403304665,1,Dynamic Winger / Dribbler,"{""Forward Archetype 1 (Low PrgC)"": 0.0, ""Forward Archetype 2 (High PrgC)"": 1.0}",3.534,1.26
Kenny Lala,mg MAD,1991.0,2686,30,3,2,0.6,4.3,41,138,58,66,25,15,32.0,Brest,fr Ligue 1,DF,Defender,0.02,0.144,1.374,4.624,1.943,2.211,0.838,0.503,25.1,89.4,91.2,81.3,77.5,76.1,32.0,68.9,kenny_lala_mg_mad_1991_0,Kenny Lala,2686,-0.8091154060323437,0.5448317337170983,0.680620683341122,0.5869997982790673,0.1805381965375478,0.7158090013640747,0.0702959261236084,-0.3683559502726698,0,Ball-Playing Defender,"{""Defender Archetype 1 (Low PrgC)"": 0.0, ""Defender Archetype 2 (High xAG)"": 0.9981, ""Defender Archetype 3 (Low npxG)"": 0.0019}",0.107,1.273
Kenny Tete,nl NED,1995.0,1774,22,0,2,1.4,0.9,9,63,34,56,32,9,28.0,Fulham,eng Premier League,DF,Defender,0.071,0.046,0.457,3.196,1.725,2.841,1.623,0.457,80.4,56.1,54.3,45.2,72.1,94.3,91.5,64.8,kenny_tete_nl_ned_1995_0,Kenny Tete,1774,-0.43821821150315476,-0.6401563178563325,-0.7395778198575724,-0.24794847857781405,0.012746792244871605,1.5368548694463662,1.6908713533835926,-0.43972286008985034,1,Stopper / Defensive Destroyer,"{""Defender Archetype 1 (Low PrgC)"": 0.0001, ""Defender Archetype 2 (High xAG)"": 0.0719, ""Defender Archetype 3 (Low npxG)"": 0.928}",-1.788,1.129
Keven Schlotterbeck,de GER,1997.0,1297,18,3,1,0.8,0.6,7,59,3,19,15,3,27.0,Augsburg,de Bundesliga,DF,Defender,0.056,0.042,0.486,4.094,0.208,1.318,1.041,0.208,67.6,54.0,58.1,71.0,7.9,25.7,54.0,35.7,keven_schlotterbeck_de_ger_1997_0,Keven Schlotterbeck,1297,-0.5473056216587986,-0.6885231771042276,-0.6946642357869485,0.27711003165851644,-1.154865869736733,-0.44799093545733126,0.48937466718574435,-0.8260350458393709,1,Stopper / Defensive Destroyer,"{""Defender Archetype 1 (Low PrgC)"": 0.7526, ""Defender Archetype 2 (High xAG)"": 0.0067, ""Defender Archetype 3 (Low npxG)"": 0.2407}",-1.695,-0.279
Kevin Akpoguma,ng NGA,1995.0,2220,32,0,0,0.1,0.3,7,98,14,54,29,8,29.0,Hoffenheim,de Bundesliga,DF,Defender,0.004,0.012,0.284,3.973,0.568,2.189,1.176,0.324,5.5,22.7,35.8,67.2,27.2,75.0,65.8,50.9,kevin_akpoguma_ng_nga_1995_0,Kevin Akpoguma,2220,-0.9254753101983638,-1.0512746214634412,-1.0075105800030184,0.20636161324137142,-0.8777791470515797,0.6871375583516774,0.7680723521285442,-0.6460663167351766,1,Stopper / Defensive Destroyer,"{""Defender Archetype 1 (Low PrgC)"": 0.9164, ""Defender Archetype 2 (High xAG)"": 0.0014, ""Defender Archetype 3 (Low npxG)"": 0.0823}",-2.226,0.464
Kevin Danso,at AUT,1998.0,1922,22,0,0,0.9,1.1,8,71,20,26,26,3,25.0,"Tottenham, Lens","eng Premier League, fr Ligue 1",DF,Defender,0.042,0.052,0.375,3.325,0.937,1.217,1.217,0.14,52.5,59.2,46.5,49.7,46.9,20.3,70.4,26.1,kevin_danso_at_aut_1998_0,Kevin Danso,1922,-0.6491205378040661,-0.5676060289844899,-0.8665748506779573,-0.1725224787777176,-0.5937652562992974,-0.5796189238324287,0.8527138712593207,-0.9315339560038985,1,Stopper / Defensive Destroyer,"{""Defender Archetype 1 (Low PrgC)"": 0.0137, ""Defender Archetype 2 (High xAG)"": 0.0046, ""Defender Archetype 3 (Low npxG)"": 0.9817}",-1.679,-0.351
Kevin De Bruyne,be BEL,1991.0,1702,28,4,7,5.1,8.0,57,157,51,17,7,13,33.0,Manchester City,eng Premier League,"MF,FW",Midfielder,0.27,0.423,3.014,8.302,2.697,0.899,0.37,0.687,91.9,100.0,99.2,96.0,85.8,6.8,12.3,46.8,kevin_de_bruyne_be_bel_1991_0,Kevin De Bruyne,1702,1.00900809656172,3.918420166257784,3.220561299748819,2.7375178390911197,0.7608809434947857,-0.9940516001025377,-0.8958560483447643,-0.08288831100394776,0,Deep-Lying Playmaker,"{""Midfielder Archetype 1 (Low xAG)"": 0.0, ""Midfielder Archetype 2 (High xAG)"": 1.0}",4.469,1.786
Kevin Kampl,si SVN,1990.0,1593,26,1,0,0.8,1.4,16,106,21,27,24,13,33.0,RB Leipzig,de Bundesliga,MF,Midfielder,0.045,0.079,0.904,5.989,1.186,1.525,1.356,0.734,23.8,42.6,42.3,81.3,40.5,30.3,84.9,52.0,kevin_kampl_si_svn_1990_0,Kevin Kampl,1593,-0.6273030557729373,-0.24112972906119762,-0.04728912745864507,1.3851121217452045,-0.4021136064420665,-0.1782187216588644,1.139669265385611,-0.00996994662552432,1,Box-to-Box / Pressing Engine,"{""Midfielder Archetype 1 (Low xAG)"": 0.9987, ""Midfielder Archetype 2 (High xAG)"": 0.0013}",-0.784,1.214
Kevin Schade,de GER,2001.0,2293,38,11,2,8.2,3.7,23,38,61,39,5,30,22.0,Brentford,eng Premier League,FW,Forward,0.322,0.145,0.903,1.491,2.394,1.531,0.196,1.177,66.7,55.4,32.9,23.7,56.1,80.5,32.0,59.6,kevin_schade_de_ger_2001_0,Kevin Schade,2293,1.3871777851012854,0.556923448529072,-0.04883787173694244,-1.244858010819399,0.5276662852347817,-0.17039923720093783,-1.255066397826595,0.6773244240051488,0,Clinical Finisher / Poacher,"{""Forward Archetype 1 (Low PrgC)"": 0.9257, ""Forward Archetype 2 (High PrgC)"": 0.0743}",1.557,-1.517
Kevin Stöger,at AUT,1993.0,1551,31,3,3,2.3,5.3,54,121,40,37,16,17,30.0,Gladbach,de Bundesliga,MF,Midfielder,0.133,0.308,3.133,7.021,2.321,2.147,0.928,0.986,69.2,98.7,99.3,92.0,77.9,62.5,61.0,70.0,kevin_st_ger_at_aut_1993_0,Kevin Stöger,1551,0.01267641714017313,2.527872962880799,3.404861868866207,1.9885201201459761,0.47147925535695895,0.6324011671461911,0.2560943827521418,0.38099660280772535,0,Deep-Lying Playmaker,"{""Midfielder Archetype 1 (Low xAG)"": 0.0, ""Midfielder Archetype 2 (High xAG)"": 1.0}",2.945,2.871
Kevin Vogt,de GER,1991.0,1367,18,1,0,0.0,0.0,2,70,11,12,9,4,32.0,Union Berlin,de Bundesliga,DF,Defender,0.0,0.0,0.132,4.609,0.724,0.79,0.593,0.263,2.6,4.3,13.5,81.1,36.4,3.1,12.3,43.6,kevin_vogt_de_ger_1991_0,Kevin Vogt,1367,-0.9545652862398688,-1.1963751992071265,-1.2429197103042198,0.5782293331860331,-0.7577082338880133,-1.1361055677548706,-0.4354887613651765,-0.7407050449710029,1,Stopper / Defensive Destroyer,"{""Defender Archetype 1 (Low PrgC)"": 0.9909, ""Defender Archetype 2 (High xAG)"": 0.0004, ""Defender Archetype 3 (Low npxG)"": 0.0087}",-1.647,-0.794
Khalil Fayad,fr FRA,2004.0,1028,20,0,0,1.3,0.3,7,50,25,31,10,17,20.0,Montpellier,fr Ligue 1,"MF,FW",Midfielder,0.114,0.026,0.613,4.377,2.189,2.714,0.875,1.488,63.8,9.4,20.6,52.1,73.3,83.9,56.7,87.1,khalil_fayad_fr_fra_2004_0,Khalil Fayad,1028,-0.12550096905697575,-0.8819906140958083,-0.49797371244318167,0.44257947308043316,0.3698807903724026,1.3713424484202532,0.14667973607089435,1.1598267925517387,1,Box-to-Box / Pressing Engine,"{""Midfielder Archetype 1 (Low xAG)"": 0.6787, ""Midfielder Archetype 2 (High xAG)"": 0.3213}",-0.303,1.015
Khvicha Kvaratskhelia,ge GEO,2001.0,2094,31,9,6,6.699999999999999,8.600000000000001,53,100,124,34,6,44,23.0,"Napoli, Paris S-G","it Serie A, fr Ligue 1","FW,MF",Forward,0.288,0.37,2.278,4.298,5.33,1.461,0.258,1.891,58.2,96.8,93.8,90.7,94.5,77.2,44.6,86.5,khvicha_kvaratskhelia_ge_geo_2001_0,Khvicha Kvaratskhelia,2094,1.1399129887484925,3.2775592812231733,2.0806855109219504,0.3963883569237851,2.787462445800366,-0.2616265558767477,-1.1270719054824945,1.7850629807326897,1,Dynamic Winger / Dribbler,"{""Forward Archetype 1 (Low PrgC)"": 0.0001, ""Forward Archetype 2 (High PrgC)"": 0.9999}",5.14,0.995
Khéphren Thuram,fr FRA,2001.0,2326,35,4,5,3.5,3.6,25,123,74,44,14,39,23.0,Juventus,it Serie A,MF,Midfielder,0.135,0.139,0.967,4.759,2.863,1.702,0.542,1.509,70.0,69.0,46.3,62.9,87.9,39.7,28.4,87.6,kh_phren_thuram_fr_fra_2001_0,Khéphren Thuram,2326,0.027221405160925655,0.4843731596572296,0.05028176207408957,0.665933984116378,0.888648710066273,0.052456069849969804,-0.5407745534546785,1.1924073383378426,0,Deep-Lying Playmaker,"{""Midfielder Archetype 1 (Low xAG)"": 0.0137, ""Midfielder Archetype 2 (High xAG)"": 0.9863}",1.322,0.594
Ki-Jana Hoever,nl NED,2002.0,2124,30,1,2,0.5,2.7,24,79,59,51,21,9,22.0,Auxerre,fr Ligue 1,DF,Defender,0.021,0.114,1.017,3.347,2.5,2.161,0.89,0.381,26.7,84.0,82.1,51.5,89.6,72.9,37.9,56.9,ki_jana_hoever_nl_ned_2002_0,Ki-Jana Hoever,2124,-0.8018429120219674,0.18208028935788487,0.1277189759889583,-0.15965912997460047,0.6092529313587434,0.6506466308813534,0.17764614550898325,-0.5576334067443225,0,Ball-Playing Defender,"{""Defender Archetype 1 (Low PrgC)"": 0.0, ""Defender Archetype 2 (High xAG)"": 0.3794, ""Defender Archetype 3 (Low npxG)"": 0.6206}",-0.263,0.727
Kialonda,ao ANG,1997.0,2144,24,0,1,1.1,0.4,6,34,4,34,32,8,26.0,Lecce,it Serie A,DF,Defender,0.046,0.017,0.252,1.427,0.168,1.427,1.343,0.336,57.8,28.8,32.0,2.1,6.0,33.8,78.5,52.6,kialonda_ao_ang_1997_0,Kialonda,2144,-0.6200305617625611,-0.9908160474035722,-1.0570703969085347,-1.2822786618830129,-1.1856532833684168,-0.3059369678049984,1.112831710539267,-0.6274488620002598,1,Stopper / Defensive Destroyer,"{""Defender Archetype 1 (Low PrgC)"": 0.9911, ""Defender Archetype 2 (High xAG)"": 0.0001, ""Defender Archetype 3 (Low npxG)"": 0.0088}",-2.277,-0.903
Kieran Trippier,eng ENG,1990.0,1309,25,0,3,0.1,1.4,22,117,26,38,12,4,33.0,Newcastle Utd,eng Premier League,DF,Defender,0.007,0.096,1.513,8.044,1.788,2.613,0.825,0.275,7.9,79.0,93.6,99.2,74.2,90.6,30.8,45.3,kieran_trippier_eng_eng_1990_0,Kieran Trippier,1309,-0.903657828167235,-0.03557057725764327,0.895896138024457,2.5866658394909274,0.0612369687147734,1.2397144600451557,0.04345837127726468,-0.7220875902360862,0,Ball-Playing Defender,"{""Defender Archetype 1 (Low PrgC)"": 0.0, ""Defender Archetype 2 (High xAG)"": 1.0, ""Defender Archetype 3 (Low npxG)"": 0.0}",-0.25,2.535
Kike Pérez,es ESP,1997.0,2305,35,3,0,3.0,2.2,33,127,37,78,17,21,27.0,"Venezia, Valladolid","it Serie A, es La Liga",MF,Midfielder,0.117,0.086,1.289,4.959,1.445,3.046,0.664,0.82,65.0,46.3,65.8,66.3,51.3,92.0,38.3,59.2,kike_p_rez_es_esp_1997_0,Kike Pérez,2305,-0.10368348702584695,-0.15648772537738123,0.5489774196858447,0.7828735186901706,-0.20276510317691437,1.8040205884255238,-0.28891442335822237,0.1234551456413783,1,Box-to-Box / Pressing Engine,"{""Midfielder Archetype 1 (Low xAG)"": 0.9952, ""Midfielder Archetype 2 (High xAG)"": 0.0048}",-0.066,1.377
Kike Salas,es ESP,2002.0,2238,31,3,2,1.9,0.6,6,59,7,47,32,3,22.0,Sevilla,es La Liga,DF,Defender,0.076,0.024,0.241,2.373,0.282,1.89,1.287,0.121,83.0,37.2,29.7,20.2,12.2,61.2,74.9,22.4,kike_salas_es_esp_2002_0,Kike Salas,2238,-0.40185574145127345,-0.9061740437197559,-1.0741065839698056,-0.729154663348972,-1.0979091545181183,0.2974665828650026,0.9972237819704018,-0.9610115926675166,1,Stopper / Defensive Destroyer,"{""Defender Archetype 1 (Low PrgC)"": 0.9945, ""Defender Archetype 2 (High xAG)"": 0.0003, ""Defender Archetype 3 (Low npxG)"": 0.0053}",-2.306,-0.441
Kiko Femenía,es ESP,1991.0,2227,28,0,1,0.4,1.3,16,112,52,50,40,17,33.0,Villarreal,es La Liga,DF,Defender,0.016,0.053,0.647,4.526,2.101,2.021,1.617,0.687,20.0,60.0,66.8,79.5,81.3,68.0,91.2,80.1,kiko_femen_a_es_esp_1991_0,Kiko Femenía,2227,-0.8382053820738488,-0.5555143141725161,-0.44531640698107083,0.5296994263379089,0.30214848038269837,0.468191993529733,1.6784847896083572,-0.08288831100394776,0,Ball-Playing Defender,"{""Defender Archetype 1 (Low PrgC)"": 0.0, ""Defender Archetype 2 (High xAG)"": 0.0269, ""Defender Archetype 3 (Low npxG)"": 0.9731}",-1.245,1.336
Kiké,es ESP,1989.0,2542,35,13,0,7.2,0.9,13,50,25,19,1,13,34.0,Alavés,es La Liga,FW,Forward,0.255,0.032,0.46,1.77,0.885,0.673,0.035,0.46,47.9,5.2,4.9,33.8,14.4,30.9,6.2,18.7,kik__es_esp_1989_0,Kiké,2542,0.8999206864060763,-0.8094403252239655,-0.7349315870226802,-1.0817273600889579,-0.6337888940204863,-1.288585514684439,-1.5874391924620823,-0.43506849640612116,0,Clinical Finisher / Poacher,"{""Forward Archetype 1 (Low PrgC)"": 0.9986, ""Forward Archetype 2 (High PrgC)"": 0.0014}",-0.152,-2.697
Kilian Fischer,de GER,2000.0,2297,32,1,0,0.3,0.5,12,110,51,64,19,10,23.0,Wolfsburg,de Bundesliga,DF,Defender,0.012,0.02,0.47,4.31,1.998,2.508,0.744,0.392,14.3,33.2,56.4,76.3,78.6,86.9,24.2,58.3,kilian_fischer_de_ger_2000_0,Kilian Fischer,2297,-0.8672953581153539,-0.9545409029676508,-0.7194441442397066,0.4034047289982124,0.22287089028111284,1.1028734820314408,-0.12376023968841515,-0.5405674065706488,1,Stopper / Defensive Destroyer,"{""Defender Archetype 1 (Low PrgC)"": 0.0, ""Defender Archetype 2 (High xAG)"": 0.0087, ""Defender Archetype 3 (Low npxG)"": 0.9912}",-1.281,0.719
Kiliann Sildillia,fr FRA,2002.0,801,21,2,0,0.5,0.7,7,29,11,17,11,6,22.0,Freiburg,de Bundesliga,DF,Defender,0.056,0.079,0.787,3.258,1.236,1.91,1.236,0.674,67.6,72.7,73.5,48.3,55.9,62.0,72.6,79.4,kiliann_sildillia_fr_fra_2002_0,Kiliann Sildillia,801,-0.5473056216587986,-0.24112972906119762,-0.22849220801943812,-0.21169722285993833,-0.36362933940246184,0.32353153105809124,0.8919379898808998,-0.10305722030010749,1,Stopper / Defensive Destroyer,"{""Defender Archetype 1 (Low PrgC)"": 0.0, ""Defender Archetype 2 (High xAG)"": 0.0797, ""Defender Archetype 3 (Low npxG)"": 0.9203}",-0.955,0.434
Kim Min-jae,kr KOR,1996.0,2283,27,2,0,1.6,0.3,6,181,16,35,37,3,27.0,Bayern Munich,de Bundesliga,DF,Defender,0.063,0.012,0.237,7.135,0.631,1.38,1.459,0.118,74.2,22.7,28.8,98.1,31.3,30.5,84.8,21.5,kim_min_jae_kr_kor_1996_0,Kim Min-jae,2283,-0.4963981635861648,-1.0512746214634412,-1.0803015610829954,2.055175654853038,-0.8292889705816779,-0.36718959605875684,1.352305276860488,-0.9656659563512457,1,Stopper / Defensive Destroyer,"{""Defender Archetype 1 (Low PrgC)"": 0.9673, ""Defender Archetype 2 (High xAG)"": 0.006, ""Defender Archetype 3 (Low npxG)"": 0.0268}",-2.137,0.914
Kingsley Coman,fr FRA,1996.0,1282,28,5,4,4.3,3.3,32,45,66,17,8,39,28.0,Bayern Munich,de Bundesliga,FW,Forward,0.302,0.232,2.246,3.159,4.633,1.193,0.562,2.738,60.9,84.6,92.9,75.2,88.9,62.9,87.4,96.9,kingsley_coman_fr_fra_1996_0,Kingsley Coman,1282,1.2417279048937602,1.6089026371707915,2.031125694016434,-0.269582292473966,2.250991763268277,-0.610896861664135,-0.49948600753722666,3.0991449941055564,1,Dynamic Winger / Dribbler,"{""Forward Archetype 1 (Low PrgC)"": 0.0001, ""Forward Archetype 2 (High PrgC)"": 0.9999}",4.498,0.438
Kingsley Ehizibue,nl NED,1995.0,2498,33,0,1,1.2,2.2,22,55,54,55,23,12,29.0,Udinese,it Serie A,DF,Defender,0.043,0.079,0.793,1.982,1.946,1.982,0.829,0.432,54.1,72.7,74.0,9.9,77.7,66.3,31.2,62.1,kingsley_ehizibue_nl_ned_1995_0,Kingsley Ehizibue,2498,-0.6418480437936899,-0.24112972906119762,-0.21919974234965384,-0.9577714534407374,0.18284725255992398,0.41736534455321034,0.05171608046075505,-0.4785092241209267,0,Ball-Playing Defender,"{""Defender Archetype 1 (Low PrgC)"": 0.0, ""Defender Archetype 2 (High xAG)"": 0.0687, ""Defender Archetype 3 (Low npxG)"": 0.9313}",-0.672,-0.156
Kirian Rodríguez,es ESP,1996.0,1758,21,0,3,1.6,1.5,16,128,25,33,10,11,28.0,Las Palmas,es La Liga,MF,Midfielder,0.082,0.077,0.819,6.553,1.28,1.689,0.512,0.563,47.6,40.8,36.5,86.9,45.8,39.3,24.9,37.8,kirian_rodr_guez_es_esp_1996_0,Kirian Rodríguez,1758,-0.3582207773890159,-0.2653131586851452,-0.17893239111392217,1.7148816092433006,-0.3297631844076097,0.03551385352446234,-0.6027073723308564,-0.2752686765980867,1,Box-to-Box / Pressing Engine,"{""Midfielder Archetype 1 (Low xAG)"": 0.9718, ""Midfielder Archetype 2 (High xAG)"": 0.0282}",-0.269,0.681
Ko Itakura,jp JPN,1997.0,2790,31,3,0,1.6,0.8,7,69,23,40,28,12,27.0,Gladbach,de Bundesliga,DF,Defender,0.052,0.026,0.226,2.226,0.742,1.29,0.903,0.387,63.6,39.8,26.9,15.2,38.1,24.0,39.4,57.8,ko_itakura_jp_jpn_1997_0,Ko Itakura,2790,-0.5763955977003037,-0.8819906140958083,-1.0973377481442663,-0.8151052212607101,-0.7438538977537557,-0.4844818629276554,0.20448370035532695,-0.5483246793768641,1,Stopper / Defensive Destroyer,"{""Defender Archetype 1 (Low PrgC)"": 0.8725, ""Defender Archetype 2 (High xAG)"": 0.0017, ""Defender Archetype 3 (Low npxG)"": 0.1258}",-1.645,-1.003
Kobbie Mainoo,eng ENG,2005.0,1651,25,0,0,0.7,1.6,14,65,22,46,19,23,19.0,Manchester Utd,eng Premier League,MF,Midfielder,0.038,0.087,0.763,3.543,1.199,2.508,1.036,1.254,19.7,46.8,32.0,31.3,41.1,78.1,68.1,79.9,kobbie_mainoo_eng_eng_2005_0,Kobbie Mainoo,1651,-0.6782105138455711,-0.14439601056540743,-0.26566207069857517,-0.04505838609228327,-0.3921076970117692,1.1028734820314408,0.47905253070638165,0.796786425220864,1,Box-to-Box / Pressing Engine,"{""Midfielder Archetype 1 (Low xAG)"": 0.9805, ""Midfielder Archetype 2 (High xAG)"": 0.0195}",-0.606,0.957
Koji Miyoshi,jp JPN,1997.0,464,15,1,0,1.1,0.8,5,15,11,8,2,5,27.0,Bochum,de Bundesliga,"FW,MF",Forward,0.213,0.155,0.97,2.909,2.134,1.552,0.388,0.97,33.9,60.1,38.4,70.7,49.9,82.2,67.2,49.7,koji_miyoshi_jp_jpn_1997_0,Koji Miyoshi,464,0.5944759379702734,0.67784059664881,0.0549279949089817,-0.4157567106912072,0.3275480966288374,-0.14303104159819463,-0.8586963570190577,0.3561733298278365,0,Clinical Finisher / Poacher,"{""Forward Archetype 1 (Low PrgC)"": 0.8894, ""Forward Archetype 2 (High PrgC)"": 0.1106}",1.099,-0.622
Koka,eg EGY,1993.0,851,16,3,1,4.2,0.6,5,12,0,4,4,6,31.0,Le Havre,fr Ligue 1,FW,Forward,0.444,0.063,0.529,1.269,0.0,0.423,0.423,0.635,84.3,14.0,7.3,16.6,0.3,13.7,72.2,29.8,koka_eg_egy_1993_0,Koka,851,2.2744220543671885,-0.43459716605277815,-0.6280682318201612,-1.3746608941963094,-1.3149604206214884,-1.6143973670980465,-0.7864414016635171,-0.16356394818858666,0,Clinical Finisher / Poacher,"{""Forward Archetype 1 (Low PrgC)"": 0.9993, ""Forward Archetype 2 (High PrgC)"": 0.0007}",0.093,-3.262
Koke,es ESP,1992.0,1926,32,1,1,1.1,1.4,16,132,22,46,20,9,32.0,Atlético Madrid,es La Liga,MF,Midfielder,0.051,0.065,0.748,6.168,1.028,2.15,0.935,0.421,28.2,33.1,30.8,83.9,30.5,62.7,61.5,25.0,koke_es_esp_1992_0,Koke,1926,-0.5836680917106799,-0.4104137364288306,-0.28889323487303586,1.4897730051887492,-0.5237238902872171,0.6363109093751546,0.27054537382324995,-0.4955752242946003,1,Box-to-Box / Pressing Engine,"{""Midfielder Archetype 1 (Low xAG)"": 0.9941, ""Midfielder Archetype 2 (High xAG)"": 0.0059}",-1.041,1.173
Koni De Winter,be BEL,2002.0,2135,25,3,0,2.1,0.2,3,56,10,33,25,6,22.0,Genoa,it Serie A,DF,Defender,0.089,0.008,0.126,2.361,0.422,1.391,1.054,0.253,88.0,15.2,12.7,19.8,19.7,31.1,55.3,41.7,koni_de_winter_be_bel_2002_0,Koni De Winter,2135,-0.30731331931638217,-1.0996414807113362,-1.252212175974004,-0.7361710354233997,-0.9901532068072253,-0.35285387455255796,0.5162122220320883,-0.7562195905834335,1,Stopper / Defensive Destroyer,"{""Defender Archetype 1 (Low PrgC)"": 0.9993, ""Defender Archetype 2 (High xAG)"": 0.0002, ""Defender Archetype 3 (Low npxG)"": 0.0005}",-2.039,-1.029
Konrad Laimer,at AUT,1997.0,1699,29,2,2,2.1,2.7,20,141,87,49,8,17,27.0,Bayern Munich,de Bundesliga,DF,Defender,0.111,0.143,1.059,7.469,4.609,2.596,0.424,0.901,93.4,89.1,84.0,98.5,99.3,90.5,4.1,88.4,konrad_laimer_at_aut_1997_0,Konrad Laimer,1699,-0.1473184510881045,0.5327400189051245,0.19276623567744816,2.2504646775912724,2.232519315089267,1.2175592540810307,-0.7843769743676444,0.2491229651020658,0,Ball-Playing Defender,"{""Defender Archetype 1 (Low PrgC)"": 0.0, ""Defender Archetype 2 (High xAG)"": 1.0, ""Defender Archetype 3 (Low npxG)"": 0.0}",1.518,2.177
Konstantinos Koulierakis,gr GRE,2003.0,2468,30,0,2,1.0,1.0,10,104,20,40,33,7,20.0,Wolfsburg,de Bundesliga,DF,Defender,0.036,0.036,0.365,3.793,0.729,1.459,1.203,0.255,45.2,49.9,45.9,62.8,36.6,35.6,69.0,42.0,konstantinos_koulierakis_gr_gre_2003_0,Konstantinos Koulierakis,2468,-0.6927555018663236,-0.7610734659760703,-0.882062293460931,0.10111603212495793,-0.7538598071840529,-0.2642330506960566,0.8238118891171045,-0.7531166814609473,1,Stopper / Defensive Destroyer,"{""Defender Archetype 1 (Low PrgC)"": 0.8418, ""Defender Archetype 2 (High xAG)"": 0.0008, ""Defender Archetype 3 (Low npxG)"": 0.1574}",-1.813,-0.072
Konstantinos Mavropanos,gr GRE,1997.0,2045,33,0,0,1.5,0.5,5,61,17,35,40,9,26.0,West Ham,eng Premier League,DF,Defender,0.066,0.022,0.22,2.685,0.748,1.54,1.76,0.396,77.0,35.0,26.3,29.3,38.2,39.8,94.4,58.9,konstantinos_mavropanos_gr_gre_1997_0,Konstantinos Mavropanos,2045,-0.47458068155503597,-0.9303574733437034,-1.1066302138140507,-0.5467289894138552,-0.7392357857090031,-0.1586700105140478,1.9736978929181377,-0.5343615883256766,1,Stopper / Defensive Destroyer,"{""Defender Archetype 1 (Low PrgC)"": 0.967, ""Defender Archetype 2 (High xAG)"": 0.0002, ""Defender Archetype 3 (Low npxG)"": 0.0328}",-2.273,-0.072
Kosta Nedeljković,rs SRB,2005.0,605,15,0,0,0.5,0.3,3,22,11,18,2,2,18.0,"Aston Villa, RB Leipzig","eng Premier League, de Bundesliga",DF,Defender,0.074,0.045,0.446,3.273,1.636,2.678,0.298,0.298,82.1,55.3,53.1,48.7,68.6,91.8,1.3,48.7,kosta_nedeljkovi__rs_srb_2005_0,Kosta Nedeljković,605,-0.416400729472026,-0.6522480326683063,-0.7566140069188435,-0.20292675776690378,-0.055755203085624795,1.3244255416726938,-1.0444948136475911,-0.686404135327496,1,Stopper / Defensive Destroyer,"{""Defender Archetype 1 (Low PrgC)"": 0.0002, ""Defender Archetype 2 (High xAG)"": 0.0214, ""Defender Archetype 3 (Low npxG)"": 0.9783}",-0.953,-0.047
Kostas Tsimikas,gr GRE,1996.0,837,18,0,1,0.4,2.1,16,76,17,31,11,5,28.0,Liverpool,eng Premier League,DF,Defender,0.043,0.226,1.72,8.172,1.828,3.333,1.183,0.538,54.1,97.2,96.0,99.3,75.1,98.4,66.5,71.8,kostas_tsimikas_gr_gre_1996_0,Kostas Tsimikas,837,-0.6418480437936899,1.5363523482989487,1.216486203632014,2.661507141618155,0.09202438234645714,2.178052594996346,0.7825233431996526,-0.3140550406291629,0,Ball-Playing Defender,"{""Defender Archetype 1 (Low PrgC)"": 0.0, ""Defender Archetype 2 (High xAG)"": 1.0, ""Defender Archetype 3 (Low npxG)"": 0.0}",0.46,3.649
Kristijan Jakić,hr CRO,1997.0,2306,31,0,1,0.8,1.2,16,106,24,46,28,14,27.0,Augsburg,de Bundesliga,MF,Midfielder,0.031,0.047,0.624,4.137,0.937,1.795,1.093,0.546,12.9,21.0,21.6,46.1,26.4,46.4,71.2,36.0,kristijan_jaki__hr_cro_1997_0,Kristijan Jakić,2306,-0.7291179719182049,-0.6280646030443587,-0.48093752538191054,0.30225203159188146,-0.5937652562992974,0.17365807894783178,0.5967248865711192,-0.3016434041392185,1,Box-to-Box / Pressing Engine,"{""Midfielder Archetype 1 (Low xAG)"": 0.9981, ""Midfielder Archetype 2 (High xAG)"": 0.0019}",-1.323,0.402
Kristjan Asllani,al ALB,2002.0,980,21,2,2,0.9,1.9,15,55,7,14,9,1,22.0,Inter,it Serie A,MF,Midfielder,0.083,0.174,1.378,5.051,0.643,1.286,0.827,0.092,48.3,79.8,70.6,68.0,13.1,17.2,52.6,1.6,kristjan_asllani_al_alb_2002_0,Kristjan Asllani,980,-0.35094828337863965,0.9075831780763117,0.6868156604543112,0.8366657045941156,-0.8200527464921727,-0.4896948525662731,0.04758722586900986,-1.0060037749435653,1,Box-to-Box / Pressing Engine,"{""Midfielder Archetype 1 (Low xAG)"": 0.1575, ""Midfielder Archetype 2 (High xAG)"": 0.8425}",-0.029,0.392
Kristoffer Ajer,no NOR,1998.0,1438,24,0,0,1.0,1.2,8,56,27,26,12,7,26.0,Brentford,eng Premier League,DF,Defender,0.063,0.075,0.501,3.505,1.69,1.627,0.751,0.438,74.2,71.6,59.4,56.0,70.7,47.0,24.6,62.6,kristoffer_ajer_no_nor_1998_0,Kristoffer Ajer,1438,-0.4963981635861648,-0.2894965883090928,-0.6714330716124879,-0.06727689766130408,-0.014192194682851749,-0.04528748587411241,-0.109309248617307,-0.46920049675346837,1,Stopper / Defensive Destroyer,"{""Defender Archetype 1 (Low PrgC)"": 0.0, ""Defender Archetype 2 (High xAG)"": 0.0796, ""Defender Archetype 3 (Low npxG)"": 0.9204}",-0.743,-0.179
Krépin Diatta,sn SEN,1999.0,508,19,0,0,0.2,0.8,4,21,17,18,9,8,25.0,Monaco,fr Ligue 1,"DF,FW",Defender,0.035,0.142,0.709,3.72,3.012,3.189,1.594,1.417,44.1,88.6,69.7,61.1,94.7,97.3,90.5,96.9,kr_pin_diatta_sn_sen_1999_0,Krépin Diatta,508,-0.7000279958766998,0.5206483040931507,-0.3492942617266336,0.05843310200552353,1.003331825844295,1.9903849680061079,1.6310029618032877,1.0496735187034818,0,Ball-Playing Defender,"{""Defender Archetype 1 (Low PrgC)"": 0.0, ""Defender Archetype 2 (High xAG)"": 1.0, ""Defender Archetype 3 (Low npxG)"": 0.0}",-0.19,2.29
Kyle Walker,eng ENG,1990.0,1629,26,0,0,0.1,1.3,13,96,23,34,12,8,34.0,"Manchester City, Milan","eng Premier League, it Serie A",DF,Defender,0.006,0.072,0.718,5.304,1.271,1.878,0.663,0.442,7.0,70.4,70.3,88.8,57.0,60.4,17.2,63.3,kyle_walker_eng_eng_1990_0,Kyle Walker,1629,-0.9109303221776113,-0.3257717327450142,-0.3353555632219572,0.9845942158299638,-0.3366903524747386,0.28182761394914946,-0.29097885065409496,-0.4629946785084962,0,Ball-Playing Defender,"{""Defender Archetype 1 (Low PrgC)"": 0.0002, ""Defender Archetype 2 (High xAG)"": 0.2861, ""Defender Archetype 3 (Low npxG)"": 0.7137}",-0.812,0.676
Kyle Walker-Peters,eng ENG,1997.0,2918,33,0,2,0.8,2.8,24,139,114,44,19,38,27.0,Southampton,eng Premier League,DF,Defender,0.025,0.086,0.74,4.287,3.516,1.357,0.586,1.172,32.0,74.7,71.3,75.3,97.2,28.8,11.7,94.7,kyle_walker_peters_eng_eng_1997_0,Kyle Walker-Peters,2918,-0.7727529359804625,-0.15648772537738123,-0.30128318909941487,0.3899566825222264,1.3912532376035096,-0.3971642864808086,-0.44993975243628465,0.6695671511989334,0,Ball-Playing Defender,"{""Defender Archetype 1 (Low PrgC)"": 0.0, ""Defender Archetype 2 (High xAG)"": 0.8524, ""Defender Archetype 3 (Low npxG)"": 0.1476}",0.652,0.384
Kylian Mbappé,fr FRA,1998.0,2907,34,31,3,18.6,7.7,51,140,150,8,1,83,25.0,Real Madrid,es La Liga,FW,Forward,0.576,0.238,1.579,4.334,4.644,0.248,0.031,2.57,94.7,85.8,75.8,91.1,89.1,5.1,5.5,96.0,kylian_mbapp__fr_fra_1998_0,Kylian Mbappé,2907,3.2343912637368537,1.6814529260426339,0.9981132603920839,0.4174374731470676,2.2594583020169905,-1.8424656637875718,-1.5956969016455729,2.8385006278167233,1,Dynamic Winger / Dribbler,"{""Forward Archetype 1 (Low PrgC)"": 0.0003, ""Forward Archetype 2 (High PrgC)"": 0.9997}",5.234,-1.302
Kévin Danois,fr FRA,2004.0,1460,22,0,0,1.5,2.2,25,95,19,49,20,21,20.0,Auxerre,fr Ligue 1,MF,Midfielder,0.092,0.136,1.541,5.856,1.171,3.021,1.233,1.295,52.8,67.6,76.6,78.4,39.8,91.2,78.1,81.4,k_vin_danois_fr_fra_2004_0,Kévin Danois,1460,-0.2854958372852534,0.4480980152213082,0.9392609778167836,1.3073473312536321,-0.4136588865539478,1.7714394031841634,0.8857447079932823,0.8603960622318291,1,Box-to-Box / Pressing Engine,"{""Midfielder Archetype 1 (Low xAG)"": 0.977, ""Midfielder Archetype 2 (High xAG)"": 0.023}",0.168,2.424
Ladislav Krejčí,cz CZE,1999.0,2440,28,2,0,1.7,0.3,8,144,29,23,34,7,25.0,Girona,es La Liga,DF,Defender,0.063,0.011,0.295,5.311,1.07,0.848,1.254,0.258,74.2,20.6,37.8,89.2,51.9,4.3,73.7,42.6,ladislav_krej___cz_cze_1999_0,Ladislav Krejčí,2440,-0.4963981635861648,-1.063366336275415,-0.9904743929417476,0.9886870995400464,-0.49139710597394914,-1.0605172179949136,0.9290976812066065,-0.7484623177772182,1,Stopper / Defensive Destroyer,"{""Defender Archetype 1 (Low PrgC)"": 0.9926, ""Defender Archetype 2 (High xAG)"": 0.0003, ""Defender Archetype 3 (Low npxG)"": 0.007}",-1.669,-0.075
Lamare Bogarde,nl NED,2004.0,476,8,0,0,0.0,0.1,2,14,12,14,1,2,20.0,Aston Villa,eng Premier League,"DF,MF",Defender,0.0,0.019,0.378,2.647,2.269,2.647,0.189,0.378,2.6,31.6,47.1,27.5,85.2,91.1,0.4,56.6,lamare_bogarde_nl_ned_2004_0,Lamare Bogarde,476,-0.9545652862398688,-0.9666326177796246,-0.8619286178430652,-0.5689475009828759,0.43145561763577006,1.2840248719734062,-1.2695173888977034,-0.5622877704280517,1,Stopper / Defensive Destroyer,"{""Defender Archetype 1 (Low PrgC)"": 0.0, ""Defender Archetype 2 (High xAG)"": 0.0008, ""Defender Archetype 3 (Low npxG)"": 0.9992}",-0.996,-0.113
Lameck Banda,zm ZAM,2001.0,610,15,0,1,1.2,1.1,11,7,27,8,2,10,23.0,Lecce,it Serie A,"FW,MF",Forward,0.177,0.162,1.623,1.033,3.984,1.18,0.295,1.475,22.6,63.4,77.8,8.6,82.9,61.6,51.3,72.4,lameck_banda_zm_zam_2001_0,Lameck Banda,610,0.33266615359672824,0.7624826003326265,1.0662580086371687,-1.512649544993385,1.751465977094209,-0.6278390779896428,-1.0506880955352087,1.139657883255579,1,Dynamic Winger / Dribbler,"{""Forward Archetype 1 (Low PrgC)"": 0.0024, ""Forward Archetype 2 (High PrgC)"": 0.9976}",2.511,-0.826
Lamine Camara,sn SEN,2004.0,2054,29,2,7,2.3,4.4,44,141,25,66,31,12,20.0,Monaco,fr Ligue 1,MF,Midfielder,0.101,0.193,1.928,6.178,1.095,2.892,1.358,0.526,57.1,84.4,88.1,84.2,34.5,88.6,85.2,34.4,lamine_camara_sn_sen_2004_0,Lamine Camara,2054,-0.22004339119186703,1.1373257595038138,1.5386250135178683,1.495619981917439,-0.4721549724541469,1.6033204873387417,1.1437981199773561,-0.33267249536407956,1,Box-to-Box / Pressing Engine,"{""Midfielder Archetype 1 (Low xAG)"": 0.9463, ""Midfielder Archetype 2 (High xAG)"": 0.0537}",0.219,2.591
Lamine Yamal,es ESP,2007.0,2856,35,9,13,9.8,13.9,64,160,181,42,16,161,17.0,Barcelona,es La Liga,FW,Forward,0.309,0.438,2.017,5.042,5.704,1.324,0.504,5.074,63.1,99.1,90.0,95.1,96.0,71.6,81.4,99.8,lamine_yamal_es_esp_2007_0,Lamine Yamal,2856,1.292635362966394,4.0997958884373915,1.6764632542863347,0.8314034255382947,3.0753247632566083,-0.4401714509994047,-0.619222790697837,6.723342849169332,1,Dynamic Winger / Dribbler,"{""Forward Archetype 1 (Low PrgC)"": 0.0, ""Forward Archetype 2 (High PrgC)"": 1.0}",7.37,2.067
Lars Ritzka,de GER,1998.0,922,21,1,0,0.4,0.2,5,21,8,49,11,0,26.0,St. Pauli,de Bundesliga,"DF,MF",Defender,0.039,0.02,0.488,2.05,0.781,4.783,1.074,0.0,48.2,33.2,58.3,11.1,39.7,99.9,56.9,4.3,lars_ritzka_de_ger_1998_0,Lars Ritzka,922,-0.6709380198351949,-0.9545409029676508,-0.6915667472303537,-0.9180120116856479,-0.713836169462864,4.06776133899527,0.5575007679495402,-1.1487375945779261,1,Stopper / Defensive Destroyer,"{""Defender Archetype 1 (Low PrgC)"": 0.0, ""Defender Archetype 2 (High xAG)"": 0.0033, ""Defender Archetype 3 (Low npxG)"": 0.9967}",-2.67,1.476
Lassana Coulibaly,ml MLI,1996.0,2667,38,1,0,0.8,0.9,12,93,21,48,18,18,28.0,Lecce,it Serie A,MF,Midfielder,0.027,0.03,0.405,3.138,0.709,1.62,0.607,0.607,10.4,10.8,9.1,22.2,16.4,35.7,34.5,41.3,lassana_coulibaly_ml_mli_1996_0,Lassana Coulibaly,2667,-0.75820794795971,-0.8336237548479131,-0.820112522329036,-0.28186094360421415,-0.7692535139998947,-0.05441021774169329,-0.4065867792229602,-0.20700467590339222,1,Box-to-Box / Pressing Engine,"{""Midfielder Archetype 1 (Low xAG)"": 0.9888, ""Midfielder Archetype 2 (High xAG)"": 0.0112}",-1.268,-0.531
Lasse Rosenboom,de GER,2002.0,1734,26,2,2,1.9,1.1,14,34,19,47,19,7,22.0,Holstein Kiel,de Bundesliga,DF,Defender,0.099,0.057,0.727,1.765,0.986,2.439,0.986,0.363,91.2,62.6,70.6,5.9,49.1,84.2,48.4,55.9,lasse_rosenboom_de_ger_2002_0,Lasse Rosenboom,1734,-0.23458837921261955,-0.5071474549246209,-0.32141686471728076,-1.0846508484533028,-0.556050674600485,1.012949410765285,0.37583116591275195,-0.5855595888466975,1,Stopper / Defensive Destroyer,"{""Defender Archetype 1 (Low PrgC)"": 0.0002, ""Defender Archetype 2 (High xAG)"": 0.7674, ""Defender Archetype 3 (Low npxG)"": 0.2324}",-1.287,-0.17
Lassine Sinayoko,ml MLI,1999.0,2299,34,5,8,5.7,5.5,37,62,53,33,13,28,24.0,Auxerre,fr Ligue 1,"FW,MF",Forward,0.223,0.215,1.448,2.427,2.075,1.292,0.509,1.096,37.3,81.4,69.0,57.4,47.9,69.2,82.0,56.1,lassine_sinayoko_ml_mli_1999_0,Lassine Sinayoko,2299,0.667200878074036,1.403343485367237,0.7952277599351276,-0.6975809890140481,0.28213666152210415,-0.4818753681083465,-0.6089006542184741,0.5516566045444615,1,Dynamic Winger / Dribbler,"{""Forward Archetype 1 (Low PrgC)"": 0.8472, ""Forward Archetype 2 (High PrgC)"": 0.1528}",1.799,-0.566
Lautaro Gianetti,ar ARG,1993.0,878,15,1,0,0.0,0.1,2,19,0,22,15,0,30.0,Udinese,it Serie A,DF,Defender,0.0,0.01,0.205,1.948,0.0,2.255,1.538,0.0,2.6,18.9,23.9,9.4,0.7,77.7,88.2,4.3,lautaro_gianetti_ar_arg_1993_0,Lautaro Gianetti,878,-0.9545652862398688,-1.0754580510873888,-1.1298613779885114,-0.9776511743182822,-1.3149604206214884,0.7731518873888696,1.5153950332344226,-1.1487375945779261,1,Stopper / Defensive Destroyer,"{""Defender Archetype 1 (Low PrgC)"": 0.9816, ""Defender Archetype 2 (High xAG)"": 0.0004, ""Defender Archetype 3 (Low npxG)"": 0.018}",-3.026,-0.02
Lautaro Martínez,ar ARG,1997.0,2474,30,12,3,13.5,4.3,36,68,34,30,10,17,26.0,Inter,it Serie A,FW,Forward,0.491,0.156,1.31,2.474,1.237,1.091,0.364,0.618,89.1,60.6,59.2,59.2,26.3,54.9,62.5,28.6,lautaro_mart_nez_ar_arg_1997_0,Lautaro Martínez,2474,2.616229272854872,0.6899323114607838,0.5815010495300899,-0.6701001983892066,-0.36285965406166965,-0.7438280974488871,-0.9082426121199999,-0.18993867572971862,0,Clinical Finisher / Poacher,"{""Forward Archetype 1 (Low PrgC)"": 0.9989, ""Forward Archetype 2 (High PrgC)"": 0.0011}",1.58,-1.97
Lautaro Valenti,ar ARG,1999.0,1556,20,1,0,0.2,0.2,4,28,3,17,13,0,25.0,Parma,it Serie A,DF,Defender,0.012,0.012,0.231,1.62,0.174,0.983,0.752,0.0,14.3,22.7,27.9,4.5,6.2,8.2,24.7,4.3,lautaro_valenti_ar_arg_1999_0,Lautaro Valenti,1556,-0.8672953581153539,-1.0512746214634412,-1.0895940267527795,-1.1694320110193026,-1.1810351713236644,-0.8845788176915655,-0.1072448213214344,-1.1487375945779261,1,Stopper / Defensive Destroyer,"{""Defender Archetype 1 (Low PrgC)"": 0.9973, ""Defender Archetype 2 (High xAG)"": 0.0002, ""Defender Archetype 3 (Low npxG)"": 0.0025}",-2.084,-1.593
Lazar Samardzic,rs SRB,2002.0,1169,31,2,1,2.0,2.9,35,92,54,21,2,27,22.0,Atalanta,it Serie A,MF,Midfielder,0.154,0.223,2.695,7.083,4.157,1.617,0.154,2.079,76.4,89.6,98.3,92.4,96.0,35.4,2.9,96.5,lazar_samardzic_rs_srb_2002_0,Lazar Samardzic,1169,0.16539879135807442,1.5000772038630275,2.726511874971956,2.024771375863852,1.884621541051241,-0.058319959970656726,-1.341772344253244,2.076736438246384,0,Deep-Lying Playmaker,"{""Midfielder Archetype 1 (Low xAG)"": 0.0, ""Midfielder Archetype 2 (High xAG)"": 1.0}",4.17,2.018
Leandro Cabrera,uy URU,1991.0,2869,33,4,2,1.1,0.9,9,69,9,40,30,1,33.0,Espanyol,es La Liga,DF,Defender,0.035,0.028,0.282,2.165,0.282,1.255,0.941,0.031,44.1,42.1,35.7,14.4,12.2,22.1,42.8,9.4,leandro_cabrera_uy_uru_1991_0,Leandro Cabrera,2869,-0.7000279958766998,-0.8578071844718607,-1.0106080685596133,-0.8507717793057168,-1.0979091545181183,-0.5300955222655606,0.2829319375984853,-1.1006425031793914,1,Stopper / Defensive Destroyer,"{""Defender Archetype 1 (Low PrgC)"": 0.9843, ""Defender Archetype 2 (High xAG)"": 0.0002, ""Defender Archetype 3 (Low npxG)"": 0.0154}",-2.028,-1.083
Leandro Paredes,ar ARG,1994.0,1373,22,3,1,0.7,1.5,21,106,17,26,19,3,30.0,Roma,it Serie A,MF,Midfielder,0.046,0.098,1.377,6.948,1.114,1.704,1.245,0.197,24.6,51.4,70.3,90.9,36.0,40.0,79.6,8.1,leandro_paredes_ar_arg_1994_0,Leandro Paredes,1373,-0.6200305617625611,-0.01138714763369568,0.685266916176014,1.945837190026542,-0.457530950979097,0.05506256466927867,0.9105178355437534,-0.8431010460130444,1,Box-to-Box / Pressing Engine,"{""Midfielder Archetype 1 (Low xAG)"": 0.9818, ""Midfielder Archetype 2 (High xAG)"": 0.0182}",-0.638,1.633
Leandro Trossard,be BEL,1994.0,2546,38,8,7,7.2,6.1,41,101,80,31,9,38,29.0,Arsenal,eng Premier League,FW,Forward,0.255,0.216,1.449,3.57,2.828,1.096,0.318,1.343,47.9,81.9,69.3,82.3,64.1,55.9,55.7,66.6,leandro_trossard_be_bel_1994_0,Leandro Trossard,2546,0.8999206864060763,1.4154352001792108,0.7967765042134252,-0.0292715489248214,0.8617097231385497,-0.7373118604006148,-1.003206267730139,0.9348658811714957,1,Dynamic Winger / Dribbler,"{""Forward Archetype 1 (Low PrgC)"": 0.7094, ""Forward Archetype 2 (High PrgC)"": 0.2906}",2.497,-0.42
Lee Jae-sung,kr KOR,1992.0,2650,33,7,6,5.3,5.0,34,105,28,42,35,11,31.0,Mainz 05,de Bundesliga,MF,Midfielder,0.18,0.17,1.155,3.566,0.951,1.426,1.189,0.374,80.8,78.9,57.5,32.2,27.0,24.5,76.4,20.2,lee_jae_sung_kr_kor_1992_0,Lee Jae-sung,2650,0.354483635627857,0.8592163188284169,0.3414456863939964,-0.031610339616297264,-0.5829896615282083,-0.307240215214653,0.7949099069748882,-0.5684935886730239,1,Box-to-Box / Pressing Engine,"{""Midfielder Archetype 1 (Low xAG)"": 0.1919, ""Midfielder Archetype 2 (High xAG)"": 0.8081}",-0.038,0.029
Lee Kang-in,kr KOR,2001.0,1663,30,6,6,3.5,5.6,56,143,50,25,3,29,23.0,Paris S-G,fr Ligue 1,"FW,MF",Forward,0.189,0.303,3.031,7.739,2.706,1.353,0.162,1.569,26.3,93.8,98.9,99.8,61.2,73.2,26.1,76.1,lee_kang_in_kr_kor_2001_0,Lee Kang-in,1663,0.41993608172124336,2.46741438882093,3.246889952479875,2.408333049265893,0.7678081115619144,-0.4023772761194263,-1.3252569258862632,1.285494612012426,1,Dynamic Winger / Dribbler,"{""Forward Archetype 1 (Low PrgC)"": 0.0, ""Forward Archetype 2 (High PrgC)"": 1.0}",4.207,1.936
Leif Davis,eng ENG,2000.0,2743,33,1,2,1.0,4.9,61,59,52,46,25,13,24.0,Ipswich Town,eng Premier League,DF,Defender,0.033,0.161,2.001,1.936,1.706,1.509,0.82,0.427,41.4,92.6,98.0,9.0,71.3,37.8,30.1,61.5,leif_davis_eng_eng_2000_0,Leif Davis,2743,-0.7145729838974524,0.7503908855206527,1.6516833458335767,-0.9846675463927098,-0.0018772292301782552,-0.19907068021333532,0.03313623479790171,-0.48626649692714197,0,Ball-Playing Defender,"{""Defender Archetype 1 (Low PrgC)"": 0.0, ""Defender Archetype 2 (High xAG)"": 1.0, ""Defender Archetype 3 (Low npxG)"": 0.0}",0.619,0.109
Lennard Maloney,us USA,1999.0,786,16,0,0,0.3,0.0,1,14,2,22,14,1,24.0,"Heidenheim, Mainz 05",de Bundesliga,MF,Midfielder,0.034,0.0,0.115,1.603,0.229,2.519,1.603,0.115,16.3,0.8,0.2,2.2,1.5,78.3,93.9,2.8,lennard_maloney_us_usa_1999_0,Lennard Maloney,786,-0.7073004898870762,-1.1963751992071265,-1.269248363035275,-1.179371871458075,-1.1387024775800991,1.1172092035376395,1.649582807466141,-0.9703203200349749,1,Box-to-Box / Pressing Engine,"{""Midfielder Archetype 1 (Low xAG)"": 1.0, ""Midfielder Archetype 2 (High xAG)"": 0.0}",-3.034,0.003
Leny Yoro,fr FRA,2005.0,1165,21,0,0,0.7,0.1,2,52,19,29,18,2,18.0,Manchester Utd,eng Premier League,DF,Defender,0.054,0.008,0.155,4.017,1.468,2.24,1.391,0.155,65.7,15.2,17.0,68.9,62.7,77.0,81.0,28.8,leny_yoro_fr_fra_2005_0,Leny Yoro,1165,-0.5618506096795511,-1.0996414807113362,-1.20729859190338,0.23208831084760617,-0.1850623403386963,0.7536031762440536,1.2119242207411516,-0.9082621375852528,1,Stopper / Defensive Destroyer,"{""Defender Archetype 1 (Low PrgC)"": 0.7893, ""Defender Archetype 2 (High xAG)"": 0.0252, ""Defender Archetype 3 (Low npxG)"": 0.1854}",-2.191,0.562
Leo Skiri Østigård,no NOR,1999.0,2154,27,1,0,1.0,0.3,5,101,3,29,24,3,24.0,"Rennes, Hoffenheim","fr Ligue 1, de Bundesliga",DF,Defender,0.042,0.013,0.209,4.22,0.125,1.212,1.003,0.125,52.5,24.5,24.9,73.9,3.9,19.5,50.1,23.2,leo_skiri__stig_rd_no_nor_1999_0,Leo Skiri Østigård,2154,-0.6491205378040661,-1.0391829066514675,-1.1236664008753219,0.35078193844000566,-1.218749753022477,-0.5861351608807011,0.4109264299425858,-0.9548057744225444,1,Stopper / Defensive Destroyer,"{""Defender Archetype 1 (Low PrgC)"": 0.9746, ""Defender Archetype 2 (High xAG)"": 0.0004, ""Defender Archetype 3 (Low npxG)"": 0.025}",-2.102,-0.491
Leon Bailey,jm JAM,1997.0,1139,24,1,2,1.7,1.5,16,35,58,7,3,22,26.0,Aston Villa,eng Premier League,"FW,MF",Forward,0.134,0.119,1.264,2.766,4.583,0.553,0.237,1.738,10.4,44.0,55.9,66.5,87.8,20.0,40.8,82.5,leon_bailey_jm_jam_1997_0,Leon Bailey,1139,0.019948911150549392,0.2425388634177537,0.5102588127284104,-0.499368477911469,2.212507496228673,-1.4449752038429706,-1.170424878695819,1.5476904328625023,1,Dynamic Winger / Dribbler,"{""Forward Archetype 1 (Low PrgC)"": 0.0039, ""Forward Archetype 2 (High PrgC)"": 0.9961}",2.527,-0.704
Leon Goretzka,de GER,1995.0,1325,26,4,1,2.8,1.7,12,127,35,21,20,7,29.0,Bayern Munich,de Bundesliga,"MF,DF",Midfielder,0.19,0.115,0.815,8.626,2.377,1.426,1.358,0.475,82.8,59.9,36.2,96.7,79.9,24.5,85.2,30.4,leon_goretzka_de_ger_1995_0,Leon Goretzka,1325,0.42720857573161963,0.19417200416985866,-0.1851273682271117,2.926959885100664,0.5145816344413158,-0.307240215214653,1.1437981199773561,-0.4117966779874754,1,Box-to-Box / Pressing Engine,"{""Midfielder Archetype 1 (Low xAG)"": 0.0084, ""Midfielder Archetype 2 (High xAG)"": 0.9916}",0.031,1.708
Leonardo Balerdi,ar ARG,1999.0,2273,27,0,0,0.9,0.7,8,105,13,54,38,22,25.0,Marseille,fr Ligue 1,DF,Defender,0.036,0.028,0.317,4.158,0.515,2.138,1.505,0.871,45.2,42.1,40.6,72.6,24.3,72.1,86.2,87.8,leonardo_balerdi_ar_arg_1999_0,Leonardo Balerdi,2273,-0.6927555018663236,-0.8578071844718607,-0.9564020188192052,0.3145306827221302,-0.9185724701135606,0.6206719404593013,1.4472689324706267,0.20257932826477415,1,Stopper / Defensive Destroyer,"{""Defender Archetype 1 (Low PrgC)"": 0.0001, ""Defender Archetype 2 (High xAG)"": 0.022, ""Defender Archetype 3 (Low npxG)"": 0.9779}",-1.93,0.81
Leonardo Bittencourt,de GER,1993.0,982,27,2,1,1.6,1.6,14,64,19,25,15,1,30.0,Werder Bremen,de Bundesliga,MF,Midfielder,0.147,0.147,1.283,5.866,1.741,2.291,1.375,0.092,73.9,72.4,65.1,79.1,62.7,70.1,86.4,1.6,leonardo_bittencourt_de_ger_1993_0,Leonardo Bittencourt,982,0.11449133328544059,0.5811068781530196,0.5396849540160604,1.3131943079823216,0.0250617576975451,0.8200687941364292,1.17889338400719,-1.0060037749435653,1,Box-to-Box / Pressing Engine,"{""Midfielder Archetype 1 (Low xAG)"": 0.8067, ""Midfielder Archetype 2 (High xAG)"": 0.1933}",-0.318,1.625
Leonardo Spinazzola,it ITA,1993.0,1517,27,1,1,0.8,3.5,26,88,83,17,9,28,31.0,Napoli,it Serie A,"DF,FW",Defender,0.047,0.208,1.543,5.221,4.924,1.009,0.534,1.661,59.0,96.5,94.1,88.0,99.7,9.7,8.0,98.1,leonardo_spinazzola_it_ita_1993_0,Leonardo Spinazzola,1517,-0.6127580677521849,1.3187014816834204,0.9423584663733784,0.9360643089818397,2.4749701974387763,-0.8506943850405505,-0.5572899718216593,1.428228431646787,0,Ball-Playing Defender,"{""Defender Archetype 1 (Low PrgC)"": 0.0, ""Defender Archetype 2 (High xAG)"": 1.0, ""Defender Archetype 3 (Low npxG)"": 0.0}",2.842,1.184
Leonidas Stergiou,ch SUI,2002.0,852,12,1,2,1.1,0.9,4,39,11,24,14,4,22.0,Stuttgart,de Bundesliga,DF,Defender,0.116,0.095,0.423,4.12,1.162,2.535,1.479,0.423,94.5,78.5,51.3,71.9,54.5,88.1,85.4,61.1,leonidas_stergiou_ch_sui_2002_0,Leonidas Stergiou,852,-0.11095598103622321,-0.047662292069617064,-0.7922351253196831,0.29231217115310937,-0.42058605462107673,1.1380611620921104,1.3935938227779399,-0.4924723151721142,1,Stopper / Defensive Destroyer,"{""Defender Archetype 1 (Low PrgC)"": 0.0, ""Defender Archetype 2 (High xAG)"": 0.9828, ""Defender Archetype 3 (Low npxG)"": 0.0172}",-1.441,0.981
Leopold Querfeld,at AUT,2003.0,1747,27,2,2,1.1,1.0,10,49,3,25,19,3,20.0,Union Berlin,de Bundesliga,DF,Defender,0.057,0.052,0.515,2.524,0.155,1.288,0.979,0.155,68.8,59.2,60.2,23.5,5.1,23.7,47.7,28.8,leopold_querfeld_at_aut_2003_0,Leopold Querfeld,1747,-0.5400331276484224,-0.5676060289844899,-0.6497506517163245,-0.6408653147457585,-1.195659192798714,-0.48708835774696424,0.3613801748416438,-0.9082621375852528,1,Stopper / Defensive Destroyer,"{""Defender Archetype 1 (Low PrgC)"": 0.4801, ""Defender Archetype 2 (High xAG)"": 0.0178, ""Defender Archetype 3 (Low npxG)"": 0.5021}",-1.67,-0.836
Leroy Sané,de GER,1996.0,1637,30,11,5,10.2,5.5,36,64,75,23,7,39,28.0,Bayern Munich,de Bundesliga,FW,Forward,0.561,0.302,1.979,3.519,4.123,1.265,0.385,2.144,93.3,93.6,88.7,81.4,85.1,67.5,66.1,90.1,leroy_san__de_ger_1996_0,Leroy Sané,1637,3.1253038535812108,2.455322674008956,1.6176109717110347,-0.059091130241138434,1.8584522394643102,-0.5170630481690163,-0.8648896389066755,2.1775809847271823,1,Dynamic Winger / Dribbler,"{""Forward Archetype 1 (Low PrgC)"": 0.6517, ""Forward Archetype 2 (High PrgC)"": 0.3483}",4.886,-0.437
Lesley Ugochukwu,fr FRA,2004.0,1655,26,1,1,0.9,1.0,14,49,29,50,14,19,20.0,Southampton,eng Premier League,MF,Midfielder,0.049,0.054,0.761,2.665,1.577,2.719,0.761,1.033,26.8,25.0,31.8,12.6,57.3,84.1,46.8,72.1,lesley_ugochukwu_fr_fra_2004_0,Lesley Ugochukwu,1655,-0.5982130797314323,-0.5434225993605423,-0.2687595592551699,-0.5584229428712344,-0.10116663819235822,1.3778586854685253,-0.08866497565858106,0.4539149671861488,1,Box-to-Box / Pressing Engine,"{""Midfielder Archetype 1 (Low xAG)"": 0.9908, ""Midfielder Archetype 2 (High xAG)"": 0.0092}",-0.661,0.507
Levi Colwill,eng ENG,2003.0,3149,35,2,1,1.9,1.1,14,131,14,47,33,6,21.0,Chelsea,eng Premier League,DF,Defender,0.054,0.031,0.4,3.744,0.4,1.343,0.943,0.171,65.7,45.4,49.3,61.8,18.2,27.3,43.0,31.4,levi_colwill_eng_eng_2003_0,Levi Colwill,3149,-0.5618506096795511,-0.8215320400359393,-0.8278562437205228,0.07246584615437869,-1.0070862843046513,-0.41540975021597065,0.28706079219023045,-0.8834388646053638,1,Stopper / Defensive Destroyer,"{""Defender Archetype 1 (Low PrgC)"": 0.9739, ""Defender Archetype 2 (High xAG)"": 0.0006, ""Defender Archetype 3 (Low npxG)"": 0.0255}",-1.728,-0.481
Lewis Cook,eng ENG,1997.0,2978,36,1,3,0.9,4.1,48,158,33,81,41,13,27.0,Bournemouth,eng Premier League,"MF,DF",Midfielder,0.027,0.124,1.451,4.775,0.997,2.448,1.239,0.393,10.4,62.9,73.3,63.1,29.4,75.5,78.8,21.6,lewis_cook_eng_eng_1997_0,Lewis Cook,2978,-0.75820794795971,0.30299743747762264,0.7998739927700199,0.6752891468822815,-0.547584135851772,1.0246786374521748,0.8981312717685178,-0.5390159520094058,1,Box-to-Box / Pressing Engine,"{""Midfielder Archetype 1 (Low xAG)"": 0.9825, ""Midfielder Archetype 2 (High xAG)"": 0.0175}",-0.642,1.607
Lewis Dunk,eng ENG,1991.0,2083,25,0,0,0.8,0.5,6,142,20,17,13,0,32.0,Brighton,eng Premier League,DF,Defender,0.035,0.022,0.259,6.135,0.864,0.735,0.562,0.0,44.1,35.0,33.0,94.5,43.4,2.1,9.8,4.3,lewis_dunk_eng_eng_1991_0,Lewis Dunk,2083,-0.7000279958766998,-0.9303574733437034,-1.046229186960453,1.4704779819840732,-0.6499522861771203,-1.2077841752858642,-0.49948600753722666,-1.1487375945779261,1,Stopper / Defensive Destroyer,"{""Defender Archetype 1 (Low PrgC)"": 0.9938, ""Defender Archetype 2 (High xAG)"": 0.0009, ""Defender Archetype 3 (Low npxG)"": 0.0053}",-1.388,-0.42
Lewis Ferguson,sct SCO,1999.0,983,16,1,1,0.2,1.1,14,53,20,24,5,5,24.0,Bologna,it Serie A,MF,Midfielder,0.018,0.101,1.282,4.852,1.831,2.197,0.458,0.458,5.5,52.6,64.8,64.5,65.8,65.7,20.4,29.4,lewis_ferguson_sct_sco_1999_0,Lewis Ferguson,983,-0.8236603940530962,0.024887996802225705,0.5381362097377632,0.7203108676931917,0.09433343836883333,0.6975635376289129,-0.7141864463079762,-0.4381714055286073,1,Box-to-Box / Pressing Engine,"{""Midfielder Archetype 1 (Low xAG)"": 0.8852, ""Midfielder Archetype 2 (High xAG)"": 0.1148}",0.015,0.898
Lewis Hall,eng ENG,2004.0,2189,27,0,4,0.4,4.3,34,123,41,58,18,11,19.0,Newcastle Utd,eng Premier League,DF,Defender,0.016,0.177,1.398,5.057,1.686,2.385,0.74,0.452,20.0,95.0,91.7,86.1,70.4,82.3,23.9,64.4,lewis_hall_eng_eng_2004_0,Lewis Hall,2189,-0.8382053820738488,0.9438583225122331,0.7177905460202587,0.8401738906313295,-0.017270936046020122,0.9425740506439455,-0.13201794887190552,-0.4474801328960656,0,Ball-Playing Defender,"{""Defender Archetype 1 (Low PrgC)"": 0.0, ""Defender Archetype 2 (High xAG)"": 1.0, ""Defender Archetype 3 (Low npxG)"": 0.0}",0.225,1.496
Lewis Holtby,de GER,1990.0,1238,25,0,1,0.5,1.5,21,47,14,34,21,7,33.0,Holstein Kiel,de Bundesliga,MF,Midfielder,0.036,0.109,1.527,3.417,1.018,2.472,1.527,0.509,17.6,57.1,76.1,28.5,30.1,76.3,92.2,32.7,lewis_holtby_de_ger_1990_0,Lewis Holtby,1238,-0.6927555018663236,0.1216217152980159,0.9175785579206203,-0.11873029287377303,-0.531420743695138,1.055956575283881,1.4926863329798237,-0.3590472229052115,1,Box-to-Box / Pressing Engine,"{""Midfielder Archetype 1 (Low xAG)"": 0.9953, ""Midfielder Archetype 2 (High xAG)"": 0.0047}",-0.825,1.415
Liam Delap,eng ENG,2003.0,2593,37,12,2,7.8,1.9,21,30,61,11,2,40,21.0,Ipswich Town,eng Premier League,FW,Forward,0.271,0.066,0.729,1.041,2.117,0.382,0.069,1.388,53.9,15.6,20.0,8.9,49.0,11.0,9.5,69.0,liam_delap_eng_eng_2003_0,Liam Delap,2593,1.0162805905720964,-0.3983220216168568,-0.318319376160686,-1.5079719636104334,0.3144634458353719,-1.667830510893878,-1.5172486644024141,1.0046813364274332,0,Clinical Finisher / Poacher,"{""Forward Archetype 1 (Low PrgC)"": 0.9838, ""Forward Archetype 2 (High PrgC)"": 0.0162}",1.257,-2.607
Liam Henderson,sct SCO,1996.0,2337,36,0,4,0.7,3.9,33,108,18,42,15,6,28.0,Empoli,it Serie A,MF,Midfielder,0.027,0.15,1.271,4.159,0.693,1.617,0.578,0.231,10.4,73.8,64.0,46.4,15.6,35.4,31.3,11.3,liam_henderson_sct_sco_1996_0,Liam Henderson,2337,-0.75820794795971,0.617382022588941,0.5211000226764919,0.31511538039499887,-0.7815684794525681,-0.058319959970656726,-0.4664551708032654,-0.7903515909307807,1,Box-to-Box / Pressing Engine,"{""Midfielder Archetype 1 (Low xAG)"": 0.3519, ""Midfielder Archetype 2 (High xAG)"": 0.6481}",-0.193,0.25
Liberato Cacace,nz NZL,2000.0,2230,33,2,4,2.6,1.7,25,70,53,37,22,14,23.0,Empoli,it Serie A,"MF,DF",Midfielder,0.105,0.069,1.009,2.825,2.139,1.493,0.888,0.565,59.4,35.8,50.0,15.6,72.0,28.2,58.0,38.3,liberato_cacace_nz_nzl_2000_0,Liberato Cacace,2230,-0.1909534151503621,-0.3620468771809354,0.11532902176257927,-0.4648713152122,0.3313965233327978,-0.21992263876780593,0.17351729091723805,-0.27216576747560056,1,Box-to-Box / Pressing Engine,"{""Midfielder Archetype 1 (Low xAG)"": 0.7225, ""Midfielder Archetype 2 (High xAG)"": 0.2775}",-0.19,-0.242
Lilian Brassier,fr FRA,1999.0,2013,26,1,1,1.7,0.3,7,115,32,23,31,3,24.0,"Marseille, Rennes",fr Ligue 1,DF,Defender,0.076,0.013,0.313,5.142,1.431,1.028,1.386,0.134,83.0,24.5,40.3,87.0,61.4,10.6,80.3,24.9,lilian_brassier_fr_fra_1999_0,Lilian Brassier,2013,-0.40185574145127345,-1.0391829066514675,-0.9625969959323947,0.8898731928251915,-0.21354069794800368,-0.8259326842571161,1.2016020842617883,-0.9408426833713569,1,Stopper / Defensive Destroyer,"{""Defender Archetype 1 (Low PrgC)"": 0.9963, ""Defender Archetype 2 (High xAG)"": 0.001, ""Defender Archetype 3 (Low npxG)"": 0.0027}",-1.713,0.089
Lilian Raolisoa,fr FRA,2000.0,1318,29,0,3,0.7,2.0,14,47,33,41,15,23,24.0,Angers,fr Ligue 1,"DF,FW",Defender,0.048,0.137,0.956,3.209,2.253,2.8,1.024,1.571,59.7,87.6,79.3,46.0,84.5,93.9,52.1,97.6,lilian_raolisoa_fr_fra_2000_0,Lilian Raolisoa,1318,-0.6054855737418086,0.460189730033282,0.03324557501281841,-0.24034740883051756,0.4191406521830966,1.483421725650534,0.45427940315591053,1.288597521134912,0,Ball-Playing Defender,"{""Defender Archetype 1 (Low PrgC)"": 0.0, ""Defender Archetype 2 (High xAG)"": 1.0, ""Defender Archetype 3 (Low npxG)"": 0.0}",0.301,1.396
Lisandro Martínez,ar ARG,1998.0,1751,20,2,1,1.3,1.1,9,117,23,40,32,6,26.0,Manchester Utd,eng Premier League,DF,Defender,0.067,0.057,0.463,6.014,1.182,2.056,1.645,0.308,77.6,62.6,55.1,93.9,55.1,69.5,91.8,49.6,lisandro_mart_nez_ar_arg_1998_0,Lisandro Martínez,1751,-0.46730818754465975,-0.5071474549246209,-0.7302853541877881,1.399729563566929,-0.40519234780523483,0.5138056528676382,1.7362887538927898,-0.6708895897150654,1,Stopper / Defensive Destroyer,"{""Defender Archetype 1 (Low PrgC)"": 0.0341, ""Defender Archetype 2 (High xAG)"": 0.0502, ""Defender Archetype 3 (Low npxG)"": 0.9157}",-1.746,1.441
Lloyd Kelly,eng ENG,1998.0,1316,22,0,1,0.8,0.6,5,45,10,20,3,2,25.0,"Newcastle Utd, Juventus","eng Premier League, it Serie A",DF,Defender,0.055,0.041,0.342,3.078,0.684,1.368,0.205,0.137,66.8,53.3,43.2,42.2,33.7,29.8,0.7,25.5,lloyd_kelly_eng_eng_1998_0,Lloyd Kelly,1316,-0.5545781156691748,-0.7006148919162014,-0.9176834118617706,-0.31694280397635205,-0.7884956475196968,-0.3828285649746097,-1.236486552163742,-0.9361883196876277,1,Stopper / Defensive Destroyer,"{""Defender Archetype 1 (Low PrgC)"": 0.8853, ""Defender Archetype 2 (High xAG)"": 0.0034, ""Defender Archetype 3 (Low npxG)"": 0.1113}",-1.149,-1.22
Logan Costa,cv CPV,2001.0,2677,33,2,1,0.7,1.1,5,120,26,40,23,0,23.0,"Villarreal, Toulouse","es La Liga, fr Ligue 1",DF,Defender,0.024,0.037,0.168,4.034,0.874,1.345,0.773,0.0,30.6,50.6,18.2,69.3,44.5,27.7,26.1,4.3,logan_costa_cv_cpv_2001_0,Logan Costa,2677,-0.7800254299908388,-0.7489817511640966,-1.1871649162855142,0.24202817128637824,-0.6422554327691994,-0.4128032553966618,-0.06389184810810994,-1.1487375945779261,1,Stopper / Defensive Destroyer,"{""Defender Archetype 1 (Low PrgC)"": 0.0475, ""Defender Archetype 2 (High xAG)"": 0.0222, ""Defender Archetype 3 (Low npxG)"": 0.9303}",-1.747,-0.478
Lorenz Assignon,tg TOG,2000.0,2357,32,3,4,2.2,3.5,29,116,98,49,25,28,24.0,Rennes,fr Ligue 1,"DF,MF",Defender,0.084,0.134,1.107,4.429,3.742,1.871,0.955,1.069,86.7,86.7,85.7,77.4,97.9,59.6,44.5,92.9,lorenz_assignon_tg_tog_2000_0,Lorenz Assignon,2357,-0.3436757893682634,0.4239145855973606,0.2671059610357223,0.4729837520696196,1.5652021246225225,0.27270488208156857,0.31183391974070157,0.5097673313908988,0,Ball-Playing Defender,"{""Defender Archetype 1 (Low PrgC)"": 0.0, ""Defender Archetype 2 (High xAG)"": 0.9998, ""Defender Archetype 3 (Low npxG)"": 0.0002}",0.948,1.133
Lorenzo Colombo,it ITA,2002.0,2233,37,6,2,5.1,2.9,21,48,27,31,2,24,22.0,Empoli,it Serie A,"FW,MF",Forward,0.206,0.117,0.846,1.935,1.088,1.249,0.081,0.967,30.3,43.1,28.2,40.5,22.2,65.9,11.5,49.2,lorenzo_colombo_it_ita_2002_0,Lorenzo Colombo,2233,0.5435684798976396,0.21835543379380626,-0.137116295599893,-0.9852522440655788,-0.47754276983969146,-0.5379150067234869,-1.4924755368519433,0.3515189661441073,0,Clinical Finisher / Poacher,"{""Forward Archetype 1 (Low PrgC)"": 0.9866, ""Forward Archetype 2 (High PrgC)"": 0.0134}",0.693,-1.619
Lorenzo De Silvestri,it ITA,1988.0,1060,18,1,0,0.8,0.3,5,46,4,11,10,1,36.0,Bologna,it Serie A,DF,Defender,0.068,0.025,0.425,3.906,0.34,0.934,0.849,0.085,78.2,38.4,51.6,65.4,15.0,7.2,33.0,15.1,lorenzo_de_silvestri_it_ita_1988_0,Lorenzo De Silvestri,1060,-0.4600356935342835,-0.894082328907782,-0.7891376367630883,0.16718686915915096,-1.0532674047521768,-0.9484379407646325,0.09300462637820692,-1.0168639568722666,1,Stopper / Defensive Destroyer,"{""Defender Archetype 1 (Low PrgC)"": 0.9914, ""Defender Archetype 2 (High xAG)"": 0.0012, ""Defender Archetype 3 (Low npxG)"": 0.0074}",-1.621,-0.85
Lorenzo Lucca,it ITA,2000.0,2353,33,12,1,6.8,1.6,14,18,15,10,7,12,23.0,Udinese,it Serie A,FW,Forward,0.26,0.061,0.535,0.688,0.574,0.382,0.268,0.459,50.0,13.4,7.9,1.8,6.4,11.0,46.3,18.4,lorenzo_lucca_it_ita_2000_0,Lorenzo Lucca,2353,0.9362831564579576,-0.45878059567672574,-0.618775766150377,-1.7143702421331777,-0.8731610350068273,-1.667830510893878,-1.1064276325237685,-0.4366199509673642,0,Clinical Finisher / Poacher,"{""Forward Archetype 1 (Low PrgC)"": 0.9989, ""Forward Archetype 2 (High PrgC)"": 0.0011}",-0.166,-3.024
Lorenzo Pellegrini,it ITA,1996.0,1626,25,2,1,3.9,2.5,27,61,27,24,6,11,28.0,Roma,it Serie A,MF,Midfielder,0.216,0.138,1.494,3.376,1.494,1.328,0.332,0.609,87.6,68.5,74.8,27.0,53.6,19.9,9.6,41.5,lorenzo_pellegrini_it_ita_1996_0,Lorenzo Pellegrini,1626,0.6162934200014022,0.4722814448452558,0.866469996736807,-0.14270289746140055,-0.1650505214781019,-0.434958461360787,-0.9743042855879228,-0.2039017667809061,0,Deep-Lying Playmaker,"{""Midfielder Archetype 1 (Low xAG)"": 0.0378, ""Midfielder Archetype 2 (High xAG)"": 0.9622}",1.045,-0.688
Louis Leroux,fr FRA,2006.0,816,16,2,1,1.5,1.3,12,31,11,25,8,8,18.0,Nantes,fr Ligue 1,"MF,DF",Midfielder,0.165,0.143,1.324,3.419,1.213,2.757,0.882,0.882,78.9,70.3,67.2,28.9,41.9,84.9,57.6,63.4,louis_leroux_fr_fra_2006_0,Louis Leroux,816,0.2453962254722133,0.5327400189051245,0.6031834694262531,-0.11756089752803497,-0.38133210224067987,1.427382087035394,0.1611307271420025,0.21964532843844775,1,Box-to-Box / Pressing Engine,"{""Midfielder Archetype 1 (Low xAG)"": 0.9376, ""Midfielder Archetype 2 (High xAG)"": 0.0624}",0.207,0.839
Louis Mouton,fr FRA,2002.0,1045,24,0,1,1.3,1.3,16,54,18,49,10,12,22.0,Saint-Étienne,fr Ligue 1,MF,Midfielder,0.112,0.112,1.378,4.651,1.55,4.22,0.861,1.033,63.1,58.6,70.6,59.3,55.7,99.3,55.5,72.1,louis_mouton_fr_fra_2002_0,Louis Mouton,1045,-0.14004595707772827,0.15789685973393727,0.6868156604543112,0.6027866354465296,-0.12194814239374466,3.334033047359825,0.11777775392867804,0.4539149671861488,1,Box-to-Box / Pressing Engine,"{""Midfielder Archetype 1 (Low xAG)"": 1.0, ""Midfielder Archetype 2 (High xAG)"": 0.0}",-0.119,2.389
Loum Tchaouna,fr FRA,2003.0,660,24,1,0,2.5,0.6,10,20,22,8,4,5,20.0,Lazio,it Serie A,"FW,MF",Forward,0.341,0.082,1.364,2.727,3.0,1.091,0.545,0.682,70.3,24.7,63.1,65.4,67.6,54.9,85.8,33.3,loum_tchaouna_fr_fra_2003_0,Loum Tchaouna,660,1.5253551712984343,-0.20485458462527623,0.6651332405581483,-0.5221716871533587,0.9940956017547897,-0.7438280974488871,-0.5345812715670607,-0.09064558381016305,0,Clinical Finisher / Poacher,"{""Forward Archetype 1 (Low PrgC)"": 0.101, ""Forward Archetype 2 (High PrgC)"": 0.899}",1.36,-1.201
Loïc Bade,fr FRA,2000.0,2686,32,1,1,0.6,0.7,4,62,11,47,29,17,24.0,Sevilla,es La Liga,DF,Defender,0.02,0.023,0.134,2.077,0.369,1.575,0.972,0.57,25.1,36.0,13.9,12.2,16.4,42.3,46.5,74.1,lo_c_bade_fr_fra_2000_0,Loïc Bade,2686,-0.8091154060323437,-0.9182657585317296,-1.239822221747625,-0.9022251745181857,-1.0309465298692062,-0.11305635117614285,0.34692918377053567,-0.26440849466938526,1,Stopper / Defensive Destroyer,"{""Defender Archetype 1 (Low PrgC)"": 0.3071, ""Defender Archetype 2 (High xAG)"": 0.0061, ""Defender Archetype 3 (Low npxG)"": 0.6869}",-1.926,-0.761
Loïc Nego,hu HUN,1991.0,2459,31,0,0,0.8,0.7,13,102,64,58,29,17,33.0,Le Havre,fr Ligue 1,"DF,FW",Defender,0.029,0.026,0.476,3.733,2.342,2.123,1.061,0.622,37.4,39.8,57.2,61.6,86.6,71.9,55.8,77.1,lo_c_nego_hu_hun_1991_0,Loïc Nego,2459,-0.7436629599389575,-0.8819906140958083,-0.7101516785699222,0.06603417175282002,0.4876426475135928,0.6011232293144853,0.5306632131031962,-0.18373285748474638,1,Stopper / Defensive Destroyer,"{""Defender Archetype 1 (Low PrgC)"": 0.0, ""Defender Archetype 2 (High xAG)"": 0.0294, ""Defender Archetype 3 (Low npxG)"": 0.9706}",-1.103,0.583
Loïs Openda,be BEL,2000.0,2453,33,9,5,8.2,3.4,28,47,58,9,5,22,24.0,RB Leipzig,de Bundesliga,"FW,MF",Forward,0.301,0.125,1.027,1.724,2.128,0.33,0.183,0.807,60.4,46.1,41.5,30.5,49.2,8.0,29.9,43.2,lo_s_openda_be_bel_2000_0,Loïs Openda,2453,1.2344554108833838,0.31508915228959644,0.14320641877193208,-1.1086234530409302,0.322929984584085,-1.7355993761959083,-1.281903952672939,0.10328623634521875,0,Clinical Finisher / Poacher,"{""Forward Archetype 1 (Low PrgC)"": 0.9959, ""Forward Archetype 2 (High PrgC)"": 0.0041}",1.454,-2.318
Luca Caldirola,it ITA,1991.0,876,14,0,0,0.3,0.1,2,22,5,11,11,1,33.0,Monza,it Serie A,DF,Defender,0.031,0.01,0.205,2.26,0.514,1.13,1.13,0.103,39.8,18.9,23.9,16.6,24.2,14.5,62.2,17.6,luca_caldirola_it_ita_1991_0,Luca Caldirola,876,-0.7291179719182049,-1.0754580510873888,-1.1298613779885114,-0.7952255003831653,-0.9193421554543527,-0.6930014484723644,0.6731086965184049,-0.9889377747698916,1,Stopper / Defensive Destroyer,"{""Defender Archetype 1 (Low PrgC)"": 0.9969, ""Defender Archetype 2 (High xAG)"": 0.0001, ""Defender Archetype 3 (Low npxG)"": 0.003}",-2.17,-0.998
Luca Kerber,de GER,2002.0,783,23,2,0,0.6,0.7,6,16,1,26,5,1,22.0,Heidenheim,de Bundesliga,"MF,DF",Midfielder,0.069,0.08,0.69,1.839,0.115,2.989,0.575,0.115,38.3,43.3,26.5,3.2,0.5,90.7,31.0,2.8,luca_kerber_de_ger_2002_0,Luca Kerber,783,-0.4527631995239072,-0.22903801424922382,-0.3787204030142838,-1.0413832206609994,-1.2264466064303978,1.7297354860752214,-0.4726484526908832,-0.9703203200349749,1,Box-to-Box / Pressing Engine,"{""Midfielder Archetype 1 (Low xAG)"": 0.9966, ""Midfielder Archetype 2 (High xAG)"": 0.0034}",-1.529,-0.142
Luca Marianucci,it ITA,2004.0,1069,18,0,0,0.6,0.2,3,28,12,28,19,5,20.0,Empoli,it Serie A,DF,Defender,0.051,0.017,0.253,2.357,1.01,2.357,1.6,0.421,62.4,28.8,32.2,19.5,50.1,81.7,90.8,60.7,luca_marianucci_it_ita_2004_0,Luca Marianucci,1069,-0.5836680917106799,-0.9908160474035722,-1.0555216526302371,-0.7385098261148755,-0.5375782264214748,0.9060831231736219,1.6433895255785234,-0.4955752242946003,1,Stopper / Defensive Destroyer,"{""Defender Archetype 1 (Low PrgC)"": 0.727, ""Defender Archetype 2 (High xAG)"": 0.0042, ""Defender Archetype 3 (Low npxG)"": 0.2687}",-2.295,0.338
Luca Netz,de GER,2003.0,969,24,0,2,0.2,1.9,16,28,16,24,10,6,21.0,Gladbach,de Bundesliga,DF,Defender,0.019,0.176,1.486,2.601,1.486,2.229,0.929,0.557,23.9,94.8,93.0,25.2,63.2,76.7,41.4,73.4,luca_netz_de_ger_2003_0,Luca Netz,969,-0.81638790004272,0.9317666077002593,0.854080042510428,-0.5958435939348482,-0.17120800420443863,0.7392674547378547,0.2581588100480144,-0.2845774039655448,0,Ball-Playing Defender,"{""Defender Archetype 1 (Low PrgC)"": 0.0, ""Defender Archetype 2 (High xAG)"": 1.0, ""Defender Archetype 3 (Low npxG)"": 0.0}",0.106,0.776
Luca Pellegrini,it ITA,1999.0,1067,22,0,4,0.7,1.8,20,72,21,23,19,11,25.0,Lazio,it Serie A,DF,Defender,0.059,0.152,1.687,6.073,1.771,1.94,1.603,0.928,71.2,90.6,95.7,94.3,73.8,63.6,91.0,89.0,luca_pellegrini_it_ita_1999_0,Luca Pellegrini,1067,-0.5254881396276698,0.6415654522128886,1.1653776424482007,1.4342267262661978,0.04815231792130773,0.3626289533477242,1.649582807466141,0.29101223825562833,0,Ball-Playing Defender,"{""Defender Archetype 1 (Low PrgC)"": 0.0, ""Defender Archetype 2 (High xAG)"": 1.0, ""Defender Archetype 3 (Low npxG)"": 0.0}",0.24,2.23
Luca Ranieri,it ITA,1999.0,2981,35,0,3,1.1,1.7,16,80,25,42,27,9,25.0,Fiorentina,it Serie A,DF,Defender,0.033,0.051,0.483,2.415,0.755,1.268,0.815,0.272,41.4,58.6,57.9,21.5,38.5,22.5,29.7,44.8,luca_ranieri_it_ita_1999_0,Luca Ranieri,2981,-0.7145729838974524,-0.5796977437964637,-0.6993104686218407,-0.7045973610884756,-0.7338479883234584,-0.5131533059400528,0.022814098318538745,-0.7267419539198153,1,Stopper / Defensive Destroyer,"{""Defender Archetype 1 (Low PrgC)"": 0.0824, ""Defender Archetype 2 (High xAG)"": 0.0117, ""Defender Archetype 3 (Low npxG)"": 0.906}",-1.368,-0.849
Lucas Beltrán,ar ARG,2001.0,1864,32,5,4,3.1,3.0,29,64,23,23,5,15,23.0,Fiorentina,it Serie A,"FW,MF",Forward,0.15,0.145,1.4,3.09,1.111,1.111,0.241,0.724,13.5,55.4,65.7,74.3,22.8,58.5,41.7,37.7,lucas_beltr_n_ar_arg_2001_0,Lucas Beltrán,1864,0.13630881531656938,0.556923448529072,0.7208880345768535,-0.3099264319019245,-0.4598400070014734,-0.7177631492557984,-1.1621671695123286,-0.02548449223795488,0,Clinical Finisher / Poacher,"{""Forward Archetype 1 (Low PrgC)"": 0.8459, ""Forward Archetype 2 (High PrgC)"": 0.1541}",0.914,-0.85
Lucas Beraldo,br BRA,2003.0,2011,25,1,0,0.9,0.4,8,131,9,38,21,1,20.0,Paris S-G,fr Ligue 1,DF,Defender,0.04,0.018,0.358,5.863,0.403,1.701,0.94,0.045,49.7,30.3,44.9,92.8,18.9,50.1,42.6,10.7,lucas_beraldo_br_bra_2003_0,Lucas Beraldo,2011,-0.6636655258248185,-0.9787243325915984,-0.8929035034090127,1.3114402149637152,-1.0047772282822751,0.051152822440315514,0.2808675103026127,-1.0789221393219888,1,Stopper / Defensive Destroyer,"{""Defender Archetype 1 (Low PrgC)"": 0.9492, ""Defender Archetype 2 (High xAG)"": 0.008, ""Defender Archetype 3 (Low npxG)"": 0.0428}",-1.946,0.402
Lucas Bergvall,se SWE,2006.0,1212,27,0,1,0.7,0.6,11,49,33,39,24,21,18.0,Tottenham,eng Premier League,MF,Midfielder,0.052,0.045,0.817,3.639,2.45,2.896,1.782,1.559,28.8,19.3,36.3,34.0,82.1,88.9,96.9,88.6,lucas_bergvall_se_swe_2006_0,Lucas Bergvall,1212,-0.5763955977003037,-0.6522480326683063,-0.18202987967051695,0.011072590503137142,0.5707686643191389,1.6085334769773596,2.0191152934273346,1.2699800663999954,1,Box-to-Box / Pressing Engine,"{""Midfielder Archetype 1 (Low xAG)"": 0.9962, ""Midfielder Archetype 2 (High xAG)"": 0.0038}",-0.775,1.953
Lucas Da Cunha,fr FRA,2001.0,2613,36,3,2,2.0,3.8,55,154,63,45,17,12,23.0,Como,it Serie A,MF,Midfielder,0.069,0.131,1.894,5.304,2.17,1.55,0.586,0.413,38.3,64.8,87.6,72.1,72.9,31.8,32.1,24.0,lucas_da_cunha_fr_fra_2001_0,Lucas Da Cunha,2613,-0.4527631995239072,0.3876394411614392,1.4859677080557574,0.9845942158299638,0.35525676889735275,-0.1456375364175035,-0.44993975243628465,-0.5079868607845448,0,Deep-Lying Playmaker,"{""Midfielder Archetype 1 (Low xAG)"": 0.1132, ""Midfielder Archetype 2 (High xAG)"": 0.8868}",0.876,0.875
Lucas Digne,fr FRA,1993.0,2351,32,0,4,0.8,4.7,36,57,23,65,25,9,31.0,Aston Villa,eng Premier League,DF,Defender,0.031,0.18,1.378,2.182,0.88,2.488,0.957,0.345,39.8,95.3,91.5,14.7,44.8,86.4,44.8,53.5,lucas_digne_fr_fra_1993_0,Lucas Digne,2351,-0.7291179719182049,0.9801334669481545,0.6868156604543112,-0.8408319188669445,-0.6376373207244468,1.076808533838352,0.31596277433244674,-0.6134857709490725,0,Ball-Playing Defender,"{""Defender Archetype 1 (Low PrgC)"": 0.0, ""Defender Archetype 2 (High xAG)"": 1.0, ""Defender Archetype 3 (Low npxG)"": 0.0}",-0.341,0.647
Lucas Hernández,fr FRA,1996.0,877,16,0,0,0.0,0.1,1,50,6,24,7,2,28.0,Paris S-G,fr Ligue 1,DF,Defender,0.0,0.01,0.103,5.131,0.616,2.463,0.718,0.205,2.6,18.9,9.8,86.9,30.5,84.8,21.1,35.2,lucas_hern_ndez_fr_fra_1996_0,Lucas Hernández,877,-0.9545652862398688,-1.0754580510873888,-1.2878332943748436,0.8834415184236328,-0.8408342506935592,1.0442273485969915,-0.1774353493811026,-0.8306894095231001,1,Stopper / Defensive Destroyer,"{""Defender Archetype 1 (Low PrgC)"": 0.9812, ""Defender Archetype 2 (High xAG)"": 0.0023, ""Defender Archetype 3 (Low npxG)"": 0.0166}",-2.131,0.583
Lucas Höler,de GER,1994.0,1867,31,6,4,6.9,2.9,22,47,21,37,7,18,30.0,Freiburg,de Bundesliga,"FW,MF",Forward,0.333,0.14,1.061,2.266,1.012,1.784,0.337,0.868,69.3,54.0,42.8,51.7,19.5,89.1,59.2,44.8,lucas_h_ler_de_ger_1994_0,Lucas Höler,1867,1.4671752192154242,0.4964648744692034,0.1958637242340429,-0.7917173143459514,-0.5360388557398905,0.15932235744163317,-0.9639821491085598,0.19792496458104497,0,Clinical Finisher / Poacher,"{""Forward Archetype 1 (Low PrgC)"": 0.9396, ""Forward Archetype 2 (High PrgC)"": 0.0604}",0.889,-1.228
Lucas Mincarelli,fr FRA,2004.0,715,10,1,0,0.6,0.3,3,25,15,17,9,1,20.0,Montpellier,fr Ligue 1,DF,Defender,0.076,0.038,0.378,3.147,1.888,2.14,1.133,0.126,83.0,51.5,47.1,44.3,76.5,72.3,62.8,23.4,lucas_mincarelli_fr_fra_2004_0,Lucas Mincarelli,715,-0.40185574145127345,-0.7368900363521228,-0.8619286178430652,-0.27659866454839355,0.13820550279398258,0.6232784352786105,0.6793019784060229,-0.9532543198613014,1,Stopper / Defensive Destroyer,"{""Defender Archetype 1 (Low PrgC)"": 0.0006, ""Defender Archetype 2 (High xAG)"": 0.3814, ""Defender Archetype 3 (Low npxG)"": 0.618}",-1.527,0.148
Lucas Oliveira Rosa,br BRA,2000.0,1890,21,0,1,0.9,2.0,13,50,31,53,28,14,24.0,Valladolid,es La Liga,DF,Defender,0.043,0.095,0.619,2.381,1.476,2.524,1.333,0.667,54.1,78.5,65.5,20.5,63.0,87.7,77.8,79.1,lucas_oliveira_rosa_br_bra_2000_0,Lucas Oliveira Rosa,1890,-0.6418480437936899,-0.047662292069617064,-0.4886812467733974,-0.7244770819660206,-0.17890485761235958,1.1237254405859116,1.0921874375805412,-0.11391740222880888,0,Ball-Playing Defender,"{""Defender Archetype 1 (Low PrgC)"": 0.0, ""Defender Archetype 2 (High xAG)"": 0.2487, ""Defender Archetype 3 (Low npxG)"": 0.7513}",-1.175,0.688
Lucas Paquetá,br BRA,1997.0,2380,33,4,0,3.7,3.1,36,155,26,66,18,21,26.0,West Ham,eng Premier League,"MF,FW",Midfielder,0.14,0.117,1.361,5.861,0.983,2.496,0.681,0.794,71.3,60.4,69.1,78.9,28.7,77.4,40.3,57.1,lucas_paquet__br_bra_1997_0,Lucas Paquetá,2380,0.06358387521280696,0.21835543379380626,0.660487007723256,1.3102708196179769,-0.5583597306228613,1.0872345131155874,-0.2538191593283883,0.08311732704905903,1,Box-to-Box / Pressing Engine,"{""Midfielder Archetype 1 (Low xAG)"": 0.9088, ""Midfielder Archetype 2 (High xAG)"": 0.0912}",0.183,1.261
Lucas Stassin,be BEL,2004.0,1887,28,12,4,7.0,3.4,18,35,26,16,3,15,19.0,Saint-Étienne,fr Ligue 1,FW,Forward,0.334,0.162,0.859,1.669,1.24,0.763,0.143,0.715,69.6,63.4,29.2,29.3,26.7,36.8,22.0,37.3,lucas_stassin_be_bel_2004_0,Lucas Stassin,1887,1.4744477132258005,0.7624826003326265,-0.11698261998202707,-1.1407818250487234,-0.36055059803929346,-1.1712932478155402,-1.3644810445078426,-0.03944758328914238,0,Clinical Finisher / Poacher,"{""Forward Archetype 1 (Low PrgC)"": 0.9967, ""Forward Archetype 2 (High PrgC)"": 0.0033}",1.199,-2.292
Lucas Torró,es ESP,1994.0,2957,35,3,0,2.3,1.2,10,109,10,74,45,6,30.0,Osasuna,es La Liga,MF,Midfielder,0.07,0.037,0.304,3.318,0.304,2.252,1.37,0.183,39.4,14.2,4.6,25.5,2.5,68.2,86.1,7.5,lucas_torr__es_esp_1994_0,Lucas Torró,2957,-0.4454907055135309,-0.7489817511640966,-0.9765356944370709,-0.1766153624878004,-1.0809760770206922,0.7692421451599062,1.1685712475278274,-0.8648214098704472,1,Box-to-Box / Pressing Engine,"{""Midfielder Archetype 1 (Low xAG)"": 0.9996, ""Midfielder Archetype 2 (High xAG)"": 0.0004}",-2.267,0.252
Lucas Tousart,fr FRA,1997.0,561,15,0,1,0.4,0.5,3,18,4,17,7,5,27.0,Union Berlin,de Bundesliga,MF,Midfielder,0.064,0.08,0.481,2.888,0.642,2.727,1.123,0.802,36.2,43.3,11.4,16.6,12.9,84.4,73.5,57.6,lucas_tousart_fr_fra_1997_0,Lucas Tousart,561,-0.4891256695757885,-0.22903801424922382,-0.7024079571784354,-0.42803536182145535,-0.820822431832965,1.3882846647457607,0.658657705447297,0.09552896353900346,1,Box-to-Box / Pressing Engine,"{""Midfielder Archetype 1 (Low xAG)"": 0.9977, ""Midfielder Archetype 2 (High xAG)"": 0.0023}",-1.375,0.599
Lucas Vázquez,es ESP,1991.0,2189,32,1,5,1.4,4.7,33,99,37,58,17,19,33.0,Real Madrid,es La Liga,DF,Defender,0.058,0.193,1.357,4.07,1.521,2.385,0.699,0.781,70.1,95.9,90.8,70.1,65.2,82.3,20.3,83.6,lucas_v_zquez_es_esp_1991_0,Lucas Vázquez,2189,-0.532760633638046,1.1373257595038138,0.6542920306100665,0.26307728750966125,-0.14426901727671546,0.9425740506439455,-0.21665946800268185,0.06294841775289929,0,Ball-Playing Defender,"{""Defender Archetype 1 (Low PrgC)"": 0.0, ""Defender Archetype 2 (High xAG)"": 1.0, ""Defender Archetype 3 (Low npxG)"": 0.0}",0.528,1.099
Lucien Agoume,fr FRA,2002.0,2114,35,1,3,0.9,2.5,27,135,29,70,41,22,22.0,Sevilla,es La Liga,MF,Midfielder,0.038,0.106,1.149,5.747,1.235,2.98,1.746,0.937,19.7,55.2,56.7,76.9,43.1,90.1,96.5,66.3,lucien_agoume_fr_fra_2002_0,Lucien Agoume,2114,-0.6782105138455711,0.08534657086209452,0.33215322072421216,1.243615284910915,-0.3643990247432538,1.7180062593883316,1.9447959107759214,0.3049753293068158,1,Box-to-Box / Pressing Engine,"{""Midfielder Archetype 1 (Low xAG)"": 0.9999, ""Midfielder Archetype 2 (High xAG)"": 0.0001}",-0.95,2.641
Luck Zogbé,ci CIV,2005.0,638,13,0,0,0.3,0.1,4,19,4,32,14,4,19.0,Brest,fr Ligue 1,DF,Defender,0.042,0.014,0.564,2.68,0.564,4.514,1.975,0.564,52.5,25.9,63.2,28.9,27.0,99.7,96.8,73.7,luck_zogb__ci_civ_2005_0,Luck Zogbé,638,-0.6491205378040661,-1.0270911918394936,-0.5738621820797531,-0.5496524777781999,-0.8808578884147481,3.7171877857982283,2.4175497615307453,-0.2737172220368436,1,Stopper / Defensive Destroyer,"{""Defender Archetype 1 (Low PrgC)"": 0.0, ""Defender Archetype 2 (High xAG)"": 0.0406, ""Defender Archetype 3 (Low npxG)"": 0.9594}",-2.914,2.295
Ludovic Ajorque,fr FRA,1994.0,2495,31,13,2,9.6,3.1,35,41,10,26,6,8,30.0,Brest,fr Ligue 1,FW,Forward,0.346,0.112,1.263,1.479,0.361,0.938,0.216,0.289,71.7,40.6,55.7,22.5,2.4,46.5,35.9,7.3,ludovic_ajorque_fr_fra_1994_0,Ludovic Ajorque,2495,1.561717641350315,0.15789685973393727,0.5087100684501129,-1.2518743828938266,-1.0371040125955429,-0.9432249511260149,-1.2137778519091436,-0.7003672263786835,0,Clinical Finisher / Poacher,"{""Forward Archetype 1 (Low PrgC)"": 0.9952, ""Forward Archetype 2 (High PrgC)"": 0.0048}",0.58,-2.382
Ludovic Blas,fr FRA,1997.0,2293,29,6,8,5.0,4.6,47,116,83,38,13,44,26.0,Rennes,fr Ligue 1,"MF,FW",Midfielder,0.196,0.181,1.845,4.553,3.258,1.491,0.51,1.727,83.8,81.5,86.6,57.4,91.7,27.9,24.5,91.0,ludovic_blas_fr_fra_1997_0,Ludovic Blas,2293,0.4708435397938772,0.9922251817601283,1.410079238419186,0.5454862635053711,1.1926744196791497,-0.2225291335871148,-0.6068362269226015,1.5306244326888288,0,Deep-Lying Playmaker,"{""Midfielder Archetype 1 (Low xAG)"": 0.0003, ""Midfielder Archetype 2 (High xAG)"": 0.9997}",2.63,0.691
Luis Díaz,co COL,1997.0,2399,36,13,5,12.0,5.0,56,110,108,39,7,53,27.0,Liverpool,eng Premier League,FW,Forward,0.45,0.188,2.101,4.127,4.052,1.463,0.263,1.988,84.9,74.4,91.4,88.5,84.0,77.4,45.5,88.0,luis_d_az_co_col_1997_0,Luis Díaz,2399,2.318057018429446,1.0768671854439449,1.8065577736633145,0.29640505486319196,1.803804580268071,-0.25902006105743886,-1.1167497690031316,1.9355540731732659,1,Dynamic Winger / Dribbler,"{""Forward Archetype 1 (Low PrgC)"": 0.0076, ""Forward Archetype 2 (High PrgC)"": 0.9924}",4.025,-0.123
Luis Henrique,br BRA,2001.0,2613,33,7,7,4.2,4.2,53,143,84,16,10,51,22.0,Marseille,fr Ligue 1,"DF,FW",Defender,0.145,0.145,1.825,4.925,2.893,0.551,0.344,1.757,97.3,89.6,96.8,84.6,93.4,0.5,2.4,98.4,luis_henrique_br_bra_2001_0,Luis Henrique,2613,0.09994634526468807,0.556923448529072,1.3791043528532385,0.7629937978126259,0.9117392702900357,-1.4475816986622791,-0.9495311580374518,1.57716806952612,0,Ball-Playing Defender,"{""Defender Archetype 1 (Low PrgC)"": 0.0, ""Defender Archetype 2 (High xAG)"": 1.0, ""Defender Archetype 3 (Low npxG)"": 0.0}",2.539,0.067
Luis Milla,es ESP,1994.0,2875,33,1,4,1.0,3.9,70,152,32,61,24,21,29.0,Getafe,es La Liga,MF,Midfielder,0.031,0.122,2.191,4.758,1.002,1.91,0.751,0.657,12.9,62.2,93.7,62.7,29.5,52.4,45.6,44.9,luis_milla_es_esp_1994_0,Luis Milla,2875,-0.7291179719182049,0.27881400785367505,1.9459447587100782,0.6653492864435089,-0.5437357091478116,0.32353153105809124,-0.109309248617307,-0.12943194784123943,0,Deep-Lying Playmaker,"{""Midfielder Archetype 1 (Low xAG)"": 0.0069, ""Midfielder Archetype 2 (High xAG)"": 0.9931}",0.496,1.17
Luis Pérez,es ESP,1995.0,2558,30,0,0,0.2,2.1,27,89,41,41,29,12,29.0,Valladolid,es La Liga,DF,Defender,0.007,0.074,0.95,3.131,1.443,1.443,1.02,0.422,7.9,70.9,79.0,44.0,61.6,34.5,51.7,60.9,luis_p_rez_es_esp_1995_0,Luis Pérez,2558,-0.903657828167235,-0.3015883031210666,0.023953109343034143,-0.28595382731429697,-0.20430447385849856,-0.2850850092505275,0.44602169397242014,-0.49402376973335727,1,Stopper / Defensive Destroyer,"{""Defender Archetype 1 (Low PrgC)"": 0.0, ""Defender Archetype 2 (High xAG)"": 0.2337, ""Defender Archetype 3 (Low npxG)"": 0.7663}",-0.82,0.074
Luis Rioja,es ESP,1993.0,2854,37,5,3,1.7,4.6,36,104,97,35,22,43,30.0,"Alavés, Valencia",es La Liga,"MF,FW",Midfielder,0.054,0.145,1.135,3.28,3.059,1.104,0.694,1.356,29.8,71.1,56.1,25.3,89.9,11.8,41.0,82.9,luis_rioja_es_esp_1993_0,Luis Rioja,2854,-0.5618506096795511,0.556923448529072,0.3104708008280489,-0.1988338740568212,1.0395070368615233,-0.7268858811233794,-0.22698160448204482,0.9550347904676556,0,Deep-Lying Playmaker,"{""Midfielder Archetype 1 (Low xAG)"": 0.0009, ""Midfielder Archetype 2 (High xAG)"": 0.9991}",1.229,0.14
Luka Jović,rs SRB,1997.0,557,15,2,0,2.4,1.4,12,26,8,0,1,4,26.0,Milan,it Serie A,"FW,MF",Forward,0.388,0.226,1.939,4.201,1.293,0.0,0.162,0.646,77.8,83.8,87.5,89.6,27.9,0.3,26.1,30.6,luka_jovi__rs_srb_1997_0,Luka Jović,557,1.8671623897861183,1.5363523482989487,1.5556612005791397,0.3396726826554953,-0.3197572749773126,-2.1656710213818706,-1.3252569258862632,-0.14649794801491306,0,Clinical Finisher / Poacher,"{""Forward Archetype 1 (Low PrgC)"": 0.0011, ""Forward Archetype 2 (High PrgC)"": 0.9989}",2.641,-1.629
Luka Modrić,hr CRO,1985.0,1827,35,2,6,1.6,7.0,66,208,62,31,27,14,38.0,Real Madrid,es La Liga,MF,Midfielder,0.079,0.345,3.251,10.246,3.054,1.527,1.33,0.69,45.8,99.5,99.5,99.5,89.7,30.6,83.3,47.3,luka_modri__hr_cro_1985_0,Luka Modrić,1827,-0.3800382594201447,2.9752664109238287,3.5876136937052974,3.8741701151483876,1.0356586101575627,-0.17561222683955555,1.0859941556929236,-0.07823394732021877,0,Deep-Lying Playmaker,"{""Midfielder Archetype 1 (Low xAG)"": 0.0, ""Midfielder Archetype 2 (High xAG)"": 1.0}",3.127,4.097
Luka Sučić,hr CRO,2002.0,1792,29,1,1,3.3,2.6,25,79,30,25,15,25,21.0,Real Sociedad,es La Liga,MF,Midfielder,0.166,0.131,1.256,3.968,1.507,1.256,0.753,1.256,79.3,64.8,63.7,41.4,54.5,16.4,45.9,80.1,luka_su_i__hr_cro_2002_0,Luka Sučić,1792,0.25266871948258957,0.3876394411614392,0.49786885850203144,0.20343812487702667,-0.15504461204780476,-0.5287922748559061,-0.10518039402556181,0.7998893343433501,0,Deep-Lying Playmaker,"{""Midfielder Archetype 1 (Low xAG)"": 0.2672, ""Midfielder Archetype 2 (High xAG)"": 0.7328}",0.873,-0.034
Lukas Klostermann,de GER,1996.0,1838,28,1,0,0.3,0.1,2,83,16,27,24,4,28.0,RB Leipzig,de Bundesliga,DF,Defender,0.015,0.005,0.098,4.064,0.783,1.322,1.175,0.196,18.2,11.5,9.0,69.9,40.0,26.1,65.6,34.2,lukas_klostermann_de_ger_1996_0,Lukas Klostermann,1838,-0.845477876084225,-1.1359166251472577,-1.2955770157663307,0.25956910147244733,-0.7122967987812798,-0.44277794581871355,0.7660079248326719,-0.8446525005742876,1,Stopper / Defensive Destroyer,"{""Defender Archetype 1 (Low PrgC)"": 0.9864, ""Defender Archetype 2 (High xAG)"": 0.0001, ""Defender Archetype 3 (Low npxG)"": 0.0135}",-2.177,-0.208
Lukas Kübler,de GER,1992.0,1842,28,5,1,2.7,0.8,11,78,24,40,53,0,31.0,Freiburg,de Bundesliga,DF,Defender,0.132,0.039,0.537,3.811,1.173,1.954,2.59,0.0,96.1,52.3,61.0,63.5,54.8,64.3,99.9,4.3,lukas_k_bler_de_ger_1992_0,Lukas Kübler,1842,0.005403923129796869,-0.724798321540149,-0.6156782775937822,0.11164059023659917,-0.4121195158723636,0.3808744170828862,3.6871725484923887,-1.1487375945779261,1,Stopper / Defensive Destroyer,"{""Defender Archetype 1 (Low PrgC)"": 0.9997, ""Defender Archetype 2 (High xAG)"": 0.0002, ""Defender Archetype 3 (Low npxG)"": 0.0}",-2.551,1.138
Lukas Nmecha,de GER,1998.0,467,19,3,0,4.5,0.3,3,6,8,2,2,4,25.0,Wolfsburg,de Bundesliga,"FW,MF",Forward,0.867,0.058,0.578,1.156,1.542,0.385,0.385,0.771,99.6,11.8,10.0,13.3,35.9,11.6,66.1,40.7,lukas_nmecha_de_ger_1998_0,Lukas Nmecha,467,5.350687020756344,-0.4950557401126471,-0.5521797621835899,-1.4407317312305024,-0.1281056251200814,-1.663920768664915,-0.8648896389066755,0.04743387214046874,0,Clinical Finisher / Poacher,"{""Forward Archetype 1 (Low PrgC)"": 1.0, ""Forward Archetype 2 (High PrgC)"": 0.0}",1.707,-4.34
Lukas Ullrich,de GER,2004.0,1903,26,1,2,0.9,1.8,8,39,31,25,23,8,20.0,Gladbach,de Bundesliga,DF,Defender,0.043,0.085,0.378,1.844,1.466,1.182,1.088,0.378,54.1,74.1,47.1,7.1,62.4,17.4,59.0,56.6,lukas_ullrich_de_ger_2004_0,Lukas Ullrich,1903,-0.6418480437936899,-0.16857944018935483,-0.8619286178430652,-1.0384597322966544,-0.1866017110202805,-0.6252325831703339,0.5864027500917565,-0.5622877704280517,1,Stopper / Defensive Destroyer,"{""Defender Archetype 1 (Low PrgC)"": 0.0, ""Defender Archetype 2 (High xAG)"": 0.0835, ""Defender Archetype 3 (Low npxG)"": 0.9165}",-1.123,-0.754
Luke Thomas,eng ENG,2001.0,1110,14,0,0,0.4,0.5,9,37,5,31,21,3,23.0,Leicester City,eng Premier League,DF,Defender,0.032,0.041,0.73,3.0,0.405,2.514,1.703,0.243,40.6,53.3,70.9,39.6,19.1,87.3,93.0,40.5,luke_thomas_eng_eng_2001_0,Luke Thomas,1110,-0.7218454779078287,-0.7006148919162014,-0.31677063188238863,-0.3625492224601312,-1.0032378576006908,1.110692966489367,1.8560255370534002,-0.771734136195864,1,Stopper / Defensive Destroyer,"{""Defender Archetype 1 (Low PrgC)"": 0.0007, ""Defender Archetype 2 (High xAG)"": 0.0561, ""Defender Archetype 3 (Low npxG)"": 0.9432}",-2.273,0.887
Luke Woolfenden,eng ENG,1998.0,1187,15,0,0,0.0,0.0,0,15,7,9,19,0,25.0,Ipswich Town,eng Premier League,DF,Defender,0.0,0.0,0.0,1.137,0.531,0.682,1.441,0.0,2.6,4.3,1.9,0.7,24.9,1.3,84.1,4.3,luke_woolfenden_eng_eng_1998_0,Luke Woolfenden,1187,-0.9545652862398688,-1.1963751992071265,-1.4473539550394734,-1.4518409870150126,-0.9062575046608871,-1.276856287997549,1.3151455855347811,-1.1487375945779261,1,Stopper / Defensive Destroyer,"{""Defender Archetype 1 (Low PrgC)"": 0.9972, ""Defender Archetype 2 (High xAG)"": 0.0001, ""Defender Archetype 3 (Low npxG)"": 0.0027}",-2.652,-1.441
Lutsharel Geertruida,nl NED,2000.0,1557,24,1,0,1.1,1.0,10,93,21,35,16,7,24.0,RB Leipzig,de Bundesliga,DF,Defender,0.064,0.058,0.578,5.376,1.214,2.023,0.925,0.405,75.3,63.4,64.0,89.5,55.7,68.2,41.2,59.8,lutsharel_geertruida_nl_ned_2000_0,Lutsharel Geertruida,1557,-0.4891256695757885,-0.4950557401126471,-0.5521797621835899,1.0266924482765294,-0.38056241689988785,0.47079848834904214,0.249901100864524,-0.5203984972744892,1,Stopper / Defensive Destroyer,"{""Defender Archetype 1 (Low PrgC)"": 0.0433, ""Defender Archetype 2 (High xAG)"": 0.0801, ""Defender Archetype 3 (Low npxG)"": 0.8766}",-1.106,0.735
László Bénes,sk SVK,1997.0,589,23,2,1,0.9,1.0,19,28,6,2,3,1,26.0,Union Berlin,de Bundesliga,"MF,FW",Midfielder,0.138,0.153,2.903,4.278,0.917,0.306,0.458,0.153,70.6,74.3,98.8,49.4,24.5,0.2,20.4,5.6,l_szl__b_nes_sk_svk_1997_0,László Bénes,589,0.04903888719205444,0.6536571670248624,3.0486506848578108,0.38469440346640554,-0.6091589631151394,-1.7668773140276148,-0.7141864463079762,-0.9113650467077389,0,Deep-Lying Playmaker,"{""Midfielder Archetype 1 (Low xAG)"": 0.0, ""Midfielder Archetype 2 (High xAG)"": 1.0}",1.618,-0.404
Léo Pétrot,fr FRA,1997.0,2634,31,0,3,0.6,1.6,16,93,28,62,42,7,27.0,Saint-Étienne,fr Ligue 1,DF,Defender,0.021,0.055,0.547,3.178,0.957,2.118,1.435,0.239,26.7,61.1,61.8,44.8,48.0,71.7,83.7,40.1,l_o_p_trot_fr_fra_1997_0,Léo Pétrot,2634,-0.8018429120219674,-0.5313308845485685,-0.6001908348108085,-0.25847303668945554,-0.5783715494834557,0.5946069922662127,1.3027590217595457,-0.7779399544408362,1,Stopper / Defensive Destroyer,"{""Defender Archetype 1 (Low PrgC)"": 0.0068, ""Defender Archetype 2 (High xAG)"": 0.0072, ""Defender Archetype 3 (Low npxG)"": 0.986}",-1.885,0.535
Léo Scienza,br BRA,1998.0,1153,25,3,3,2.0,3.7,34,30,70,17,5,37,25.0,Heidenheim,de Bundesliga,"FW,MF",Forward,0.156,0.289,2.654,2.342,5.464,1.327,0.39,2.888,16.4,93.0,97.3,53.9,94.9,71.8,67.5,97.8,l_o_scienza_br_bra_1998_0,Léo Scienza,1153,0.17994377937882694,2.298130381453297,2.6630133595617638,-0.7472802912079101,2.8906002814665066,-0.43626170877044157,-0.8545675024273125,3.3318631782920147,1,Dynamic Winger / Dribbler,"{""Forward Archetype 1 (Low PrgC)"": 0.0, ""Forward Archetype 2 (High PrgC)"": 1.0}",5.182,0.973
M'Bala Nzola,ao ANG,1996.0,1460,21,6,1,8.6,1.3,20,22,26,5,5,14,27.0,Lens,fr Ligue 1,FW,Forward,0.53,0.08,1.233,1.356,1.603,0.308,0.308,0.863,92.2,23.5,54.1,19.1,37.5,6.7,53.2,44.5,m_bala_nzola_ao_ang_1996_0,M'Bala Nzola,1460,2.8998565392595466,-0.22903801424922382,0.4622477401011919,-1.3237921966567092,-0.08115481933176379,-1.7642708192083059,-1.023850540688865,0.1901676917748297,0,Clinical Finisher / Poacher,"{""Forward Archetype 1 (Low PrgC)"": 0.9997, ""Forward Archetype 2 (High PrgC)"": 0.0003}",1.65,-3.097
Mads Roerslev,dk DEN,1999.0,1399,26,0,2,0.2,3.0,15,64,24,28,9,9,25.0,"Brentford, Wolfsburg","eng Premier League, de Bundesliga",DF,Defender,0.013,0.193,0.965,4.117,1.544,1.801,0.579,0.579,15.6,95.9,79.7,71.8,65.8,55.5,10.8,74.6,mads_roerslev_dk_den_1999_0,Mads Roerslev,1399,-0.8600228641049775,1.1373257595038138,0.04718427351749481,0.2905580781345024,-0.12656625443849723,0.18147756340575838,-0.4643907435073928,-0.2504454036181978,0,Ball-Playing Defender,"{""Defender Archetype 1 (Low PrgC)"": 0.0, ""Defender Archetype 2 (High xAG)"": 1.0, ""Defender Archetype 3 (Low npxG)"": 0.0}",0.252,0.573
Maghnes Akliouche,fr FRA,2002.0,2406,32,5,10,8.4,7.3,49,173,127,51,15,50,22.0,Monaco,fr Ligue 1,"FW,MF",Forward,0.314,0.273,1.833,6.471,4.751,1.908,0.561,1.87,64.7,91.4,84.7,98.0,89.8,91.6,87.1,85.8,maghnes_akliouche_fr_fra_2002_0,Maghnes Akliouche,2406,1.3289978330182752,2.1046629444617166,1.3914943070796175,1.6669364000680456,2.3418146334817442,0.3209250362387824,-0.5015504348330992,1.7524824349465855,1,Dynamic Winger / Dribbler,"{""Forward Archetype 1 (Low PrgC)"": 0.0, ""Forward Archetype 2 (High PrgC)"": 1.0}",3.917,1.698
Magnus Knudsen,no NOR,2001.0,1850,31,0,1,0.7,1.3,8,54,16,48,12,9,23.0,Holstein Kiel,de Bundesliga,MF,Midfielder,0.034,0.063,0.389,2.627,0.778,2.335,0.584,0.438,16.3,31.8,8.3,11.8,18.9,72.5,31.8,26.2,magnus_knudsen_no_nor_2001_0,Magnus Knudsen,1850,-0.7073004898870762,-0.43459716605277815,-0.844892430781794,-0.5806414544402553,-0.7161452254852403,0.8774116801612242,-0.4540686070280298,-0.46920049675346837,1,Box-to-Box / Pressing Engine,"{""Midfielder Archetype 1 (Low xAG)"": 0.9926, ""Midfielder Archetype 2 (High xAG)"": 0.0074}",-1.326,-0.212
Magnus Kofod Andersen,dk DEN,1999.0,695,14,1,1,0.3,0.5,9,24,7,13,6,2,25.0,Venezia,it Serie A,MF,Midfielder,0.039,0.065,1.165,3.108,0.906,1.683,0.777,0.259,20.2,33.1,59.0,21.4,23.9,38.6,47.9,13.1,magnus_kofod_andersen_dk_den_1999_0,Magnus Kofod Andersen,695,-0.6709380198351949,-0.4104137364288306,0.35693312917697023,-0.299401873790283,-0.6176255018638523,0.027694369066535753,-0.05563413892461957,-0.7469108632159751,1,Box-to-Box / Pressing Engine,"{""Midfielder Archetype 1 (Low xAG)"": 0.9279, ""Midfielder Archetype 2 (High xAG)"": 0.0721}",-0.809,-0.102
Mahamadou Diawara,fr FRA,2005.0,598,17,0,1,0.4,0.4,7,17,10,21,13,6,19.0,"Le Havre, Lyon",fr Ligue 1,MF,Midfielder,0.06,0.06,1.054,2.559,1.505,3.161,1.957,0.903,33.7,29.0,52.1,10.1,54.2,94.2,98.3,64.4,mahamadou_diawara_fr_fra_2005_0,Mahamadou Diawara,598,-0.5182156456172936,-0.47087231048869954,0.18502251428596145,-0.6204008961953447,-0.15658398272938895,1.9538940405357836,2.380390070205038,0.25222587422455195,1,Box-to-Box / Pressing Engine,"{""Midfielder Archetype 1 (Low xAG)"": 1.0, ""Midfielder Archetype 2 (High xAG)"": 0.0}",-1.447,1.75
Mahdi Camara,fr FRA,1998.0,2659,34,5,3,4.1,2.0,26,111,58,71,33,29,26.0,Brest,fr Ligue 1,"MF,FW",Midfielder,0.139,0.068,0.88,3.757,1.963,2.403,1.117,0.982,71.0,35.1,40.9,36.8,68.1,75.1,73.0,69.8,mahdi_camara_fr_fra_1998_0,Mahdi Camara,2659,0.0563113812024307,-0.3741385919929092,-0.08445899013778213,0.08006691590167518,0.19593190335338967,0.9660325040177256,0.6462711416720615,0.37479078456275317,1,Box-to-Box / Pressing Engine,"{""Midfielder Archetype 1 (Low xAG)"": 0.9686, ""Midfielder Archetype 2 (High xAG)"": 0.0314}",-0.339,0.767
Malang Sarr,fr FRA,1999.0,1385,21,0,0,0.3,0.3,5,54,4,21,22,2,25.0,Lens,fr Ligue 1,DF,Defender,0.019,0.019,0.325,3.509,0.26,1.365,1.43,0.13,23.9,31.6,41.7,56.1,10.0,29.6,83.6,24.0,malang_sarr_fr_fra_1999_0,Malang Sarr,1385,-0.81638790004272,-0.9666326177796246,-0.9440120645928262,-0.06493810696982823,-1.1148422320155442,-0.38673830720357316,1.2924368852801824,-0.9470485016163291,1,Stopper / Defensive Destroyer,"{""Defender Archetype 1 (Low PrgC)"": 0.9772, ""Defender Archetype 2 (High xAG)"": 0.0001, ""Defender Archetype 3 (Low npxG)"": 0.0227}",-2.353,-0.141
Malick Fofana,be BEL,2005.0,1589,29,5,4,3.8,3.7,25,45,112,22,8,24,19.0,Lyon,fr Ligue 1,FW,Forward,0.215,0.21,1.416,2.549,6.344,1.246,0.453,1.359,34.5,80.7,66.5,61.9,96.9,65.6,76.9,67.6,malick_fofana_be_bel_2005_0,Malick Fofana,1589,0.609020925991026,1.342884911307368,0.7456679430296116,-0.6262478729240344,3.5679233813635483,-0.5418247489524504,-0.7245085827873392,0.9596891541513847,1,Dynamic Winger / Dribbler,"{""Forward Archetype 1 (Low PrgC)"": 0.0, ""Forward Archetype 2 (High PrgC)"": 1.0}",3.348,0.027
Malick Thiaw,de GER,2001.0,1806,22,0,0,0.6,0.1,4,89,12,24,15,3,22.0,Milan,it Serie A,DF,Defender,0.03,0.005,0.199,4.435,0.598,1.196,0.748,0.15,38.6,11.5,23.0,77.8,29.3,18.2,24.3,27.5,malick_thiaw_de_ger_2001_0,Malick Thiaw,1806,-0.7363904659285812,-1.1359166251472577,-1.1391538436582955,0.476491938106833,-0.854688586827817,-0.6069871194351719,-0.11550253050492477,-0.916019410391468,1,Stopper / Defensive Destroyer,"{""Defender Archetype 1 (Low PrgC)"": 0.9926, ""Defender Archetype 2 (High xAG)"": 0.0002, ""Defender Archetype 3 (Low npxG)"": 0.0072}",-1.821,-0.548
Malo Gusto,fr FRA,2003.0,1862,32,0,1,1.7,1.4,22,119,50,45,24,4,21.0,Chelsea,eng Premier League,DF,Defender,0.082,0.068,1.063,5.752,2.417,2.175,1.16,0.193,85.9,68.7,84.2,92.4,87.6,74.0,64.6,33.6,malo_gusto_fr_fra_2003_0,Malo Gusto,1862,-0.3582207773890159,-0.3741385919929092,0.19896121279063766,1.2465387732752597,0.5453690480729996,0.6688920946165151,0.7350415153945827,-0.8493068642580166,0,Ball-Playing Defender,"{""Defender Archetype 1 (Low PrgC)"": 0.0, ""Defender Archetype 2 (High xAG)"": 0.9574, ""Defender Archetype 3 (Low npxG)"": 0.0426}",-0.598,1.398
Mama Samba Baldé,gw GNB,1995.0,1182,29,2,3,3.1,2.1,16,23,36,15,7,17,28.0,"Lyon, Brest",fr Ligue 1,FW,Forward,0.236,0.16,1.218,1.751,2.741,1.142,0.533,1.294,42.0,62.3,53.0,32.4,62.1,60.3,84.5,63.6,mama_samba_bald__gw_gnb_1995_0,Mama Samba Baldé,1182,0.7617433002089272,0.7382991707086789,0.43901657592673105,-1.0928366158734684,0.7947470984896379,-0.6773624795565112,-0.5593543991175318,0.8588446076705862,0,Clinical Finisher / Poacher,"{""Forward Archetype 1 (Low PrgC)"": 0.7788, ""Forward Archetype 2 (High PrgC)"": 0.2212}",1.703,-0.968
Mamadou Diakhon,fr FRA,2005.0,858,28,2,1,1.0,1.1,13,17,61,12,4,25,18.0,Reims,fr Ligue 1,"FW,MF",Forward,0.105,0.115,1.364,1.783,6.399,1.259,0.42,2.622,5.5,42.1,63.1,35.0,97.3,66.5,71.8,96.2,mamadou_diakhon_fr_fra_2005_0,Mamadou Diakhon,858,-0.1909534151503621,0.19417200416985866,0.6651332405581483,-1.0741262903416615,3.610256075107113,-0.5248825326269428,-0.7926346835511348,2.919176265001362,1,Dynamic Winger / Dribbler,"{""Forward Archetype 1 (Low PrgC)"": 0.0, ""Forward Archetype 2 (High PrgC)"": 1.0}",3.331,0.153
Mamadou Sarr,fr FRA,2005.0,2365,27,0,1,0.8,0.3,5,52,7,37,25,10,18.0,Strasbourg,fr Ligue 1,DF,Defender,0.03,0.011,0.19,1.979,0.266,1.408,0.951,0.381,38.6,20.6,21.6,9.7,10.8,32.4,44.3,56.9,mamadou_sarr_fr_fra_2005_0,Mamadou Sarr,2365,-0.7363904659285812,-1.063366336275415,-1.153092542162972,-0.9595255464593443,-1.1102241199707916,-0.3306986685884328,0.3035762105572112,-0.5576334067443225,1,Stopper / Defensive Destroyer,"{""Defender Archetype 1 (Low PrgC)"": 0.9772, ""Defender Archetype 2 (High xAG)"": 0.0003, ""Defender Archetype 3 (Low npxG)"": 0.0225}",-2.032,-1.01
Mamadou Sylla,sn SEN,1994.0,1583,29,5,1,2.0,1.7,14,22,15,8,3,5,30.0,Valladolid,es La Liga,"FW,MF",Forward,0.114,0.097,0.796,1.251,0.853,0.455,0.171,0.284,7.1,33.9,23.7,16.0,13.1,15.5,27.5,7.1,mamadou_sylla_sn_sen_1994_0,Mamadou Sylla,1583,-0.12550096905697575,-0.023478862445669473,-0.2145535095147617,-1.3851854523079508,-0.6584188249258334,-1.5726934499891045,-1.30667708022341,-0.7081244991848988,0,Clinical Finisher / Poacher,"{""Forward Archetype 1 (Low PrgC)"": 0.9982, ""Forward Archetype 2 (High PrgC)"": 0.0018}",-0.075,-2.277
Mandela Keita,be BEL,2002.0,1826,30,0,2,0.1,1.0,15,50,13,44,21,17,22.0,Parma,it Serie A,MF,Midfielder,0.005,0.049,0.739,2.464,0.641,2.169,1.035,0.838,0.9,21.7,30.3,9.1,12.7,63.6,67.8,60.9,mandela_keita_be_bel_2002_0,Mandela Keita,1826,-0.9182028161879875,-0.6038811734204111,-0.30283193337771225,-0.6759471751178964,-0.8215921171737569,0.6610726101585889,0.4769881034105088,0.1513813277437533,1,Box-to-Box / Pressing Engine,"{""Midfielder Archetype 1 (Low xAG)"": 0.9839, ""Midfielder Archetype 2 (High xAG)"": 0.0161}",-1.309,0.226
Manolis Saliakas,gr GRE,1996.0,2314,30,2,1,1.5,2.6,26,93,28,46,20,3,27.0,St. Pauli,de Bundesliga,"MF,DF",Midfielder,0.058,0.101,1.011,3.617,1.089,1.789,0.778,0.117,32.7,52.6,50.3,33.2,33.9,46.1,48.1,3.3,manolis_saliakas_gr_gre_1996_0,Manolis Saliakas,2314,-0.532760633638046,0.024887996802225705,0.11842651031917402,-0.0017907582999799664,-0.47677308449889944,0.1658385944899052,-0.05356971162874698,-0.9672174109124888,1,Box-to-Box / Pressing Engine,"{""Midfielder Archetype 1 (Low xAG)"": 0.9531, ""Midfielder Archetype 2 (High xAG)"": 0.0469}",-0.708,0.09
Manu Koné,fr FRA,2001.0,2572,34,2,1,3.4,1.7,19,144,70,41,24,30,23.0,Roma,it Serie A,MF,Midfielder,0.119,0.059,0.665,5.039,2.449,1.435,0.84,1.05,66.2,28.2,24.9,67.8,81.8,24.9,53.6,73.8,manu_kon__fr_fra_2001_0,Manu Koné,2572,-0.08913849900509453,-0.48296402530067334,-0.417439009971718,0.8296493325196878,0.5699989789783465,-0.295510988527763,0.07442478071535358,0.48028969472728095,1,Box-to-Box / Pressing Engine,"{""Midfielder Archetype 1 (Low xAG)"": 0.639, ""Midfielder Archetype 2 (High xAG)"": 0.361}",0.075,0.345
Manu Morlanes,es ESP,1999.0,1338,23,0,0,0.6,0.3,10,88,16,43,24,3,25.0,Mallorca,es La Liga,MF,Midfielder,0.04,0.02,0.673,5.919,1.076,2.892,1.614,0.202,20.8,6.7,25.5,79.6,32.9,88.6,94.4,8.6,manu_morlanes_es_esp_1999_0,Manu Morlanes,1338,-0.6636655258248185,-0.9545409029676508,-0.405049055745339,1.3441832846443769,-0.4867789939291966,1.6033204873387417,1.6722915077207396,-0.8353437732068293,1,Box-to-Box / Pressing Engine,"{""Midfielder Archetype 1 (Low xAG)"": 0.9998, ""Midfielder Archetype 2 (High xAG)"": 0.0002}",-2.139,1.991
Manu Sánchez,es ESP,2000.0,2634,33,1,0,1.7,1.2,16,78,47,83,30,8,23.0,Alavés,es La Liga,DF,Defender,0.058,0.041,0.547,2.665,1.606,2.836,1.025,0.273,70.1,53.3,61.8,28.3,67.4,94.1,52.3,45.0,manu_s_nchez_es_esp_2000_0,Manu Sánchez,2634,-0.532760633638046,-0.7006148919162014,-0.6001908348108085,-0.5584229428712344,-0.07884576330938742,1.5303386323980936,0.4563438304517829,-0.7251904993585723,1,Stopper / Defensive Destroyer,"{""Defender Archetype 1 (Low PrgC)"": 0.0, ""Defender Archetype 2 (High xAG)"": 0.0273, ""Defender Archetype 3 (Low npxG)"": 0.9727}",-1.534,0.497
Manuel Akanji,ch SUI,1995.0,2014,26,0,0,1.6,0.4,9,158,46,19,9,2,29.0,Manchester City,eng Premier League,DF,Defender,0.071,0.018,0.402,7.061,2.056,0.849,0.402,0.089,80.4,30.3,49.8,97.9,80.1,4.4,3.5,15.8,manuel_akanji_ch_sui_1995_0,Manuel Akanji,2014,-0.43821821150315476,-0.9787243325915984,-0.824758755163928,2.0119080270607346,0.2675126400470543,-1.0592139705852592,-0.8297943748768414,-1.0106581386272944,1,Stopper / Defensive Destroyer,"{""Defender Archetype 1 (Low PrgC)"": 0.8628, ""Defender Archetype 2 (High xAG)"": 0.1263, ""Defender Archetype 3 (Low npxG)"": 0.0109}",-0.664,-0.056
Manuel Fuster,es ESP,1997.0,1003,28,2,1,0.7,1.8,28,71,23,19,4,5,26.0,Las Palmas,es La Liga,"FW,MF",Forward,0.063,0.162,2.512,6.371,2.064,1.705,0.359,0.449,1.1,63.4,96.5,97.1,47.3,87.8,61.4,17.7,manuel_fuster_es_esp_1997_0,Manuel Fuster,1003,-0.4963981635861648,0.7624826003326265,2.4430916720435363,1.6084666327811494,0.27367012277339103,0.05636581207893324,-0.9185647485993629,-0.45213449657979476,1,Dynamic Winger / Dribbler,"{""Forward Archetype 1 (Low PrgC)"": 0.0, ""Forward Archetype 2 (High PrgC)"": 1.0}",1.607,1.442
Manuel Lazzari,it ITA,1993.0,1406,25,0,1,0.1,1.3,20,66,72,26,10,15,30.0,Lazio,it Serie A,DF,Defender,0.006,0.083,1.28,4.225,4.609,1.664,0.64,0.96,7.0,73.6,88.9,74.2,99.3,48.8,15.6,89.8,manuel_lazzari_it_ita_1993_0,Manuel Lazzari,1406,-0.9109303221776113,-0.19276286981330243,0.5350387211811685,0.3537054268043504,2.232519315089267,0.0029326682831014093,-0.3384606784591646,0.3406587842154059,0,Ball-Playing Defender,"{""Defender Archetype 1 (Low PrgC)"": 0.0, ""Defender Archetype 2 (High xAG)"": 0.9882, ""Defender Archetype 3 (Low npxG)"": 0.0118}",1.082,0.957
Manuel Locatelli,it ITA,1998.0,2822,36,2,2,1.0,2.5,29,294,33,72,23,8,26.0,Juventus,it Serie A,MF,Midfielder,0.032,0.08,0.925,9.376,1.052,2.296,0.734,0.255,14.1,43.3,43.9,98.0,31.9,70.6,44.4,12.9,manuel_locatelli_it_ita_1998_0,Manuel Locatelli,2822,-0.7218454779078287,-0.22903801424922382,-0.014765497614400132,3.3654831397523877,-0.5052514421082068,0.8265850311847012,-0.14440451264714108,-0.7531166814609473,1,Box-to-Box / Pressing Engine,"{""Midfielder Archetype 1 (Low xAG)"": 0.8244, ""Midfielder Archetype 2 (High xAG)"": 0.1756}",-0.759,2.25
Manuel Ugarte Ribeiro,uy URU,2001.0,1785,29,1,2,1.0,1.1,10,61,16,77,27,18,23.0,Manchester Utd,eng Premier League,MF,Midfielder,0.05,0.055,0.504,3.076,0.807,3.882,1.361,0.908,27.4,25.6,12.4,20.7,20.1,98.3,85.4,64.9,manuel_ugarte_ribeiro_uy_uru_2001_0,Manuel Ugarte Ribeiro,1785,-0.590940585721056,-0.5313308845485685,-0.6667868387775957,-0.3181121993220899,-0.6938243506022695,2.893535422896628,1.1499914018649737,0.2599831470307672,1,Box-to-Box / Pressing Engine,"{""Midfielder Archetype 1 (Low xAG)"": 1.0, ""Midfielder Archetype 2 (High xAG)"": 0.0}",-1.83,1.666
Marash Kumbulla,al ALB,2000.0,2972,35,3,0,1.8,0.0,1,71,11,51,34,4,24.0,Espanyol,es La Liga,DF,Defender,0.055,0.0,0.03,2.15,0.333,1.544,1.03,0.121,66.8,4.3,3.9,14.0,14.6,40.2,53.1,22.4,marash_kumbulla_al_alb_2000_0,Marash Kumbulla,2972,-0.5545781156691748,-1.1963751992071265,-1.4008916266905522,-0.8595422443987514,-1.0586552021377216,-0.15345702087543006,0.4666659669311461,-0.9610115926675166,1,Stopper / Defensive Destroyer,"{""Defender Archetype 1 (Low PrgC)"": 0.9979, ""Defender Archetype 2 (High xAG)"": 0.0001, ""Defender Archetype 3 (Low npxG)"": 0.002}",-2.365,-1.005
Marc Bartra,es ESP,1991.0,2099,25,2,1,1.2,0.2,4,68,7,33,33,7,33.0,Betis,es La Liga,DF,Defender,0.051,0.009,0.172,2.916,0.3,1.415,1.415,0.3,62.4,17.1,18.6,36.8,13.0,33.0,82.4,48.9,marc_bartra_es_esp_1991_0,Marc Bartra,2099,-0.5836680917106799,-1.0875497658993627,-1.1809699391723247,-0.4116638269811243,-1.0840548183838605,-0.3215759367208516,1.2614704758420938,-0.6833012262050099,1,Stopper / Defensive Destroyer,"{""Defender Archetype 1 (Low PrgC)"": 0.9881, ""Defender Archetype 2 (High xAG)"": 0.0001, ""Defender Archetype 3 (Low npxG)"": 0.0118}",-2.341,-0.433
Marc Casado,es ESP,2003.0,1611,23,1,3,1.1,1.4,9,107,12,44,22,4,20.0,Barcelona,es La Liga,MF,Midfielder,0.061,0.078,0.503,5.978,0.67,2.458,1.229,0.223,34.3,41.6,12.3,81.1,14.1,75.8,77.9,10.5,marc_casado_es_esp_2003_0,Marc Casado,1611,-0.5109431516069173,-0.2532214438731714,-0.668335583055893,1.3786804473436458,-0.7992712422907864,1.0377111115487194,0.8774869988097919,-0.8027632274207251,1,Box-to-Box / Pressing Engine,"{""Midfielder Archetype 1 (Low xAG)"": 0.9945, ""Midfielder Archetype 2 (High xAG)"": 0.0055}",-1.638,1.367
Marc Cucurella,es ESP,1998.0,2988,36,5,1,2.8,2.1,19,118,35,67,28,4,26.0,Chelsea,eng Premier League,DF,Defender,0.084,0.063,0.572,3.554,1.054,2.018,0.843,0.12,86.7,65.4,63.4,57.1,51.6,67.9,32.5,22.1,marc_cucurella_es_esp_1998_0,Marc Cucurella,2988,-0.3436757893682634,-0.43459716605277815,-0.5614722278533741,-0.038626711690724846,-0.5037120714266227,0.46428225130076956,0.08061806260297136,-0.9625630472287596,1,Stopper / Defensive Destroyer,"{""Defender Archetype 1 (Low PrgC)"": 0.0107, ""Defender Archetype 2 (High xAG)"": 0.1527, ""Defender Archetype 3 (Low npxG)"": 0.8365}",-1.269,-0.043
Marc Guéhi,eng ENG,2000.0,3059,34,3,2,2.0,1.8,16,134,22,61,28,12,24.0,Crystal Palace,eng Premier League,DF,Defender,0.059,0.053,0.471,3.942,0.647,1.795,0.824,0.353,71.2,60.0,56.6,66.3,32.2,55.3,30.5,54.6,marc_gu_hi_eng_eng_2000_0,Marc Guéhi,3059,-0.5254881396276698,-0.5555143141725161,-0.7178953999614092,0.1882359853824337,-0.8169740051290044,0.17365807894783178,0.04139394398139208,-0.601074134459128,1,Stopper / Defensive Destroyer,"{""Defender Archetype 1 (Low PrgC)"": 0.1403, ""Defender Archetype 2 (High xAG)"": 0.0245, ""Defender Archetype 3 (Low npxG)"": 0.8353}",-1.364,-0.074
Marc Roca,es ESP,1996.0,906,14,2,2,1.1,1.0,12,59,11,20,14,4,27.0,Betis,es La Liga,MF,Midfielder,0.109,0.099,1.192,5.861,1.093,1.987,1.391,0.397,61.1,51.7,60.4,78.9,34.3,54.9,87.7,22.6,marc_roca_es_esp_1996_0,Marc Roca,906,-0.16186343910885703,0.0007045671782781161,0.39874922469099927,1.3102708196179769,-0.4736943431357311,0.4238815816014826,1.2119242207411516,-0.5328101337644335,1,Box-to-Box / Pressing Engine,"{""Midfielder Archetype 1 (Low xAG)"": 0.9971, ""Midfielder Archetype 2 (High xAG)"": 0.0029}",-0.699,1.387
Marc-Oliver Kempf,de GER,1995.0,2615,31,0,0,1.6,1.2,10,85,17,30,33,4,29.0,Como,it Serie A,DF,Defender,0.055,0.041,0.344,2.925,0.585,1.033,1.136,0.138,66.8,53.3,43.6,36.9,27.7,11.1,63.1,25.8,marc_oliver_kempf_de_ger_1995_0,Marc-Oliver Kempf,2615,-0.5545781156691748,-0.7006148919162014,-0.914585923305176,-0.4064015479253037,-0.8646944962581142,-0.8194164472088441,0.6854952602936405,-0.9346368651263847,1,Stopper / Defensive Destroyer,"{""Defender Archetype 1 (Low PrgC)"": 0.8209, ""Defender Archetype 2 (High xAG)"": 0.0013, ""Defender Archetype 3 (Low npxG)"": 0.1778}",-1.762,-0.785
Marcel Sabitzer,at AUT,1994.0,1616,26,1,0,1.8,1.6,12,97,24,29,10,6,30.0,Dortmund,de Bundesliga,MF,Midfielder,0.1,0.089,0.668,5.402,1.337,1.615,0.557,0.334,56.4,48.0,25.0,73.6,48.0,35.2,29.6,17.4,marcel_sabitzer_at_aut_1994_0,Marcel Sabitzer,1616,-0.2273158852022433,-0.12021258094145984,-0.4127927771368259,1.0418945877711223,-0.2858911199824605,-0.060926454789965584,-0.5098081440165896,-0.630551771122746,1,Box-to-Box / Pressing Engine,"{""Midfielder Archetype 1 (Low xAG)"": 0.9345, ""Midfielder Archetype 2 (High xAG)"": 0.0655}",-0.442,0.176
Marco Asensio,es ESP,1996.0,1361,25,5,5,8.5,3.7,32,81,41,11,2,16,28.0,"Aston Villa, Paris S-G","eng Premier League, fr Ligue 1",MF,Midfielder,0.562,0.245,2.116,5.356,2.711,0.727,0.132,1.058,100.0,93.1,92.2,72.9,86.2,3.0,2.2,74.3,marco_asensio_es_esp_1996_0,Marco Asensio,1361,3.132576347591587,1.7660949297264505,1.8297889378377754,1.0149984948191497,0.7716565382658749,-1.2182101545630997,-1.387189744762441,0.49270133121722537,0,Deep-Lying Playmaker,"{""Midfielder Archetype 1 (Low xAG)"": 0.0, ""Midfielder Archetype 2 (High xAG)"": 1.0}",3.891,-0.916
Marco Brescianini,it ITA,2000.0,991,29,4,2,3.1,1.0,7,36,46,18,2,8,24.0,Atalanta,it Serie A,MF,Midfielder,0.282,0.091,0.636,3.269,4.178,1.635,0.182,0.727,92.9,48.8,22.7,24.9,96.4,36.3,3.6,51.1,marco_brescianini_it_ita_2000_0,Marco Brescianini,991,1.096278024686235,-0.09602915131751225,-0.46235259404234197,-0.20526554845837963,1.900784933207875,-0.03486150659687696,-1.2839683799688115,-0.02083012855422571,0,Deep-Lying Playmaker,"{""Midfielder Archetype 1 (Low xAG)"": 0.0, ""Midfielder Archetype 2 (High xAG)"": 1.0}",1.334,-0.849
Marco Friedl,at AUT,1998.0,2161,26,0,0,0.5,0.2,3,69,4,62,34,6,26.0,Werder Bremen,de Bundesliga,DF,Defender,0.021,0.008,0.125,2.874,0.167,2.582,1.416,0.25,26.7,15.2,12.4,35.2,5.8,89.8,82.5,41.6,marco_friedl_at_aut_1998_0,Marco Friedl,2161,-0.8018429120219674,-1.0996414807113362,-1.2537609202523015,-0.43622112924162076,-1.186422968709209,1.1993137903458684,1.2635349031379661,-0.7608739542671626,1,Stopper / Defensive Destroyer,"{""Defender Archetype 1 (Low PrgC)"": 0.9194, ""Defender Archetype 2 (High xAG)"": 0.0007, ""Defender Archetype 3 (Low npxG)"": 0.0799}",-2.79,0.383
Marco Grüll,at AUT,1998.0,1181,30,6,1,4.0,1.8,11,38,24,12,3,13,26.0,Werder Bremen,de Bundesliga,"FW,MF",Forward,0.305,0.137,0.838,2.896,1.829,0.914,0.229,0.991,61.4,52.1,27.3,70.4,43.7,44.8,38.7,51.1,marco_gr_ll_at_aut_1998_0,Marco Grüll,1181,1.263545386924889,0.460189730033282,-0.149506249826272,-0.42335778043850364,0.09279406768724915,-0.9745028889577212,-1.1869402970627998,0.38875387561394065,0,Clinical Finisher / Poacher,"{""Forward Archetype 1 (Low PrgC)"": 0.9779, ""Forward Archetype 2 (High PrgC)"": 0.0221}",1.291,-1.57
Marco Komenda,hr CRO,1996.0,1307,19,0,0,0.1,0.8,9,53,13,26,6,1,27.0,Holstein Kiel,de Bundesliga,DF,Defender,0.007,0.055,0.62,3.65,0.895,1.79,0.413,0.069,7.9,61.1,65.6,59.2,45.5,54.7,3.8,13.2,marco_komenda_hr_cro_1996_0,Marco Komenda,1307,-0.903657828167235,-0.5313308845485685,-0.48713250249510004,0.017504264904695824,-0.6260920406125654,0.16714184189955977,-0.8070856746222429,-1.0416872298521556,1,Stopper / Defensive Destroyer,"{""Defender Archetype 1 (Low PrgC)"": 0.0159, ""Defender Archetype 2 (High xAG)"": 0.0399, ""Defender Archetype 3 (Low npxG)"": 0.9442}",-1.187,-0.309
Marcos Alonso,es ESP,1990.0,2647,31,3,0,1.6,1.3,21,215,64,35,34,16,33.0,Celta Vigo,es La Liga,DF,Defender,0.054,0.044,0.714,7.31,2.176,1.19,1.156,0.544,65.7,54.7,69.9,98.4,83.2,17.9,64.2,72.2,marcos_alonso_es_esp_1990_0,Marcos Alonso,2647,-0.5618506096795511,-0.6643397474802801,-0.3415505403351467,2.157497747605107,0.35987488094210546,-0.6148066038930985,0.7267838062110924,-0.30474631326170454,0,Ball-Playing Defender,"{""Defender Archetype 1 (Low PrgC)"": 0.0028, ""Defender Archetype 2 (High xAG)"": 0.428, ""Defender Archetype 3 (Low npxG)"": 0.5692}",-0.62,1.172
Marcos André,br BRA,1996.0,1188,22,1,2,2.7,0.8,9,16,11,10,3,17,27.0,Valladolid,es La Liga,FW,Forward,0.205,0.061,0.682,1.212,0.833,0.758,0.227,1.288,29.7,13.4,16.6,14.7,12.4,36.1,38.0,63.2,marcos_andr__br_bra_1996_0,Marcos André,1188,0.5362959858872633,-0.45878059567672574,-0.3911103572406626,-1.4079886615498403,-0.6738125317416752,-1.1778094848638123,-1.1910691516545449,0.8495358803031279,0,Clinical Finisher / Poacher,"{""Forward Archetype 1 (Low PrgC)"": 0.9878, ""Forward Archetype 2 (High PrgC)"": 0.0122}",0.369,-2.205
Marcos Llorente,es ESP,1995.0,2513,33,2,4,0.8,4.3,28,111,82,69,27,14,29.0,Atlético Madrid,es La Liga,"DF,MF",Defender,0.029,0.154,1.003,3.975,2.937,2.471,0.967,0.501,37.4,91.4,81.5,67.4,94.0,85.4,45.7,68.7,marcos_llorente_es_esp_1995_0,Marcos Llorente,2513,-0.7436629599389575,0.6657488818368362,0.106036556092795,0.2075310085871095,0.9456054252848878,1.054653327874227,0.3366070472911727,-0.37145885939515594,0,Ball-Playing Defender,"{""Defender Archetype 1 (Low PrgC)"": 0.0, ""Defender Archetype 2 (High xAG)"": 0.9992, ""Defender Archetype 3 (Low npxG)"": 0.0008}",0.081,1.336
Marcos Senesi,ar ARG,1997.0,1106,17,0,0,0.8,0.2,3,62,12,39,14,6,27.0,Bournemouth,eng Premier League,DF,Defender,0.065,0.016,0.244,5.045,0.976,3.174,1.139,0.488,76.3,27.8,30.8,85.8,48.7,97.2,63.2,68.0,marcos_senesi_ar_arg_1997_0,Marcos Senesi,1106,-0.48185317556541224,-1.002907762215546,-1.0694603511349137,0.8331575185569017,-0.5637475280084059,1.9708362568612912,0.6916885421812585,-0.39162776869131566,1,Stopper / Defensive Destroyer,"{""Defender Archetype 1 (Low PrgC)"": 0.2628, ""Defender Archetype 2 (High xAG)"": 0.0593, ""Defender Archetype 3 (Low npxG)"": 0.6778}",-2.013,1.349
Marcus Coco,fr FRA,1996.0,951,20,0,1,0.1,1.2,10,34,12,27,11,3,28.0,Nantes,fr Ligue 1,DF,Defender,0.009,0.114,0.946,3.218,1.136,2.555,1.041,0.284,9.8,84.0,78.7,46.7,53.6,88.8,54.0,46.8,marcus_coco_fr_fra_1996_0,Marcus Coco,951,-0.8891128401464826,0.18208028935788487,0.017758132229844632,-0.23508512977469692,-0.4405978734816712,1.1641261102851992,0.48937466718574435,-0.7081244991848988,0,Ball-Playing Defender,"{""Defender Archetype 1 (Low PrgC)"": 0.0, ""Defender Archetype 2 (High xAG)"": 0.7286, ""Defender Archetype 3 (Low npxG)"": 0.2714}",-1.047,0.875
Marcus Pedersen,no NOR,2000.0,1362,29,0,0,0.6,0.4,7,19,44,13,13,7,24.0,Torino,it Serie A,DF,Defender,0.04,0.026,0.463,1.256,2.907,0.859,0.859,0.463,49.7,39.8,55.1,0.9,93.6,4.6,34.4,65.3,marcus_pedersen_no_nor_2000_0,Marcus Pedersen,1362,-0.6636655258248185,-0.8819906140958083,-0.7302853541877881,-1.382261963943606,0.9225148650611251,-1.0461814964887148,0.11364889933693285,-0.430414132722392,1,Stopper / Defensive Destroyer,"{""Defender Archetype 1 (Low PrgC)"": 0.0, ""Defender Archetype 2 (High xAG)"": 0.9833, ""Defender Archetype 3 (Low npxG)"": 0.0167}",-0.657,-1.21
Marcus Rashford,eng ENG,1997.0,1422,25,6,3,4.0,4.4,28,34,42,17,5,18,26.0,"Manchester Utd, Aston Villa",eng Premier League,"FW,MF",Forward,0.253,0.278,1.772,2.152,2.658,1.076,0.316,1.139,46.6,92.0,81.8,48.3,60.2,53.3,54.7,58.3,marcus_rashford_eng_eng_1997_0,Marcus Rashford,1422,0.8853756983853237,2.1651215185215857,1.2970209061034776,-0.8583728490530134,0.730863215203894,-0.7633768085937034,-1.0073351223218843,0.6183691506779128,1,Dynamic Winger / Dribbler,"{""Forward Archetype 1 (Low PrgC)"": 0.5212, ""Forward Archetype 2 (High PrgC)"": 0.4788}",2.832,-0.699
Marcus Tavernier,eng ENG,1999.0,1939,29,3,5,5.5,4.0,43,128,53,43,5,28,25.0,Bournemouth,eng Premier League,"FW,MF",Forward,0.255,0.186,1.996,5.941,2.46,1.996,0.232,1.3,47.9,73.3,89.6,96.5,57.0,92.9,39.4,64.3,marcus_tavernier_eng_eng_1999_0,Marcus Tavernier,1939,0.8999206864060763,1.0526837558199973,1.64393962444209,1.3570466334474942,0.5784655177270597,0.43561080828837234,-1.180747015175182,0.8681533350380445,1,Dynamic Winger / Dribbler,"{""Forward Archetype 1 (Low PrgC)"": 0.0, ""Forward Archetype 2 (High PrgC)"": 1.0}",2.499,0.95
Marcus Thuram,fr FRA,1997.0,2200,31,14,4,9.9,4.4,39,53,62,18,3,24,26.0,Inter,it Serie A,FW,Forward,0.405,0.18,1.595,2.168,2.536,0.736,0.123,0.982,79.8,70.7,76.2,48.8,58.5,35.1,18.2,50.6,marcus_thuram_fr_fra_1997_0,Marcus Thuram,2200,1.9907947879625147,0.9801334669481545,1.022893168844842,-0.8490176862871098,0.6369616036272587,-1.2064809278762099,-1.4057695904252945,0.37479078456275317,0,Clinical Finisher / Poacher,"{""Forward Archetype 1 (Low PrgC)"": 0.9905, ""Forward Archetype 2 (High PrgC)"": 0.0095}",2.6,-1.837
Marcão,br BRA,1996.0,552,12,0,0,0.0,0.0,0,19,0,10,7,2,28.0,Sevilla,es La Liga,DF,Defender,0.0,0.0,0.0,3.098,0.0,1.63,1.141,0.326,2.6,4.3,1.9,43.2,0.7,47.3,63.4,51.1,marc_o_br_bra_1996_0,Marcão,552,-0.9545652862398688,-1.1963751992071265,-1.4473539550394734,-0.30524885051897277,-1.3149604206214884,-0.04137774364514926,0.6958173967730037,-0.6429634076126904,1,Stopper / Defensive Destroyer,"{""Defender Archetype 1 (Low PrgC)"": 0.9527, ""Defender Archetype 2 (High xAG)"": 0.0007, ""Defender Archetype 3 (Low npxG)"": 0.0466}",-2.561,-0.41
Marin Pongračić,hr CRO,1997.0,1292,19,0,0,0.2,0.2,5,34,7,18,12,9,26.0,Fiorentina,it Serie A,DF,Defender,0.014,0.014,0.348,2.368,0.488,1.254,0.836,0.627,16.6,25.9,44.3,20.1,22.9,21.9,31.7,77.5,marin_pongra_i__hr_cro_1997_0,Marin Pongračić,1292,-0.8527503700946013,-1.0270911918394936,-0.9083909461919865,-0.732078151713317,-0.9393539743149472,-0.5313987696752149,0.0661670715318632,-0.1759755846785311,1,Stopper / Defensive Destroyer,"{""Defender Archetype 1 (Low PrgC)"": 0.0599, ""Defender Archetype 2 (High xAG)"": 0.0233, ""Defender Archetype 3 (Low npxG)"": 0.9167}",-1.59,-0.887
Marin Šverko,hr CRO,1998.0,1117,16,1,0,0.3,0.3,2,38,8,20,16,6,26.0,Venezia,it Serie A,DF,Defender,0.024,0.024,0.161,3.062,0.645,1.611,1.289,0.483,30.6,37.2,17.4,41.4,32.1,45.8,75.1,67.4,marin__verko_hr_cro_1998_0,Marin Šverko,1117,-0.7800254299908388,-0.9061740437197559,-1.1980061262335957,-0.32629796674225553,-0.8185133758105886,-0.06613944442858331,1.001352636562147,-0.39938504149753096,1,Stopper / Defensive Destroyer,"{""Defender Archetype 1 (Low PrgC)"": 0.4675, ""Defender Archetype 2 (High xAG)"": 0.002, ""Defender Archetype 3 (Low npxG)"": 0.5305}",-2.053,-0.16
Mario Gila,es ESP,2000.0,2741,32,1,0,1.1,0.6,15,157,48,55,28,4,23.0,Lazio,it Serie A,DF,Defender,0.036,0.02,0.493,5.155,1.576,1.806,0.919,0.131,45.2,33.2,58.6,87.3,66.3,55.8,40.6,24.3,mario_gila_es_esp_2000_0,Mario Gila,2741,-0.6927555018663236,-0.9545409029676508,-0.6838230258388669,0.8974742625724881,-0.10193632353315023,0.18799380045403066,0.23751453708928844,-0.9454970470550861,1,Stopper / Defensive Destroyer,"{""Defender Archetype 1 (Low PrgC)"": 0.1977, ""Defender Archetype 2 (High xAG)"": 0.0751, ""Defender Archetype 3 (Low npxG)"": 0.7272}",-1.446,0.472
Mario Götze,de GER,1992.0,1542,24,3,2,2.9,3.1,34,88,29,41,7,9,32.0,Eint Frankfurt,de Bundesliga,"MF,FW",Midfielder,0.169,0.181,1.984,5.136,1.693,2.393,0.409,0.525,79.7,81.5,89.9,69.7,61.4,75.0,16.4,34.2,mario_g_tze_de_ger_1992_0,Mario Götze,1542,0.27448620151371833,0.9922251817601283,1.6253546931025216,0.8863650067879776,-0.011883138660475384,0.9530000299211809,-0.8153433838057333,-0.3342239499253226,0,Deep-Lying Playmaker,"{""Midfielder Archetype 1 (Low xAG)"": 0.5092, ""Midfielder Archetype 2 (High xAG)"": 0.4908}",1.288,1.063
Mario Hermoso,es ESP,1995.0,544,12,0,0,0.5,0.2,2,34,5,2,13,5,29.0,"Roma, Leverkusen","it Serie A, de Bundesliga",DF,Defender,0.083,0.033,0.331,5.625,0.827,0.331,2.151,0.827,86.4,47.3,42.2,91.4,41.6,0.1,98.9,86.5,mario_hermoso_es_esp_1995_0,Mario Hermoso,544,-0.35094828337863965,-0.7973486104119917,-0.9347195989230419,1.1722821688209013,-0.6784306437864278,-1.7342961287862542,2.780888965604321,0.1343153275700797,1,Stopper / Defensive Destroyer,"{""Defender Archetype 1 (Low PrgC)"": 0.0, ""Defender Archetype 2 (High xAG)"": 0.0001, ""Defender Archetype 3 (Low npxG)"": 0.9998}",-1.704,0.465
Mario Lemina,ga GAB,1993.0,1364,17,1,3,1.4,1.1,10,48,8,51,27,10,30.0,Wolves,eng Premier League,"MF,DF",Midfielder,0.092,0.073,0.66,3.167,0.528,3.365,1.782,0.66,52.8,38.4,24.5,22.4,8.6,96.0,96.9,45.3,mario_lemina_ga_gab_1993_0,Mario Lemina,1364,-0.2854958372852534,-0.3136800179330404,-0.42518273136320495,-0.2649047110910142,-0.9085665606832635,2.219756512105288,2.0191152934273346,-0.12477758415751027,1,Box-to-Box / Pressing Engine,"{""Midfielder Archetype 1 (Low xAG)"": 1.0, ""Midfielder Archetype 2 (High xAG)"": 0.0}",-1.947,1.552
Mario Martín,es ESP,2004.0,1748,30,0,1,1.8,1.4,12,66,18,62,21,19,20.0,Valladolid,es La Liga,MF,Midfielder,0.093,0.072,0.618,3.398,0.927,3.192,1.081,0.978,53.7,37.4,21.1,27.8,25.0,94.9,70.6,69.6,mario_mart_n_es_esp_2004_0,Mario Martín,1748,-0.27822334327487713,-0.3257717327450142,-0.4902299910516948,-0.12983954865828318,-0.6014621097072185,1.9942947102350712,0.5719517590206481,0.3685849663177809,1,Box-to-Box / Pressing Engine,"{""Midfielder Archetype 1 (Low xAG)"": 0.9993, ""Midfielder Archetype 2 (High xAG)"": 0.0007}",-1.112,1.067
Mario Pašalić,hr CRO,1995.0,1967,34,3,4,5.8,3.3,32,149,44,26,12,5,29.0,Atalanta,it Serie A,MF,Midfielder,0.265,0.151,1.464,6.817,2.013,1.19,0.549,0.229,91.5,74.0,74.1,90.0,69.3,14.6,29.0,11.0,mario_pa_ali__hr_cro_1995_0,Mario Pašalić,1967,0.9726456265098389,0.6294737374009148,0.8200076683878856,1.8692417948807074,0.23441617039299417,-0.6148066038930985,-0.5263235623835704,-0.7934545000532668,0,Deep-Lying Playmaker,"{""Midfielder Archetype 1 (Low xAG)"": 0.0001, ""Midfielder Archetype 2 (High xAG)"": 0.9999}",1.139,0.338
Marius Bülter,de GER,1993.0,1729,25,7,2,3.7,3.1,22,35,57,13,4,24,31.0,Hoffenheim,de Bundesliga,"FW,DF",Forward,0.193,0.161,1.145,1.822,2.967,0.677,0.208,1.249,27.5,62.9,49.4,36.4,66.7,31.4,34.1,62.1,marius_b_lter_de_ger_1993_0,Marius Bülter,1729,0.4490260577627484,0.7503908855206527,0.32595824361102266,-1.0513230810997718,0.9686959855086508,-1.2833725250458212,-1.2302932702761242,0.7890291524146489,0,Clinical Finisher / Poacher,"{""Forward Archetype 1 (Low PrgC)"": 0.9082, ""Forward Archetype 2 (High PrgC)"": 0.0918}",1.94,-1.391
Marius Wolf,de GER,1995.0,2144,32,1,3,0.7,3.2,45,117,36,27,24,19,29.0,Augsburg,de Bundesliga,DF,Defender,0.029,0.134,1.889,4.911,1.511,1.133,1.007,0.798,37.4,86.7,97.1,84.4,64.6,15.0,50.7,85.5,marius_wolf_de_ger_1995_0,Marius Wolf,2144,-0.7436629599389575,0.4239145855973606,1.4782239866642708,0.7548080303924602,-0.15196587068463638,-0.689091706243401,0.4191841391260762,0.08932314529403125,0,Ball-Playing Defender,"{""Defender Archetype 1 (Low PrgC)"": 0.0, ""Defender Archetype 2 (High xAG)"": 1.0, ""Defender Archetype 3 (Low npxG)"": 0.0}",0.605,0.913
Mark McKenzie,us USA,1999.0,2496,30,1,1,1.4,0.5,4,97,10,52,22,4,25.0,Toulouse,fr Ligue 1,DF,Defender,0.05,0.018,0.144,3.498,0.361,1.875,0.793,0.144,61.2,30.3,15.2,55.5,16.2,60.2,27.7,27.1,mark_mckenzie_us_usa_1999_0,Mark McKenzie,2496,-0.590940585721056,-0.9787243325915984,-1.2243347789646513,-0.07136978137138665,-1.0371040125955429,0.2779178717201863,-0.02260330219065808,-0.9253281377589263,1,Stopper / Defensive Destroyer,"{""Defender Archetype 1 (Low PrgC)"": 0.9769, ""Defender Archetype 2 (High xAG)"": 0.0004, ""Defender Archetype 3 (Low npxG)"": 0.0226}",-2.038,-0.435
Marko Arnautović,at AUT,1989.0,527,17,4,2,3.3,1.2,7,16,4,7,1,2,35.0,Inter,it Serie A,FW,Forward,0.564,0.205,1.195,2.732,0.683,1.195,0.171,0.342,94.2,79.2,52.5,65.6,8.6,63.3,27.5,10.4,marko_arnautovi__at_aut_1989_0,Marko Arnautović,527,3.1471213356123386,1.282426337247499,0.40339545752589157,-0.5192481987890137,-0.789265332860489,-0.6082903668448262,-1.30667708022341,-0.6181401346328016,0,Clinical Finisher / Poacher,"{""Forward Archetype 1 (Low PrgC)"": 0.9973, ""Forward Archetype 2 (High PrgC)"": 0.0027}",1.708,-2.253
Marko Ivezić,rs SRB,2001.0,1657,23,0,0,0.6,0.2,4,40,3,29,27,4,22.0,Holstein Kiel,de Bundesliga,DF,Defender,0.033,0.011,0.217,2.173,0.163,1.575,1.467,0.217,41.4,20.6,26.0,14.6,5.6,42.3,85.0,36.7,marko_ivezi__rs_srb_2001_0,Marko Ivezić,1657,-0.7145729838974524,-1.063366336275415,-1.1112764466489429,-0.8460941979227651,-1.1895017100723773,-0.11305635117614285,1.3688206952274686,-0.8120719547881834,1,Stopper / Defensive Destroyer,"{""Defender Archetype 1 (Low PrgC)"": 0.9934, ""Defender Archetype 2 (High xAG)"": 0.0, ""Defender Archetype 3 (Low npxG)"": 0.0066}",-2.536,-0.484
Marnon Busch,de GER,1994.0,1396,23,0,1,0.4,1.1,12,63,22,26,13,3,29.0,Heidenheim,de Bundesliga,"DF,MF",Defender,0.026,0.071,0.774,4.062,1.418,1.676,0.838,0.193,33.3,69.9,72.9,69.8,60.6,49.4,32.0,33.6,marnon_busch_de_ger_1994_0,Marnon Busch,1396,-0.7654804419700862,-0.337863447556988,-0.248625883637304,0.25839970612670954,-0.22354660737830098,0.018571637198954587,0.0702959261236084,-0.8493068642580166,1,Stopper / Defensive Destroyer,"{""Defender Archetype 1 (Low PrgC)"": 0.0, ""Defender Archetype 2 (High xAG)"": 0.0441, ""Defender Archetype 3 (Low npxG)"": 0.9559}",-0.958,0.206
Maroan Sannadi,ma MAR,2001.0,754,16,1,1,3.5,0.6,7,15,21,5,1,14,23.0,Athletic Club,es La Liga,FW,Forward,0.418,0.072,0.836,1.79,2.507,0.597,0.119,1.671,81.4,18.4,26.7,35.3,57.9,25.1,17.1,80.0,maroan_sannadi_ma_mar_2001_0,Maroan Sannadi,754,2.0853372100974057,-0.3257717327450142,-0.15260373838286675,-1.0700334066315786,0.6146407287442881,-1.3876323178181755,-1.4140272996087848,1.4437429772592176,0,Clinical Finisher / Poacher,"{""Forward Archetype 1 (Low PrgC)"": 0.9924, ""Forward Archetype 2 (High PrgC)"": 0.0076}",1.952,-2.447
Marquinhos,br BRA,1994.0,1725,22,2,0,1.1,0.8,9,151,29,30,11,3,30.0,Paris S-G,fr Ligue 1,DF,Defender,0.057,0.042,0.47,7.878,1.513,1.565,0.574,0.157,68.8,54.0,56.4,98.9,64.7,41.4,10.5,29.3,marquinhos_br_bra_1994_0,Marquinhos,1725,-0.5400331276484224,-0.6885231771042276,-0.7194441442397066,2.489606025794679,-0.1504265000030522,-0.12608882527268717,-0.47471287998675576,-0.9051592284627666,1,Stopper / Defensive Destroyer,"{""Defender Archetype 1 (Low PrgC)"": 0.9824, ""Defender Archetype 2 (High xAG)"": 0.0144, ""Defender Archetype 3 (Low npxG)"": 0.0032}",-0.907,0.879
Marshall Munetsi,zw ZIM,1996.0,2770,33,6,3,7.3,3.8,28,36,17,60,23,9,28.0,"Wolves, Reims","eng Premier League, fr Ligue 1",MF,Midfielder,0.237,0.123,0.91,1.17,0.552,1.949,0.747,0.292,90.2,62.7,42.8,0.5,9.3,53.7,45.1,15.3,marshall_munetsi_zw_zim_1996_0,Marshall Munetsi,2770,0.7690157942193036,0.29090572266564885,-0.0379966617888608,-1.4325459638103368,-0.8900941125042532,0.37435818003461424,-0.11756695780079737,-0.6957128626949544,1,Box-to-Box / Pressing Engine,"{""Midfielder Archetype 1 (Low xAG)"": 0.0025, ""Midfielder Archetype 2 (High xAG)"": 0.9975}",-0.404,-1.145
Marten de Roon,nl NED,1991.0,3058,36,4,4,0.9,2.3,25,242,37,74,47,6,33.0,Atalanta,it Serie A,"MF,DF",Midfielder,0.026,0.068,0.736,7.122,1.089,2.178,1.383,0.177,9.6,35.1,29.9,92.5,33.9,64.2,87.0,7.1,marten_de_roon_nl_ned_1991_0,Marten de Roon,3058,-0.7654804419700862,-0.3741385919929092,-0.3074781662126044,2.0475745851057416,-0.47677308449889944,0.6728018368454786,1.195408802374171,-0.8741301372379054,1,Box-to-Box / Pressing Engine,"{""Midfielder Archetype 1 (Low xAG)"": 0.997, ""Midfielder Archetype 2 (High xAG)"": 0.003}",-1.511,1.871
Martin Frese,dk DEN,1998.0,549,11,0,0,0.1,0.2,5,19,7,18,8,0,26.0,Hellas Verona,it Serie A,DF,Defender,0.016,0.033,0.82,3.115,1.148,2.951,1.311,0.0,20.0,47.3,75.0,43.5,54.1,95.5,76.5,4.3,martin_frese_dk_den_1998_0,Martin Frese,549,-0.8382053820738488,-0.7973486104119917,-0.1773836468356248,-0.2953089900802002,-0.43136164939216604,1.6802120845083535,1.0467700370713442,-1.1487375945779261,1,Stopper / Defensive Destroyer,"{""Defender Archetype 1 (Low PrgC)"": 0.0, ""Defender Archetype 2 (High xAG)"": 0.2934, ""Defender Archetype 3 (Low npxG)"": 0.7066}",-2.019,1.022
Martin Terrier,fr FRA,1997.0,584,15,2,1,2.4,0.9,8,14,11,4,1,2,27.0,Leverkusen,de Bundesliga,"MF,FW",Midfielder,0.37,0.139,1.233,2.158,1.695,0.616,0.154,0.308,97.5,69.0,61.5,5.3,61.5,1.8,2.9,16.1,martin_terrier_fr_fra_1997_0,Martin Terrier,584,1.7362574975993454,0.4843731596572296,0.4622477401011919,-0.8548646630157997,-0.010343767978891198,-1.3628706170347413,-1.341772344253244,-0.6708895897150654,0,Deep-Lying Playmaker,"{""Midfielder Archetype 1 (Low xAG)"": 0.0, ""Midfielder Archetype 2 (High xAG)"": 1.0}",1.352,-2.274
Martin Valjent,sk SVK,1995.0,2763,31,3,0,0.8,0.1,4,91,23,30,18,6,28.0,Mallorca,es La Liga,DF,Defender,0.026,0.003,0.13,2.964,0.749,0.977,0.586,0.195,33.3,9.0,13.2,38.2,38.4,7.9,11.7,33.9,martin_valjent_sk_svk_1995_0,Martin Valjent,2763,-0.7654804419700862,-1.1601000547712053,-1.2460171988608144,-0.383598338683414,-0.7384661003682109,-0.8923983021494921,-0.44993975243628465,-0.8462039551355305,1,Stopper / Defensive Destroyer,"{""Defender Archetype 1 (Low PrgC)"": 0.993, ""Defender Archetype 2 (High xAG)"": 0.0002, ""Defender Archetype 3 (Low npxG)"": 0.0069}",-1.698,-1.276
Martin Ødegaard,no NOR,1998.0,2325,30,3,8,4.0,5.4,63,258,92,19,6,25,25.0,Arsenal,eng Premier League,MF,Midfielder,0.155,0.209,2.439,9.987,3.561,0.735,0.232,0.968,76.6,88.1,95.9,99.2,93.9,3.5,5.0,69.2,martin__degaard_no_nor_1998_0,Martin Ødegaard,2325,0.1726712853684507,1.3307931964953943,2.330033339727828,3.7227334178753257,1.4258890779391538,-1.2077841752858642,-1.180747015175182,0.3530704207053504,0,Deep-Lying Playmaker,"{""Midfielder Archetype 1 (Low xAG)"": 0.0003, ""Midfielder Archetype 2 (High xAG)"": 0.9997}",3.274,1.953
Martín Payero,ar ARG,1998.0,1381,25,1,1,1.2,1.3,15,51,33,24,13,30,25.0,Udinese,it Serie A,MF,Midfielder,0.078,0.085,0.978,3.324,2.151,1.564,0.847,1.955,45.0,45.9,47.3,25.9,72.6,32.0,53.9,95.5,mart_n_payero_ar_arg_1998_0,Martín Payero,1381,-0.38731075343052096,-0.16857944018935483,0.06731794913536072,-0.17310717645058674,0.3406327474223029,-0.12739207268234146,0.08887577178646174,1.8843560726522453,0,Deep-Lying Playmaker,"{""Midfielder Archetype 1 (Low xAG)"": 0.0477, ""Midfielder Archetype 2 (High xAG)"": 0.9523}",0.712,0.341
Martín Zubimendi,es ESP,1999.0,2962,36,2,1,2.6,1.1,19,195,38,73,44,19,25.0,Real Sociedad,es La Liga,MF,Midfielder,0.079,0.033,0.577,5.925,1.155,2.218,1.337,0.577,45.8,11.8,17.6,79.9,38.0,66.8,83.6,39.3,mart_n_zubimendi_es_esp_1999_0,Martín Zubimendi,2962,-0.3800382594201447,-0.7973486104119917,-0.5537285064618873,1.3476914706815908,-0.4259738520066213,0.7249317332316558,1.1004451467640315,-0.2535483127406839,1,Box-to-Box / Pressing Engine,"{""Midfielder Archetype 1 (Low xAG)"": 0.9986, ""Midfielder Archetype 2 (High xAG)"": 0.0014}",-1.437,1.294
Marvin,es ESP,2000.0,1038,23,0,0,0.2,1.1,6,30,29,25,15,2,24.0,Las Palmas,es La Liga,"DF,FW",Defender,0.017,0.095,0.52,2.601,2.514,2.168,1.301,0.173,21.3,78.5,60.3,25.2,90.0,73.7,76.1,31.6,marvin_es_esp_2000_0,Marvin,1038,-0.8309328880634725,-0.047662292069617064,-0.6420069303248377,-0.5958435939348482,0.6200285261298325,0.6597693627489346,1.0261257641126182,-0.8803359554828777,0,Ball-Playing Defender,"{""Defender Archetype 1 (Low PrgC)"": 0.0, ""Defender Archetype 2 (High xAG)"": 0.5646, ""Defender Archetype 3 (Low npxG)"": 0.4354}",-1.16,0.562
Marvin Ducksch,de GER,1994.0,2418,32,8,8,8.5,8.5,61,86,26,10,8,7,30.0,Werder Bremen,de Bundesliga,FW,Forward,0.316,0.316,2.27,3.201,0.968,0.372,0.298,0.261,65.0,94.5,93.6,76.3,17.5,10.4,51.7,5.7,marvin_ducksch_de_ger_1994_0,Marvin Ducksch,2418,1.3435428210390277,2.6246066813765894,2.0682955566955714,-0.24502499021346927,-0.5699050107347426,-1.6808629849904226,-1.0444948136475911,-0.743807954093489,0,Clinical Finisher / Poacher,"{""Forward Archetype 1 (Low PrgC)"": 0.0039, ""Forward Archetype 2 (High PrgC)"": 0.9961}",2.639,-1.198
Marvin Friedrich,de GER,1995.0,989,22,0,1,0.4,0.6,3,36,11,15,5,2,28.0,Gladbach,de Bundesliga,DF,Defender,0.036,0.055,0.273,3.276,1.001,1.365,0.455,0.182,45.2,61.1,34.8,48.8,49.7,29.6,4.9,32.7,marvin_friedrich_de_ger_1995_0,Marvin Friedrich,989,-0.6927555018663236,-0.5313308845485685,-1.0245467670642896,-0.20117266474829706,-0.5445053944886037,-0.38673830720357316,-0.720379728195594,-0.8663728644316904,1,Stopper / Defensive Destroyer,"{""Defender Archetype 1 (Low PrgC)"": 0.0002, ""Defender Archetype 2 (High xAG)"": 0.0237, ""Defender Archetype 3 (Low npxG)"": 0.9761}",-1.2,-0.853
Marvin Pieringer,de GER,1999.0,2206,31,7,4,6.6,4.0,30,59,23,23,8,16,24.0,Heidenheim,de Bundesliga,"FW,MF",Forward,0.269,0.163,1.224,2.407,0.938,0.938,0.326,0.653,53.1,64.1,53.2,56.8,16.9,46.5,57.9,31.0,marvin_pieringer_de_ger_1999_0,Marvin Pieringer,2206,1.001735602551344,0.7745743151446003,0.44830904159651536,-0.7092749424714273,-0.5929955709585055,-0.9432249511260149,-0.9866908493631583,-0.13563776608621167,0,Clinical Finisher / Poacher,"{""Forward Archetype 1 (Low PrgC)"": 0.9856, ""Forward Archetype 2 (High PrgC)"": 0.0144}",1.024,-1.528
Mason Greenwood,eng ENG,2001.0,2804,34,21,5,9.1,5.7,47,157,126,35,12,54,22.0,Marseille,fr Ligue 1,"FW,MF",Forward,0.292,0.183,1.509,5.039,4.044,1.123,0.385,1.733,58.9,71.8,71.8,94.7,83.5,59.3,66.1,82.0,mason_greenwood_eng_eng_2001_0,Mason Greenwood,2804,1.1690029647899975,1.016408611384076,0.8897011609112675,0.8296493325196878,1.7976470975417342,-0.7021241803399453,-0.8648896389066755,1.539933160056287,1,Dynamic Winger / Dribbler,"{""Forward Archetype 1 (Low PrgC)"": 0.0006, ""Forward Archetype 2 (High PrgC)"": 0.9994}",3.081,0.208
Mason Mount,eng ENG,1999.0,622,17,1,0,3.2,0.6,8,33,15,15,4,1,25.0,Manchester Utd,eng Premier League,MF,Midfielder,0.463,0.087,1.158,4.775,2.17,2.17,0.579,0.145,99.5,46.8,58.3,63.1,72.9,63.8,31.5,5.2,mason_mount_eng_eng_1999_0,Mason Mount,622,2.4125994405643376,-0.14439601056540743,0.3460919192288884,0.6752891468822815,0.35525676889735275,0.6623758575682431,-0.4643907435073928,-0.9237766831976832,0,Deep-Lying Playmaker,"{""Midfielder Archetype 1 (Low xAG)"": 0.0, ""Midfielder Archetype 2 (High xAG)"": 1.0}",0.725,-0.443
Massadio Haïdara,ml MLI,1992.0,1678,22,0,0,0.3,0.5,8,77,44,27,26,15,31.0,Brest,fr Ligue 1,DF,Defender,0.016,0.027,0.429,4.13,2.36,1.448,1.395,0.805,20.0,41.0,52.0,72.2,86.9,34.8,81.3,85.8,massadio_ha_dara_ml_mli_1992_0,Massadio Haïdara,1678,-0.8382053820738488,-0.8698988992838345,-0.7829426596498988,0.2981591478817989,0.5014969836478503,-0.2785687722022555,1.220181929924642,0.10018332722273264,1,Stopper / Defensive Destroyer,"{""Defender Archetype 1 (Low PrgC)"": 0.0, ""Defender Archetype 2 (High xAG)"": 0.04, ""Defender Archetype 3 (Low npxG)"": 0.96}",-1.109,0.577
Mateo Kovačić,hr CRO,1994.0,2198,31,6,2,1.9,3.6,33,164,56,69,24,22,30.0,Manchester City,eng Premier League,MF,Midfielder,0.078,0.147,1.351,6.715,2.293,2.825,0.983,0.901,45.0,72.4,68.2,88.9,77.1,87.4,64.7,64.2,mateo_kova_i__hr_cro_1994_0,Mateo Kovačić,2198,-0.38731075343052096,0.5811068781530196,0.6449995649402821,1.809602632248073,0.44992806581478034,1.5160029108918953,0.3696378840251342,0.2491229651020658,1,Box-to-Box / Pressing Engine,"{""Midfielder Archetype 1 (Low xAG)"": 0.9156, ""Midfielder Archetype 2 (High xAG)"": 0.0844}",0.436,2.428
Mateo Pellegrino,ar ARG,2001.0,737,13,3,1,3.3,0.7,5,15,6,3,1,3,23.0,Parma,it Serie A,FW,Forward,0.403,0.085,0.611,1.832,0.733,0.366,0.122,0.366,79.4,26.7,12.6,36.6,9.8,9.8,17.7,12.5,mateo_pellegrino_ar_arg_2001_0,Mateo Pellegrino,737,1.976249799941762,-0.16857944018935483,-0.5010712009997764,-1.045476104371082,-0.7507810658208844,-1.6886824694483489,-1.407834017721167,-0.5809052251629683,0,Clinical Finisher / Poacher,"{""Forward Archetype 1 (Low PrgC)"": 0.9998, ""Forward Archetype 2 (High PrgC)"": 0.0002}",0.491,-3.122
Mateo Retegui,it ITA,1999.0,2383,36,25,8,14.9,4.9,38,46,21,14,4,12,25.0,Atalanta,it Serie A,FW,Forward,0.563,0.185,1.435,1.737,0.793,0.529,0.151,0.453,93.9,72.6,68.3,31.4,11.1,18.8,23.3,18.0,mateo_retegui_it_ita_1999_0,Mateo Retegui,2383,3.1398488416019625,1.0405920410080234,0.7750940843172619,-1.1010223832936337,-0.7045999453733588,-1.476253141674677,-1.347965626140862,-0.4459286783348225,0,Clinical Finisher / Poacher,"{""Forward Archetype 1 (Low PrgC)"": 0.9999, ""Forward Archetype 2 (High PrgC)"": 0.0001}",1.997,-2.948
Mateu Morey,es ESP,2000.0,741,16,0,0,0.4,0.3,4,17,17,22,15,9,24.0,Mallorca,es La Liga,DF,Defender,0.049,0.036,0.486,2.065,2.065,2.672,1.822,1.093,60.3,49.9,58.1,11.8,80.3,91.6,95.5,93.6,mateu_morey_es_esp_2000_0,Mateu Morey,741,-0.5982130797314323,-0.7610734659760703,-0.6946642357869485,-0.9092415465926134,0.274439808114183,1.3166060572147675,2.101692385262239,0.5470022408607321,1,Stopper / Defensive Destroyer,"{""Defender Archetype 1 (Low PrgC)"": 0.0, ""Defender Archetype 2 (High xAG)"": 0.2321, ""Defender Archetype 3 (Low npxG)"": 0.7679}",-1.506,1.05
Mateus Fernandes,pt POR,2004.0,2909,36,2,4,4.0,3.0,34,145,76,89,28,49,20.0,Southampton,eng Premier League,MF,Midfielder,0.124,0.093,1.052,4.486,2.351,2.754,0.866,1.516,67.1,49.8,51.7,55.4,79.8,84.7,56.2,87.9,mateus_fernandes_pt_por_2004_0,Mateus Fernandes,2909,-0.05277602895321322,-0.07184572169356465,0.1819250257293667,0.5063115194231503,0.49456981558072155,1.4234723448064306,0.128099890408041,1.2032675202665442,1,Box-to-Box / Pressing Engine,"{""Midfielder Archetype 1 (Low xAG)"": 0.8146, ""Midfielder Archetype 2 (High xAG)"": 0.1854}",0.464,1.369
Matheus Cunha,br BRA,1999.0,2597,33,15,6,8.6,7.7,56,144,112,38,17,61,25.0,Wolves,eng Premier League,"MF,FW",Midfielder,0.298,0.267,1.941,4.99,3.881,1.317,0.589,2.114,94.2,96.0,88.9,66.8,95.5,19.1,32.3,96.8,matheus_cunha_br_bra_1999_0,Matheus Cunha,2597,1.212637928852255,2.032112655589874,1.5587586891357343,0.8009991465491089,1.6721883869926233,-0.44929418286698586,-0.4437464705486669,2.1310373478898903,0,Deep-Lying Playmaker,"{""Midfielder Archetype 1 (Low xAG)"": 0.0, ""Midfielder Archetype 2 (High xAG)"": 1.0}",3.851,0.861
Matheus Nunes,pt POR,1998.0,1674,26,1,6,1.2,4.4,23,79,63,35,15,19,25.0,Manchester City,eng Premier League,"DF,MF",Defender,0.065,0.237,1.237,4.247,3.387,1.882,0.806,1.022,76.3,97.9,88.2,74.5,96.8,60.8,29.0,91.5,matheus_nunes_pt_por_1998_0,Matheus Nunes,1674,-0.48185317556541224,1.6693612112306602,0.4684427172143814,0.3665687756074678,1.2919638286413297,0.2870406035877672,0.004234252655685634,0.4368489670124754,0,Ball-Playing Defender,"{""Defender Archetype 1 (Low PrgC)"": 0.0, ""Defender Archetype 2 (High xAG)"": 1.0, ""Defender Archetype 3 (Low npxG)"": 0.0}",1.511,1.229
Mathias Honsak,at AUT,1996.0,1181,22,5,1,3.3,1.6,14,29,37,15,10,9,27.0,Heidenheim,de Bundesliga,"FW,DF",Forward,0.251,0.122,1.067,2.21,2.82,1.143,0.762,0.686,46.0,45.0,43.7,50.1,63.9,60.5,96.9,34.1,mathias_honsak_at_aut_1996_0,Mathias Honsak,1181,0.8708307103645712,0.27881400785367505,0.2051561899038272,-0.8244603840266135,0.8555522404122129,-0.6760592321468566,-0.08660054836270847,-0.08443976556519082,0,Clinical Finisher / Poacher,"{""Forward Archetype 1 (Low PrgC)"": 0.1698, ""Forward Archetype 2 (High PrgC)"": 0.8302}",0.927,-0.946
Mathias Jensen,dk DEN,1996.0,862,24,0,2,0.2,1.7,16,61,6,14,8,9,28.0,Brentford,eng Premier League,MF,Midfielder,0.021,0.177,1.671,6.369,0.626,1.462,0.835,0.94,7.3,80.8,80.4,85.4,11.8,26.2,53.2,66.8,mathias_jensen_dk_den_1996_0,Mathias Jensen,862,-0.8018429120219674,0.9438583225122331,1.1405977339954427,1.607297237435411,-0.8331373972856384,-0.26032330846709345,0.06410264423599062,0.3096296929905448,0,Deep-Lying Playmaker,"{""Midfielder Archetype 1 (Low xAG)"": 0.0081, ""Midfielder Archetype 2 (High xAG)"": 0.9919}",0.566,1.412
Mathias Pereira Lage,pt POR,1996.0,1571,29,2,7,3.3,3.5,22,41,32,37,20,10,27.0,Brest,fr Ligue 1,"FW,MF",Forward,0.189,0.201,1.26,2.349,1.833,2.12,1.146,0.573,26.3,77.8,55.4,54.1,43.9,94.9,99.3,25.6,mathias_pereira_lage_pt_por_1996_0,Mathias Pereira Lage,1571,0.41993608172124336,1.2340594779996041,0.504063835615221,-0.7431874074978272,0.09587280905041752,0.5972134870855219,0.7061395332523664,-0.25975413098565614,0,Clinical Finisher / Poacher,"{""Forward Archetype 1 (Low PrgC)"": 0.0, ""Forward Archetype 2 (High PrgC)"": 1.0}",0.472,0.318
Mathieu Cafaro,fr FRA,1997.0,732,15,1,0,1.5,1.3,13,16,19,10,7,7,27.0,Saint-Étienne,fr Ligue 1,"MF,FW",Midfielder,0.184,0.16,1.598,1.967,2.336,1.23,0.861,0.861,81.4,76.0,78.3,3.8,78.6,15.9,55.5,62.4,mathieu_cafaro_fr_fra_1997_0,Mathieu Cafaro,732,0.38357361166936205,0.7382991707086789,1.0275394016797343,-0.9665419185337718,0.48302453546884005,-0.5626767075069212,0.11777775392867804,0.18706478265234358,0,Deep-Lying Playmaker,"{""Midfielder Archetype 1 (Low xAG)"": 0.0164, ""Midfielder Archetype 2 (High xAG)"": 0.9836}",1.2,-0.446
Mathis Amougou,fr FRA,2006.0,867,18,0,0,0.5,0.4,7,37,8,21,12,5,18.0,"Chelsea, Saint-Étienne","eng Premier League, fr Ligue 1",MF,Midfielder,0.052,0.042,0.727,3.841,0.83,2.18,1.246,0.519,28.8,17.9,28.7,38.6,21.1,64.3,79.8,33.3,mathis_amougou_fr_fra_2006_0,Mathis Amougou,867,-0.5763955977003037,-0.6885231771042276,-0.32141686471728076,0.12918152042266826,-0.6761215877640515,0.6754083316647878,0.9125822628396257,-0.343532677292781,1,Box-to-Box / Pressing Engine,"{""Midfielder Archetype 1 (Low xAG)"": 0.9993, ""Midfielder Archetype 2 (High xAG)"": 0.0007}",-1.487,0.633
Mathys Tel,fr FRA,2005.0,1167,21,2,2,2.9000000000000004,2.9,15,30,34,18,3,21,19.0,"Tottenham, Bayern Munich","eng Premier League, de Bundesliga",FW,Forward,0.224,0.224,1.157,2.314,2.622,1.388,0.231,1.62,37.6,83.1,49.9,53.0,59.6,74.8,39.0,78.4,mathys_tel_fr_fra_2005_0,Mathys Tel,1167,0.6744733720844123,1.5121689186750011,0.34454317495059117,-0.7636518260482411,0.7031545429353786,-0.35676361678152135,-1.1828114424710545,1.364618794635822,1,Dynamic Winger / Dribbler,"{""Forward Archetype 1 (Low PrgC)"": 0.401, ""Forward Archetype 2 (High PrgC)"": 0.599}",2.325,-0.654
Mathías Olivera,uy URU,1997.0,2370,32,0,2,1.1,1.7,25,126,46,63,28,5,26.0,Napoli,it Serie A,DF,Defender,0.042,0.065,0.949,4.785,1.747,2.392,1.063,0.19,52.5,67.4,78.9,82.6,72.6,82.5,56.1,33.2,math_as_olivera_uy_uru_1997_0,Mathías Olivera,2370,-0.6491205378040661,-0.4104137364288306,0.022404365064736767,0.681136123610971,0.02967986974229766,0.9516967825115267,0.5347920676949414,-0.8539612279417459,0,Ball-Playing Defender,"{""Defender Archetype 1 (Low PrgC)"": 0.0, ""Defender Archetype 2 (High xAG)"": 0.1621, ""Defender Archetype 3 (Low npxG)"": 0.8379}",-1.022,1.142
Matias Fernandez-Pardo,be BEL,2005.0,1065,22,4,2,2.9,2.8,16,26,46,12,3,20,19.0,Lille,fr Ligue 1,"FW,MF",Forward,0.245,0.237,1.352,2.197,3.887,1.014,0.254,1.69,44.1,85.3,61.6,49.9,81.4,49.7,44.1,80.6,matias_fernandez_pardo_be_bel_2005_0,Matias Fernandez-Pardo,1065,0.8271957463023136,1.6693612112306602,0.6465483092185798,-0.8320614537739099,1.676806499037376,-0.8441781479922782,-1.135329614665985,1.4732206139228357,1,Dynamic Winger / Dribbler,"{""Forward Archetype 1 (Low PrgC)"": 0.1064, ""Forward Archetype 2 (High PrgC)"": 0.8936}",3.103,-0.705
Matija Nastasić,rs SRB,1993.0,2110,26,1,0,0.1,0.1,2,59,1,25,21,1,31.0,Leganés,es La Liga,DF,Defender,0.004,0.004,0.085,2.517,0.043,1.066,0.896,0.043,5.5,10.0,7.2,23.4,1.5,12.3,39.0,10.5,matija_nastasi__rs_srb_1993_0,Matija Nastasić,2110,-0.9254753101983638,-1.1480083399592313,-1.3157106913841965,-0.6449581984558413,-1.2818639509674286,-0.7764092826902477,0.1900327092842188,-1.082025048444475,1,Stopper / Defensive Destroyer,"{""Defender Archetype 1 (Low PrgC)"": 0.9966, ""Defender Archetype 2 (High xAG)"": 0.0001, ""Defender Archetype 3 (Low npxG)"": 0.0033}",-2.353,-1.195
Mats Hummels,de GER,1988.0,915,14,0,0,0.5,0.1,2,26,4,30,26,4,35.0,Roma,it Serie A,DF,Defender,0.049,0.01,0.197,2.557,0.393,2.951,2.557,0.393,60.3,18.9,22.6,24.5,17.8,95.5,99.7,58.5,mats_hummels_de_ger_1988_0,Mats Hummels,915,-0.5982130797314323,-1.0754580510873888,-1.1422513322148902,-0.6215702915410827,-1.012474081690196,1.6802120845083535,3.6190464477285933,-0.5390159520094058,1,Stopper / Defensive Destroyer,"{""Defender Archetype 1 (Low PrgC)"": 0.9476, ""Defender Archetype 2 (High xAG)"": 0.0001, ""Defender Archetype 3 (Low npxG)"": 0.0523}",-3.395,1.428
Mats Wieffer,nl NED,1999.0,1015,25,1,3,0.8,1.6,16,62,18,58,17,7,24.0,Brighton,eng Premier League,"DF,MF",Defender,0.071,0.142,1.419,5.498,1.596,5.143,1.507,0.621,80.4,88.6,92.1,91.0,67.2,100.0,86.5,77.0,mats_wieffer_nl_ned_1999_0,Mats Wieffer,1015,-0.43821821150315476,0.5206483040931507,0.7503141758645039,1.0980255643665429,-0.08654261671730835,4.536930406470864,1.451397787062372,-0.18528431204598944,0,Ball-Playing Defender,"{""Defender Archetype 1 (Low PrgC)"": 0.0, ""Defender Archetype 2 (High xAG)"": 0.9998, ""Defender Archetype 3 (Low npxG)"": 0.0002}",-0.896,3.896
Matt Doherty,ie IRL,1992.0,2109,30,2,1,1.0,1.5,12,79,29,38,22,11,32.0,Wolves,eng Premier League,DF,Defender,0.043,0.064,0.512,3.371,1.238,1.622,0.939,0.469,54.1,66.5,60.0,51.7,56.1,46.5,42.3,66.3,matt_doherty_ie_irl_1992_0,Matt Doherty,2109,-0.6418480437936899,-0.42250545124080435,-0.6543968845512167,-0.1456263858257453,-0.3620899687208776,-0.05180372292238442,0.27880308300674006,-0.42110540535493374,1,Stopper / Defensive Destroyer,"{""Defender Archetype 1 (Low PrgC)"": 0.0, ""Defender Archetype 2 (High xAG)"": 0.0148, ""Defender Archetype 3 (Low npxG)"": 0.9851}",-1.107,-0.094
Matt O'Riley,dk DEN,2000.0,938,21,2,2,2.0,2.4,21,38,22,16,13,8,23.0,Brighton,eng Premier League,MF,Midfielder,0.192,0.23,2.015,3.646,2.111,1.535,1.247,0.768,83.2,90.3,90.3,34.3,71.1,31.3,79.9,55.2,matt_o_riley_dk_den_2000_0,Matt O'Riley,938,0.4417535637523722,1.584719207546844,1.6733657657297403,0.015165474213219962,0.3098453337906195,-0.1651862475623201,0.9146466901354986,0.04277950845673957,0,Deep-Lying Playmaker,"{""Midfielder Archetype 1 (Low xAG)"": 0.0178, ""Midfielder Archetype 2 (High xAG)"": 0.9822}",1.477,0.818
Matteo Cancellieri,it ITA,2002.0,1424,27,3,0,2.7,0.7,11,24,40,26,13,28,22.0,Parma,it Serie A,"FW,MF",Forward,0.171,0.044,0.695,1.517,2.528,1.643,0.822,1.77,21.2,7.9,17.1,24.6,58.1,85.8,97.3,84.0,matteo_cancellieri_it_ita_2002_0,Matteo Cancellieri,1424,0.2890311895344709,-0.6643397474802801,-0.37097668162279684,-1.229655871324806,0.630804120900922,-0.024435527319641506,0.0372650893896469,1.59733697882228,0,Clinical Finisher / Poacher,"{""Forward Archetype 1 (Low PrgC)"": 0.0084, ""Forward Archetype 2 (High PrgC)"": 0.9916}",0.455,-0.648
Matteo Darmian,it ITA,1989.0,1781,29,3,2,1.9,1.5,15,45,14,28,10,4,34.0,Inter,it Serie A,DF,Defender,0.096,0.076,0.758,2.274,0.707,1.415,0.505,0.202,89.8,72.1,72.4,16.7,35.0,33.0,6.7,35.0,matteo_darmian_it_ita_1989_0,Matteo Darmian,1781,-0.25640586124374837,-0.277404873497119,-0.27340579209006205,-0.7870397329629997,-0.770792884681479,-0.3215759367208516,-0.6171583634019645,-0.8353437732068293,1,Stopper / Defensive Destroyer,"{""Defender Archetype 1 (Low PrgC)"": 0.0004, ""Defender Archetype 2 (High xAG)"": 0.8272, ""Defender Archetype 3 (Low npxG)"": 0.1725}",-0.774,-1.088
Matteo Gabbia,it ITA,1999.0,2152,26,2,0,1.1,0.2,2,74,13,21,15,1,24.0,Milan,it Serie A,DF,Defender,0.046,0.008,0.084,3.095,0.544,0.878,0.627,0.042,57.8,15.2,6.9,43.0,26.1,5.9,15.2,10.3,matteo_gabbia_it_ita_1999_0,Matteo Gabbia,2152,-0.6200305617625611,-1.0996414807113362,-1.3172594356624938,-0.30700294353757945,-0.89625159523059,-1.0214197957052806,-0.3652982333055083,-1.0835765030057178,1,Stopper / Defensive Destroyer,"{""Defender Archetype 1 (Low PrgC)"": 0.9966, ""Defender Archetype 2 (High xAG)"": 0.0001, ""Defender Archetype 3 (Low npxG)"": 0.0033}",-1.82,-1.395
Matteo Pessina,it ITA,1997.0,854,11,0,0,0.2,0.1,4,28,8,15,12,5,27.0,Monza,it Serie A,MF,Midfielder,0.021,0.011,0.422,2.951,0.843,1.581,1.265,0.527,7.3,2.1,9.8,17.9,21.9,33.3,80.8,34.7,matteo_pessina_it_ita_1997_0,Matteo Pessina,854,-0.8018429120219674,-1.063366336275415,-0.7937838695979806,-0.3911994084307105,-0.6661156783337543,-0.10523686671821625,0.9518063814612048,-0.3311210408028365,1,Box-to-Box / Pressing Engine,"{""Midfielder Archetype 1 (Low xAG)"": 0.9994, ""Midfielder Archetype 2 (High xAG)"": 0.0006}",-1.84,-0.122
Matteo Politano,it ITA,1993.0,2804,37,3,4,3.1,4.8,56,129,135,29,13,32,30.0,Napoli,it Serie A,"FW,MF",Forward,0.1,0.154,1.797,4.141,4.333,0.931,0.417,1.027,4.1,59.5,82.8,88.8,86.3,45.5,71.4,52.5,matteo_politano_it_ita_1993_0,Matteo Politano,2804,-0.2273158852022433,0.6657488818368362,1.335739513060912,0.3045908222833576,2.0200861610306493,-0.9523476829935958,-0.7988279654387526,0.44460623981869046,1,Dynamic Winger / Dribbler,"{""Forward Archetype 1 (Low PrgC)"": 0.0, ""Forward Archetype 2 (High PrgC)"": 1.0}",2.319,0.303
Matteo Prati,it ITA,2003.0,570,12,0,0,0.1,0.7,6,23,2,10,7,3,20.0,Cagliari,it Serie A,MF,Midfielder,0.016,0.111,0.947,3.632,0.316,1.579,1.105,0.474,5.1,58.0,44.9,33.8,3.2,33.0,72.1,30.2,matteo_prati_it_ita_2003_0,Matteo Prati,570,-0.8382053820738488,0.1458051449219635,0.019306876508142008,0.006979706793054578,-1.071739852931187,-0.10784336153752512,0.6214980141215903,-0.41334813254871844,1,Box-to-Box / Pressing Engine,"{""Midfielder Archetype 1 (Low xAG)"": 0.9033, ""Midfielder Archetype 2 (High xAG)"": 0.0967}",-1.008,0.302
Matteo Ruggeri,it ITA,2002.0,1751,30,0,3,0.2,2.0,24,114,60,39,22,6,22.0,Atalanta,it Serie A,DF,Defender,0.01,0.103,1.234,5.86,3.084,2.005,1.131,0.308,11.0,80.9,88.0,92.6,95.1,67.5,62.4,49.6,matteo_ruggeri_it_ita_2002_0,Matteo Ruggeri,1751,-0.8818403461361063,0.049071426426173126,0.4637964843794891,1.3096861219451084,1.0587491703813257,0.4473400349752621,0.6751731238142777,-0.6708895897150654,0,Ball-Playing Defender,"{""Defender Archetype 1 (Low PrgC)"": 0.0, ""Defender Archetype 2 (High xAG)"": 0.8993, ""Defender Archetype 3 (Low npxG)"": 0.1007}",-0.103,1.754
Matthias Ginter,de GER,1994.0,2561,32,2,1,2.8,0.7,9,113,11,30,19,4,30.0,Freiburg,de Bundesliga,DF,Defender,0.098,0.025,0.316,3.971,0.387,1.054,0.668,0.141,90.8,38.4,40.5,67.1,17.6,12.0,17.8,26.4,matthias_ginter_de_ger_1994_0,Matthias Ginter,2561,-0.24186087322299582,-0.894082328907782,-0.9579507630975024,0.20519221789563363,-1.0170921937349484,-0.7920482516061009,-0.280656714174732,-0.9299825014426555,1,Stopper / Defensive Destroyer,"{""Defender Archetype 1 (Low PrgC)"": 0.9989, ""Defender Archetype 2 (High xAG)"": 0.0006, ""Defender Archetype 3 (Low npxG)"": 0.0005}",-1.474,-0.997
Matthijs de Ligt,nl NED,1999.0,2123,29,2,0,2.5,0.3,6,55,7,30,33,2,24.0,Manchester Utd,eng Premier League,DF,Defender,0.106,0.013,0.254,2.332,0.297,1.272,1.399,0.085,92.8,24.5,32.4,18.6,12.7,22.6,81.4,15.1,matthijs_de_ligt_nl_ned_1999_0,Matthijs de Ligt,2123,-0.18368092113998583,-1.0391829066514675,-1.0539729083519398,-0.7531272679365998,-1.086363874406237,-0.5079403163014351,1.2284396391081323,-1.0168639568722666,1,Stopper / Defensive Destroyer,"{""Defender Archetype 1 (Low PrgC)"": 0.9999, ""Defender Archetype 2 (High xAG)"": 0.0001, ""Defender Archetype 3 (Low npxG)"": 0.0}",-2.246,-0.897
Matthis Abline,fr FRA,2003.0,2768,34,9,2,7.7,3.8,27,48,75,11,4,35,21.0,Nantes,fr Ligue 1,FW,Forward,0.25,0.124,0.878,1.561,2.439,0.358,0.13,1.138,45.6,45.8,30.8,26.4,56.8,9.1,19.3,58.1,matthis_abline_fr_fra_2003_0,Matthis Abline,2768,0.8635582163541949,0.30299743747762264,-0.0875564786943769,-1.2039291737185716,0.5623021255704258,-1.6991084487255843,-1.3913185993541863,0.6168176961166695,0,Clinical Finisher / Poacher,"{""Forward Archetype 1 (Low PrgC)"": 0.9825, ""Forward Archetype 2 (High PrgC)"": 0.0175}",1.56,-2.186
Mattia Bani,it ITA,1993.0,1507,20,0,0,1.2,0.2,2,25,6,19,22,2,30.0,Genoa,it Serie A,DF,Defender,0.072,0.012,0.119,1.493,0.358,1.135,1.314,0.119,81.1,22.7,11.6,2.9,15.8,15.1,76.9,21.8,mattia_bani_it_ita_1993_0,Mattia Bani,1507,-0.4309457174927785,-1.0512746214634412,-1.2630533859220856,-1.2436886154736613,-1.039413068617919,-0.6864852114240921,1.052963318958962,-0.9641145017900027,1,Stopper / Defensive Destroyer,"{""Defender Archetype 1 (Low PrgC)"": 0.9997, ""Defender Archetype 2 (High xAG)"": 0.0, ""Defender Archetype 3 (Low npxG)"": 0.0003}",-2.32,-1.258
Mattia De Sciglio,it ITA,1992.0,769,16,1,0,0.6,0.2,3,18,4,18,8,1,31.0,Empoli,it Serie A,DF,Defender,0.07,0.023,0.351,2.107,0.468,2.107,0.936,0.117,79.4,36.0,44.4,13.0,22.2,71.1,42.0,21.1,mattia_de_sciglio_it_ita_1992_0,Mattia De Sciglio,769,-0.4454907055135309,-0.9182657585317296,-0.9037447133570944,-0.8846842443321167,-0.954747681130789,0.5802712707600144,0.27260980111912253,-0.9672174109124888,1,Stopper / Defensive Destroyer,"{""Defender Archetype 1 (Low PrgC)"": 0.9784, ""Defender Archetype 2 (High xAG)"": 0.0023, ""Defender Archetype 3 (Low npxG)"": 0.0193}",-2.003,-0.572
Mattia Felici,it ITA,2001.0,925,20,0,3,0.6,1.0,10,19,39,17,7,19,23.0,Cagliari,it Serie A,"MF,FW",Midfielder,0.058,0.097,0.973,1.849,3.795,1.654,0.681,1.849,32.7,51.2,46.7,3.4,94.7,37.1,40.3,93.9,mattia_felici_it_ita_2001_0,Mattia Felici,925,-0.532760633638046,-0.023478862445669473,0.05957422774387383,-1.0355362439323097,1.6059954476845033,-0.010099805813442905,-0.2538191593283883,1.7199018891604811,0,Deep-Lying Playmaker,"{""Midfielder Archetype 1 (Low xAG)"": 0.0, ""Midfielder Archetype 2 (High xAG)"": 1.0}",1.247,0.083
Mattia Viti,it ITA,2002.0,2572,30,1,0,0.8,0.2,5,86,17,65,48,6,22.0,Empoli,it Serie A,DF,Defender,0.028,0.007,0.175,3.009,0.595,2.274,1.68,0.21,36.0,14.0,19.3,40.0,28.7,79.0,92.2,35.8,mattia_viti_it_ita_2002_0,Mattia Viti,2572,-0.7509354539493337,-1.11173319552331,-1.1763237063374326,-0.3572869434043106,-0.8569976428501933,0.797913588172304,1.8085437092483303,-0.8229321367168848,1,Stopper / Defensive Destroyer,"{""Defender Archetype 1 (Low PrgC)"": 0.9806, ""Defender Archetype 2 (High xAG)"": 0.0001, ""Defender Archetype 3 (Low npxG)"": 0.0193}",-2.74,0.466
Mattia Zaccagni,it ITA,1995.0,2686,34,8,6,4.9,4.6,55,114,91,38,29,44,29.0,Lazio,it Serie A,FW,Forward,0.164,0.154,1.843,3.82,3.049,1.273,0.972,1.474,19.1,59.5,85.1,85.8,68.8,68.1,98.3,72.1,mattia_zaccagni_it_ita_1995_0,Mattia Zaccagni,2686,0.23812373146183705,0.6657488818368362,1.4069817498625914,0.1169028692924198,1.0318101834536022,-0.5066370688917808,0.34692918377053567,1.1381064286943359,1,Dynamic Winger / Dribbler,"{""Forward Archetype 1 (Low PrgC)"": 0.0001, ""Forward Archetype 2 (High PrgC)"": 0.9999}",1.879,0.621
Mattias Svanberg,se SWE,1999.0,1219,20,3,1,3.6,1.7,13,36,11,20,15,10,25.0,Wolfsburg,de Bundesliga,MF,Midfielder,0.266,0.126,0.96,2.658,0.812,1.477,1.107,0.738,91.7,63.4,45.9,12.4,20.4,26.9,72.4,52.4,mattias_svanberg_se_swe_1999_0,Mattias Svanberg,1219,0.9799181205202151,0.32718086710157024,0.03944055212600792,-0.5625158265813173,-0.6899759238983091,-0.24077459732227682,0.6256268687133355,-0.003764128380552098,1,Box-to-Box / Pressing Engine,"{""Midfielder Archetype 1 (Low xAG)"": 0.001, ""Midfielder Archetype 2 (High xAG)"": 0.999}",-0.018,-0.64
Matty Cash,pl POL,1997.0,2070,27,1,1,0.5,1.1,10,42,48,56,23,19,26.0,Aston Villa,eng Premier League,DF,Defender,0.022,0.048,0.435,1.826,2.087,2.435,1.0,0.826,28.1,57.4,52.7,6.9,80.9,84.0,49.5,86.4,matty_cash_pl_pol_1997_0,Matty Cash,2070,-0.7945704180115913,-0.6159728882323849,-0.7736501939801147,-1.0489842904082958,0.29137288561160923,1.0077364211266673,0.4047331480549683,0.13276387300883663,1,Stopper / Defensive Destroyer,"{""Defender Archetype 1 (Low PrgC)"": 0.0, ""Defender Archetype 2 (High xAG)"": 0.0315, ""Defender Archetype 3 (Low npxG)"": 0.9685}",-1.075,0.205
Mattéo Guendouzi,fr FRA,1999.0,3270,37,1,3,1.4,3.2,43,316,89,37,32,15,25.0,Lazio,it Serie A,MF,Midfielder,0.039,0.088,1.183,8.697,2.45,1.018,0.881,0.413,20.2,47.5,59.9,96.8,82.1,9.7,57.3,24.0,matt_o_guendouzi_fr_fra_1999_0,Mattéo Guendouzi,3270,-0.6709380198351949,-0.13230429575343364,0.384810526186323,2.9684734198743605,0.5707686643191389,-0.8389651583536605,0.1590662998461299,-0.5079868607845448,0,Deep-Lying Playmaker,"{""Midfielder Archetype 1 (Low xAG)"": 0.5168, ""Midfielder Archetype 2 (High xAG)"": 0.4832}",0.198,1.596
Matìas Soulé,ar ARG,2003.0,1781,27,5,5,3.0,5.2,51,89,84,26,9,35,21.0,Roma,it Serie A,"MF,DF",Midfielder,0.152,0.263,2.577,4.497,4.245,1.314,0.455,1.769,75.7,95.3,97.5,55.7,97.0,18.8,19.7,91.9,mat_as_soul__ar_arg_2003_0,Matìas Soulé,1781,0.1508538033373219,1.983745796341979,2.5437600501328657,0.512743193824709,1.9523538510409453,-0.45320392509594903,-0.720379728195594,1.5957855242610368,0,Deep-Lying Playmaker,"{""Midfielder Archetype 1 (Low xAG)"": 0.0, ""Midfielder Archetype 2 (High xAG)"": 1.0}",3.91,1.218
Matías Vecino,uy URU,1991.0,877,20,2,3,2.3,2.4,11,29,4,13,5,1,32.0,Lazio,it Serie A,MF,Midfielder,0.236,0.246,1.129,2.976,0.41,1.334,0.513,0.103,90.0,93.4,55.7,18.6,5.6,20.4,25.1,2.0,mat_as_vecino_uy_uru_1991_0,Matías Vecino,877,0.7617433002089272,1.7781866445384242,0.3011783351582646,-0.3765819666089864,-0.9993894308967305,-0.4271389769028604,-0.6006429450349837,-0.9889377747698916,0,Deep-Lying Playmaker,"{""Midfielder Archetype 1 (Low xAG)"": 0.0, ""Midfielder Archetype 2 (High xAG)"": 1.0}",0.622,-0.889
Matúš Bero,sk SVK,1995.0,2565,30,5,2,3.0,3.7,54,143,29,65,17,19,28.0,Bochum,de Bundesliga,MF,Midfielder,0.105,0.13,1.895,5.018,1.018,2.281,0.596,0.667,59.4,64.3,87.7,67.4,30.1,69.3,33.5,45.8,mat___bero_sk_svk_1995_0,Matúš Bero,2565,-0.1909534151503621,0.3755477263494654,1.487516452334055,0.8173706813894396,-0.531420743695138,0.8070363200398851,-0.4292954794775587,-0.11391740222880888,0,Deep-Lying Playmaker,"{""Midfielder Archetype 1 (Low xAG)"": 0.6795, ""Midfielder Archetype 2 (High xAG)"": 0.3205}",0.554,1.082
Mauro Arambarri,uy URU,1995.0,2661,35,10,0,5.8,0.6,17,75,17,48,15,18,28.0,Getafe,es La Liga,MF,Midfielder,0.196,0.02,0.575,2.537,0.575,1.623,0.507,0.609,83.8,6.7,17.2,10.0,10.0,35.8,24.2,41.5,mauro_arambarri_uy_uru_1995_0,Mauro Arambarri,2661,0.4708435397938772,-0.9545409029676508,-0.5568259950184821,-0.633264244998462,-0.8723913496660352,-0.05050047551273013,-0.6130295088102193,-0.2039017667809061,1,Box-to-Box / Pressing Engine,"{""Midfielder Archetype 1 (Low xAG)"": 0.0393, ""Midfielder Archetype 2 (High xAG)"": 0.9607}",-0.805,-1.265
Max Geschwill,de GER,2001.0,1282,19,1,2,0.9,0.8,10,58,6,26,30,2,23.0,Holstein Kiel,de Bundesliga,DF,Defender,0.063,0.056,0.702,4.072,0.421,1.825,2.106,0.14,74.2,61.9,69.2,70.2,19.5,57.3,98.7,26.1,max_geschwill_de_ger_2001_0,Max Geschwill,1282,-0.4963981635861648,-0.5192391697365947,-0.3601354716747152,0.26424668285539904,-0.9909228921480173,0.21275550123746473,2.6879897372900543,-0.9315339560038985,1,Stopper / Defensive Destroyer,"{""Defender Archetype 1 (Low PrgC)"": 0.0949, ""Defender Archetype 2 (High xAG)"": 0.0046, ""Defender Archetype 3 (Low npxG)"": 0.9004}",-2.287,0.984
Max Kilman,eng ENG,1997.0,3348,38,0,1,1.6,1.2,16,113,31,39,38,16,27.0,West Ham,eng Premier League,DF,Defender,0.043,0.032,0.43,3.038,0.833,1.048,1.022,0.43,54.1,46.3,52.1,40.8,41.8,11.4,51.9,61.8,max_kilman_eng_eng_1997_0,Max Kilman,3348,-0.6418480437936899,-0.8094403252239655,-0.7813939153716016,-0.34033071089111067,-0.6738125317416752,-0.7998677360640275,0.4501505485641653,-0.48161213324341284,1,Stopper / Defensive Destroyer,"{""Defender Archetype 1 (Low PrgC)"": 0.585, ""Defender Archetype 2 (High xAG)"": 0.0044, ""Defender Archetype 3 (Low npxG)"": 0.4107}",-1.437,-0.683
Max Rosenfelder,de GER,2003.0,1249,25,1,0,0.4,0.7,5,29,24,27,7,14,21.0,Freiburg,de Bundesliga,DF,Defender,0.029,0.05,0.36,2.09,1.729,1.946,0.504,1.009,37.4,58.1,45.3,12.4,72.4,63.8,6.6,91.2,max_rosenfelder_de_ger_2003_0,Max Rosenfelder,1249,-0.7436629599389575,-0.5917894586084373,-0.889806014852418,-0.8946241047708893,0.01582553360803998,0.3704484378056508,-0.619222790697837,0.4166800577163155,1,Stopper / Defensive Destroyer,"{""Defender Archetype 1 (Low PrgC)"": 0.0, ""Defender Archetype 2 (High xAG)"": 0.0558, ""Defender Archetype 3 (Low npxG)"": 0.9442}",-0.636,-0.478
Maxence Caqueret,fr FRA,2000.0,1660,27,2,3,1.5,1.9,29,126,29,57,14,21,24.0,"Como, Lyon","it Serie A, fr Ligue 1",MF,Midfielder,0.081,0.103,1.572,6.831,1.572,3.09,0.759,1.139,46.9,53.7,77.4,90.2,56.9,93.0,46.6,76.8,maxence_caqueret_fr_fra_2000_0,Maxence Caqueret,1660,-0.36549327139939214,0.049071426426173126,0.9872720504440025,1.8774275623008732,-0.1050150648963186,1.861363474450319,-0.09279383025032625,0.6183691506779128,1,Box-to-Box / Pressing Engine,"{""Midfielder Archetype 1 (Low xAG)"": 0.973, ""Midfielder Archetype 2 (High xAG)"": 0.027}",0.366,2.404
Maxence Lacroix,fr FRA,2000.0,3116,35,1,1,3.4,1.0,8,65,8,68,54,8,24.0,Crystal Palace,eng Premier League,DF,Defender,0.098,0.029,0.231,1.877,0.231,1.964,1.56,0.231,90.8,43.2,27.9,7.8,8.6,64.8,89.2,38.8,maxence_lacroix_fr_fra_2000_0,Maxence Lacroix,3116,-0.24186087322299582,-0.8457154696598869,-1.0895940267527795,-1.0191647090919786,-1.1371631068985149,0.39390689117943056,1.5608124337436196,-0.7903515909307807,1,Stopper / Defensive Destroyer,"{""Defender Archetype 1 (Low PrgC)"": 0.9952, ""Defender Archetype 2 (High xAG)"": 0.0008, ""Defender Archetype 3 (Low npxG)"": 0.0041}",-2.407,-0.376
Maxim Leitsch,de GER,1998.0,674,14,1,0,1.2,0.2,2,25,4,12,10,0,26.0,Mainz 05,de Bundesliga,DF,Defender,0.16,0.027,0.267,3.338,0.534,1.602,1.335,0.0,98.3,41.0,34.2,50.8,25.0,45.2,78.0,4.3,maxim_leitsch_de_ger_1998_0,Maxim Leitsch,674,0.20903375542033198,-0.8698988992838345,-1.033839232734074,-0.1649214090304211,-0.9039484486385109,-0.07786867111547305,1.0963162921722864,-1.1487375945779261,1,Stopper / Defensive Destroyer,"{""Defender Archetype 1 (Low PrgC)"": 0.9943, ""Defender Archetype 2 (High xAG)"": 0.0057, ""Defender Archetype 3 (Low npxG)"": 0.0}",-2.004,-0.514
Maxime Bernauer,fr FRA,1998.0,763,11,0,0,0.1,0.0,1,41,7,9,5,2,26.0,Saint-Étienne,fr Ligue 1,DF,Defender,0.012,0.0,0.118,4.836,0.826,1.062,0.59,0.236,14.3,4.3,11.4,83.3,41.4,12.2,12.2,39.6,maxime_bernauer_fr_fra_1998_0,Maxime Bernauer,763,-0.8672953581153539,-1.1963751992071265,-1.2646021302003831,0.7109557049272883,-0.6792003291272198,-0.7816222723288655,-0.44168204325279425,-0.7825943181245654,1,Stopper / Defensive Destroyer,"{""Defender Archetype 1 (Low PrgC)"": 0.9917, ""Defender Archetype 2 (High xAG)"": 0.0003, ""Defender Archetype 3 (Low npxG)"": 0.008}",-1.663,-0.573
Maximilian Arnold,de GER,1994.0,2356,28,3,5,0.9,3.5,45,128,9,34,24,1,30.0,Wolfsburg,de Bundesliga,MF,Midfielder,0.034,0.134,1.719,4.89,0.344,1.299,0.917,0.038,16.3,66.6,82.6,65.5,3.9,18.1,60.4,0.8,maximilian_arnold_de_ger_1994_0,Maximilian Arnold,2356,-0.7073004898870762,0.4239145855973606,1.2149374593537168,0.7425293792622121,-1.0501886633890085,-0.47275263624076563,0.23338568249754327,-1.08978232125069,1,Box-to-Box / Pressing Engine,"{""Midfielder Archetype 1 (Low xAG)"": 0.1726, ""Midfielder Archetype 2 (High xAG)"": 0.8274}",-0.331,0.549
Maximilian Bauer,de GER,2000.0,658,11,0,0,0.2,0.1,2,30,4,14,6,0,24.0,Augsburg,de Bundesliga,DF,Defender,0.027,0.014,0.274,4.103,0.547,1.915,0.821,0.0,34.6,25.9,35.0,71.5,26.5,62.3,30.3,4.3,maximilian_bauer_de_ger_2000_0,Maximilian Bauer,658,-0.75820794795971,-1.0270911918394936,-1.0229980227859923,0.28237231071433677,-0.8939425392082135,0.33004776810636355,0.0352006620937743,-1.1487375945779261,1,Stopper / Defensive Destroyer,"{""Defender Archetype 1 (Low PrgC)"": 0.9705, ""Defender Archetype 2 (High xAG)"": 0.0009, ""Defender Archetype 3 (Low npxG)"": 0.0286}",-2.061,-0.096
Maximilian Beier,de GER,2002.0,1591,29,8,5,7.7,3.3,24,33,24,25,7,22,21.0,Dortmund,de Bundesliga,"FW,MF",Forward,0.436,0.187,1.358,1.867,1.358,1.414,0.396,1.245,83.6,73.9,62.3,37.9,28.8,75.8,68.4,61.9,maximilian_beier_de_ger_2002_0,Maximilian Beier,1591,2.2162421022841783,1.064775470631971,0.655840774888364,-1.0250116858206684,-0.26972772782582644,-0.32287918413050615,-0.8421809386520769,0.7828233341696766,0,Clinical Finisher / Poacher,"{""Forward Archetype 1 (Low PrgC)"": 0.9827, ""Forward Archetype 2 (High PrgC)"": 0.0173}",1.969,-1.523
Maximilian Eggestein,de GER,1996.0,2845,33,2,0,2.0,1.5,19,141,34,57,39,11,27.0,Freiburg,de Bundesliga,MF,Midfielder,0.063,0.047,0.601,4.46,1.076,1.803,1.234,0.348,35.7,21.0,19.3,54.7,32.9,47.3,78.3,18.4,maximilian_eggestein_de_ger_1996_0,Maximilian Eggestein,2845,-0.4963981635861648,-0.6280646030443587,-0.5165586437827502,0.49110937992855735,-0.4867789939291966,0.18408405822506724,0.8878091352891546,-0.6088314072653433,1,Box-to-Box / Pressing Engine,"{""Midfielder Archetype 1 (Low xAG)"": 0.9991, ""Midfielder Archetype 2 (High xAG)"": 0.0009}",-1.432,0.493
Maximilian Mittelstädt,de GER,1997.0,2469,31,1,7,0.9,4.7,47,182,62,79,47,21,27.0,Stuttgart,de Bundesliga,DF,Defender,0.033,0.171,1.713,6.634,2.26,2.88,1.713,0.765,41.4,94.4,95.9,96.4,84.8,95.2,93.2,82.8,maximilian_mittelst_dt_de_ger_1997_0,Maximilian Mittelstädt,2469,-0.7145729838974524,0.8713080336403907,1.2056449936839326,1.762242120745687,0.424528449568641,1.5876815184228885,1.8766698100121262,0.038125144773010405,0,Ball-Playing Defender,"{""Defender Archetype 1 (Low PrgC)"": 0.0, ""Defender Archetype 2 (High xAG)"": 1.0, ""Defender Archetype 3 (Low npxG)"": 0.0}",0.09,3.284
Maximilian Wittek,de GER,1995.0,2706,33,0,0,1.4,4.4,46,141,47,65,27,12,28.0,Bochum,de Bundesliga,DF,Defender,0.047,0.146,1.53,4.69,1.563,2.162,0.898,0.399,59.0,89.7,93.9,82.0,65.9,73.0,39.2,59.1,maximilian_wittek_de_ger_1995_0,Maximilian Wittek,2706,-0.6127580677521849,0.5690151633410458,0.9222247907555127,0.6255898446884195,-0.11194223296344753,0.6519498782910077,0.19416156387596398,-0.5297072246419474,0,Ball-Playing Defender,"{""Defender Archetype 1 (Low PrgC)"": 0.0, ""Defender Archetype 2 (High xAG)"": 0.9997, ""Defender Archetype 3 (Low npxG)"": 0.0003}",0.071,1.216
Medon Berisha,al ALB,2003.0,716,17,0,1,0.7,0.6,11,42,13,12,11,3,20.0,Lecce,it Serie A,MF,Midfielder,0.088,0.075,1.383,5.279,1.634,1.508,1.383,0.377,50.9,39.6,70.8,71.5,60.2,29.4,87.0,20.4,medon_berisha_al_alb_2003_0,Medon Berisha,716,-0.31458581332675845,-0.2894965883090928,0.6945593818457982,0.9699767740082395,-0.05729457376720898,-0.2003739276229896,1.195408802374171,-0.5638392249892947,1,Box-to-Box / Pressing Engine,"{""Midfielder Archetype 1 (Low xAG)"": 0.9918, ""Midfielder Archetype 2 (High xAG)"": 0.0082}",-0.489,1.019
Mehdi Taremi,ir IRN,1992.0,807,25,1,2,2.7,1.6,15,25,10,7,0,6,32.0,Inter,it Serie A,FW,Forward,0.301,0.178,1.673,2.788,1.115,0.781,0.0,0.669,60.4,69.8,78.5,67.2,23.3,37.9,2.8,32.4,mehdi_taremi_ir_irn_1992_0,Mehdi Taremi,807,1.2344554108833838,0.9559500373242069,1.1436952225520376,-0.48650512910835186,-0.45676126563830505,-1.1478347944417604,-1.6596941478176233,-0.11081449310632277,0,Clinical Finisher / Poacher,"{""Forward Archetype 1 (Low PrgC)"": 0.8835, ""Forward Archetype 2 (High PrgC)"": 0.1165}",1.836,-1.638
Melvin Bard,fr FRA,2000.0,1938,24,2,1,2.2,1.9,15,88,53,53,29,22,23.0,Nice,fr Ligue 1,"DF,MF",Defender,0.102,0.088,0.697,4.087,2.461,2.461,1.347,1.022,91.6,75.3,68.7,70.8,88.5,84.6,78.7,91.5,melvin_bard_fr_fra_2000_0,Melvin Bard,1938,-0.21277089718149086,-0.13230429575343364,-0.3678791930662021,0.27301714794843335,0.5792352030678517,1.0416208537776823,1.1210894197227574,0.4368489670124754,0,Ball-Playing Defender,"{""Defender Archetype 1 (Low PrgC)"": 0.0, ""Defender Archetype 2 (High xAG)"": 0.9791, ""Defender Archetype 3 (Low npxG)"": 0.0209}",-0.416,1.249
Merlin Röhl,de GER,2002.0,965,19,0,1,0.8,1.7,9,22,20,16,6,12,22.0,Freiburg,de Bundesliga,"MF,FW",Midfielder,0.075,0.159,0.839,2.052,1.865,1.492,0.56,1.119,43.1,75.7,38.2,4.5,66.5,28.0,30.0,76.4,merlin_r_hl_de_ger_2002_0,Merlin Röhl,965,-0.4091282354616497,0.7262074558967051,-0.14795750554797463,-0.9168426163399098,0.1205027399557645,-0.2212258861774605,-0.5036148621289719,0.5873400594530516,0,Deep-Lying Playmaker,"{""Midfielder Archetype 1 (Low xAG)"": 0.0109, ""Midfielder Archetype 2 (High xAG)"": 0.9891}",0.577,-0.441
Mert Kömür,de GER,2005.0,654,20,2,1,1.1,1.5,13,11,18,3,3,12,19.0,Augsburg,de Bundesliga,MF,Midfielder,0.151,0.206,1.789,1.514,2.477,0.413,0.413,1.651,75.0,86.9,85.2,1.7,82.4,0.5,17.2,89.7,mert_k_m_r_de_ger_2005_0,Mert Kömür,654,0.14358130932694563,1.2945180520594728,1.323349558834533,-1.231409964343413,0.5915501685205251,-1.6274298411945907,-0.8070856746222429,1.4127138860343567,0,Deep-Lying Playmaker,"{""Midfielder Archetype 1 (Low xAG)"": 0.0, ""Midfielder Archetype 2 (High xAG)"": 1.0}",2.529,-1.035
Michael Amir Murillo,pa PAN,1996.0,2437,30,1,3,1.5,3.3,24,140,43,49,18,14,28.0,Marseille,fr Ligue 1,DF,Defender,0.055,0.122,0.886,5.17,1.588,1.81,0.665,0.517,66.8,85.0,77.3,87.6,66.6,56.4,17.6,69.9,michael_amir_murillo_pa_pan_1996_0,Michael Amir Murillo,2437,-0.5545781156691748,0.27881400785367505,-0.07516652446799788,0.9062447276655223,-0.0927000994436451,0.1932067900926484,-0.2868499960623498,-0.34663558641526704,0,Ball-Playing Defender,"{""Defender Archetype 1 (Low PrgC)"": 0.0, ""Defender Archetype 2 (High xAG)"": 0.9662, ""Defender Archetype 3 (Low npxG)"": 0.0338}",-0.146,0.671
Michael Folorunsho,it ITA,1998.0,685,20,0,0,1.2000000000000002,0.6,3,21,13,22,5,9,26.0,"Fiorentina, Napoli",it Serie A,"FW,MF",Forward,0.158,0.079,0.394,2.759,1.708,2.891,0.657,1.182,17.1,22.6,3.1,66.3,39.9,98.4,91.7,59.9,michael_folorunsho_it_ita_1998_0,Michael Folorunsho,685,0.19448876739957946,-0.24112972906119762,-0.837148709390307,-0.5034613616215519,-0.0003378585485940683,1.6020172399290875,-0.3033654144293305,0.685081696811364,0,Clinical Finisher / Poacher,"{""Forward Archetype 1 (Low PrgC)"": 0.0002, ""Forward Archetype 2 (High PrgC)"": 0.9998}",-0.349,0.226
Michael Gregoritsch,at AUT,1994.0,639,20,2,1,1.8,0.4,5,19,6,4,1,4,30.0,Freiburg,de Bundesliga,FW,Forward,0.254,0.056,0.704,2.676,0.845,0.563,0.141,0.563,47.1,10.6,17.7,63.9,12.7,21.3,21.4,24.9,michael_gregoritsch_at_aut_1994_0,Michael Gregoritsch,639,0.8926481923956999,-0.5192391697365947,-0.35703798311812046,-0.5519912684696757,-0.6645763076521701,-1.4319427297464262,-1.3686098990995876,-0.2752686765980867,0,Clinical Finisher / Poacher,"{""Forward Archetype 1 (Low PrgC)"": 0.9808, ""Forward Archetype 2 (High PrgC)"": 0.0192}",0.178,-2.242
Michael Kayode,it ITA,2004.0,655,17,0,1,0.3,1.4,9,20,15,18,9,12,20.0,"Brentford, Fiorentina","eng Premier League, it Serie A",DF,Defender,0.041,0.192,1.237,2.748,2.061,2.473,1.237,1.649,51.2,95.7,88.2,31.0,80.2,85.8,72.8,98.0,michael_kayode_it_ita_2004_0,Michael Kayode,655,-0.6563930318144423,1.12523404469184,0.4684427172143814,-0.5098930360231102,0.2713610667510146,1.0572598226935355,0.8940024171767726,1.4096109769118705,0,Ball-Playing Defender,"{""Defender Archetype 1 (Low PrgC)"": 0.0, ""Defender Archetype 2 (High xAG)"": 1.0, ""Defender Archetype 3 (Low npxG)"": 0.0}",0.676,1.424
Michael Keane,eng ENG,1993.0,1049,14,3,0,0.6,0.1,2,14,1,12,16,0,31.0,Everton,eng Premier League,DF,Defender,0.051,0.009,0.172,1.201,0.086,1.03,1.373,0.0,62.4,17.1,18.6,0.8,2.3,10.8,79.8,4.3,michael_keane_eng_eng_1993_0,Michael Keane,1049,-0.5836680917106799,-1.0875497658993627,-1.1809699391723247,-1.414420335951399,-1.2487674813133685,-0.8233261894378072,1.174764529415445,-1.1487375945779261,1,Stopper / Defensive Destroyer,"{""Defender Archetype 1 (Low PrgC)"": 0.9997, ""Defender Archetype 2 (High xAG)"": 0.0, ""Defender Archetype 3 (Low npxG)"": 0.0003}",-2.54,-1.365
Michael Olise,fr FRA,2001.0,2334,34,12,15,9.7,12.0,90,184,119,36,8,72,22.0,Bayern Munich,de Bundesliga,"FW,MF",Forward,0.374,0.463,3.47,7.095,4.589,1.388,0.308,2.776,75.6,99.6,100.0,99.1,88.0,74.8,53.2,97.3,michael_olise_fr_fra_2001_0,Michael Olise,2334,1.7653474736408505,4.4020887587367366,3.9267886906524234,2.0317877479382793,2.217125608273425,-0.35676361678152135,-1.023850540688865,3.1581002674327925,1,Dynamic Winger / Dribbler,"{""Forward Archetype 1 (Low PrgC)"": 0.0, ""Forward Archetype 2 (High PrgC)"": 1.0}",7.059,2.345
Michael Svoboda,at AUT,1998.0,1314,16,1,0,0.2,0.6,5,43,13,26,22,2,25.0,Venezia,it Serie A,DF,Defender,0.014,0.041,0.342,2.945,0.89,1.781,1.507,0.137,16.6,53.3,43.2,37.4,45.1,54.4,86.5,25.5,michael_svoboda_at_aut_1998_0,Michael Svoboda,1314,-0.8527503700946013,-0.7006148919162014,-0.9176834118617706,-0.3947075944679244,-0.6299404673165259,0.15541261521266975,1.451397787062372,-0.9361883196876277,1,Stopper / Defensive Destroyer,"{""Defender Archetype 1 (Low PrgC)"": 0.1861, ""Defender Archetype 2 (High xAG)"": 0.0035, ""Defender Archetype 3 (Low npxG)"": 0.8104}",-2.188,0.174
Michail Antonio,jm JAM,1990.0,836,14,1,1,2.2,1.6,9,18,29,2,0,9,34.0,West Ham,eng Premier League,FW,Forward,0.237,0.172,0.969,1.938,3.122,0.215,0.0,0.969,42.4,66.2,38.1,41.0,70.7,3.8,2.8,49.4,michail_antonio_jm_jam_1990_0,Michail Antonio,836,0.7690157942193036,0.8833997484523641,0.05337925063068432,-0.9834981510469719,1.087997213331425,-1.885472828306168,-1.6596941478176233,0.35462187526659344,0,Clinical Finisher / Poacher,"{""Forward Archetype 1 (Low PrgC)"": 0.656, ""Forward Archetype 2 (High PrgC)"": 0.344}",2.112,-2.038
Michel Aebischer,ch SUI,1997.0,724,14,0,0,0.4,0.4,8,33,8,18,7,3,27.0,Bologna,it Serie A,MF,Midfielder,0.05,0.05,0.994,4.102,0.994,2.238,0.87,0.373,27.4,22.2,48.2,45.3,29.2,67.7,56.6,20.1,michel_aebischer_ch_sui_1997_0,Michel Aebischer,724,-0.590940585721056,-0.5917894586084373,0.09209785758811877,0.28178761304146815,-0.5498931918741482,0.7509966814247445,0.13635759959153138,-0.570045043234267,1,Box-to-Box / Pressing Engine,"{""Midfielder Archetype 1 (Low xAG)"": 0.9924, ""Midfielder Archetype 2 (High xAG)"": 0.0076}",-1.041,0.572
Michel Ndary Adopo,fr FRA,2000.0,2409,35,1,1,1.1,2.3,19,106,20,55,27,19,24.0,Cagliari,it Serie A,MF,Midfielder,0.041,0.086,0.71,3.96,0.747,2.055,1.009,0.71,21.4,46.3,27.8,41.1,17.7,58.5,66.1,49.6,michel_ndary_adopo_fr_fra_2000_0,Michel Ndary Adopo,2409,-0.6563930318144423,-0.15648772537738123,-0.3477455174483362,0.19876054349407493,-0.7400054710497952,0.512502405457984,0.4233129937178214,-0.047204856095357656,1,Box-to-Box / Pressing Engine,"{""Midfielder Archetype 1 (Low xAG)"": 0.991, ""Midfielder Archetype 2 (High xAG)"": 0.009}",-0.992,0.552
Mickael Nade,fr FRA,1999.0,2306,26,1,2,0.7,0.6,7,72,17,59,33,3,25.0,Saint-Étienne,fr Ligue 1,DF,Defender,0.027,0.023,0.273,2.81,0.663,2.303,1.288,0.117,34.6,36.0,34.8,33.3,32.9,80.6,75.0,21.1,mickael_nade_fr_fra_1999_0,Mickael Nade,2306,-0.75820794795971,-0.9182657585317296,-1.0245467670642896,-0.4736417803052345,-0.8046590396763309,0.8357077630522823,0.9992882092662747,-0.9672174109124888,1,Stopper / Defensive Destroyer,"{""Defender Archetype 1 (Low PrgC)"": 0.8954, ""Defender Archetype 2 (High xAG)"": 0.0009, ""Defender Archetype 3 (Low npxG)"": 0.1037}",-2.36,0.179
Micky van de Ven,nl NED,2001.0,1015,13,0,2,0.6,1.2,2,51,8,10,10,4,23.0,Tottenham,eng Premier League,DF,Defender,0.053,0.106,0.177,4.522,0.709,0.887,0.887,0.355,64.6,82.6,19.7,79.4,35.3,6.1,37.4,55.0,micky_van_de_ven_nl_ned_2001_0,Micky van de Ven,1015,-0.5691231036899274,0.08534657086209452,-1.1732262177808377,0.5273606356464333,-0.7692535139998947,-1.0096905690183908,0.17145286362136547,-0.5979712253366419,1,Stopper / Defensive Destroyer,"{""Defender Archetype 1 (Low PrgC)"": 0.0, ""Defender Archetype 2 (High xAG)"": 0.9937, ""Defender Archetype 3 (Low npxG)"": 0.0063}",-1.087,-0.424
Miguel,es ESP,1999.0,1724,34,1,3,3.3,1.4,7,16,14,16,4,8,24.0,Leganés,es La Liga,FW,Forward,0.172,0.073,0.365,0.835,0.731,0.835,0.209,0.418,21.7,19.2,2.0,3.9,9.5,40.1,34.5,15.5,miguel_es_esp_1999_0,Miguel,1724,0.29630368354484693,-0.3136800179330404,-0.882062293460931,-1.62841968422144,-0.7523204365024686,-1.0774594343204211,-1.2282288429802517,-0.5002295879783295,0,Clinical Finisher / Poacher,"{""Forward Archetype 1 (Low PrgC)"": 0.9939, ""Forward Archetype 2 (High PrgC)"": 0.0061}",-0.452,-2.485
Miguel Gutiérrez,es ESP,2001.0,2458,29,1,5,1.6,4.1,41,103,63,37,16,29,23.0,Girona,es La Liga,"DF,MF",Defender,0.059,0.15,1.501,3.771,2.307,1.355,0.586,1.062,71.2,90.2,93.2,62.3,86.2,28.4,11.7,92.8,miguel_guti_rrez_es_esp_2001_0,Miguel Gutiérrez,2458,-0.5254881396276698,0.617382022588941,0.8773112066848885,0.08825268332184057,0.4607036605858695,-0.39977078130011745,-0.44993975243628465,0.4989071494621976,0,Ball-Playing Defender,"{""Defender Archetype 1 (Low PrgC)"": 0.0, ""Defender Archetype 2 (High xAG)"": 1.0, ""Defender Archetype 3 (Low npxG)"": 0.0}",1.127,0.345
Mika Biereth,dk DEN,2003.0,1228,16,13,2,9.7,4.5,22,24,14,5,4,1,21.0,Monaco,fr Ligue 1,FW,Forward,0.711,0.33,1.612,1.759,1.026,0.366,0.293,0.073,98.7,95.6,77.2,32.9,20.6,9.8,50.3,0.4,mika_biereth_dk_den_2003_0,Mika Biereth,1228,4.216177955137648,2.7938906887442223,1.0492218215758977,-1.0881590344905165,-0.5252632609688013,-1.6886824694483489,-1.0548169501269538,-1.0354814116071833,0,Clinical Finisher / Poacher,"{""Forward Archetype 1 (Low PrgC)"": 0.9786, ""Forward Archetype 2 (High PrgC)"": 0.0214}",3.041,-3.054
Mika Mármol,es ESP,2001.0,2399,30,0,1,0.4,1.5,16,106,33,61,38,7,23.0,Las Palmas,es La Liga,DF,Defender,0.015,0.056,0.6,3.977,1.238,2.288,1.426,0.263,18.2,61.9,64.6,67.5,56.1,80.2,83.0,43.6,mika_m_rmol_es_esp_2001_0,Mika Mármol,2399,-0.845477876084225,-0.5192391697365947,-0.5181073880610476,0.20870040393284728,-0.3620899687208776,0.8161590519074657,1.284179176096692,-0.7407050449710029,1,Stopper / Defensive Destroyer,"{""Defender Archetype 1 (Low PrgC)"": 0.0017, ""Defender Archetype 2 (High xAG)"": 0.0131, ""Defender Archetype 3 (Low npxG)"": 0.9852}",-1.755,0.978
Mikael Ellertsson,is ISL,2002.0,2470,36,2,2,1.1,1.6,20,36,33,58,17,16,22.0,Venezia,it Serie A,"DF,MF",Defender,0.04,0.058,0.729,1.312,1.202,2.113,0.619,0.583,49.7,63.4,70.7,1.5,55.5,71.3,14.4,74.9,mikael_ellertsson_is_isl_2002_0,Mikael Ellertsson,2470,-0.6636655258248185,-0.4950557401126471,-0.318319376160686,-1.349518894262944,-0.389798640989393,0.5880907552179407,-0.3818136516724891,-0.24423958537322557,1,Stopper / Defensive Destroyer,"{""Defender Archetype 1 (Low PrgC)"": 0.0, ""Defender Archetype 2 (High xAG)"": 0.0527, ""Defender Archetype 3 (Low npxG)"": 0.9473}",-0.894,-0.568
Mikayil Ngor Faye,sn SEN,2004.0,688,11,0,0,0.4,0.0,1,35,12,15,12,2,20.0,Rennes,fr Ligue 1,DF,Defender,0.052,0.0,0.131,4.578,1.57,1.962,1.57,0.262,63.6,4.3,13.4,80.5,66.0,64.6,89.6,43.3,mikayil_ngor_faye_sn_sen_2004_0,Mikayil Ngor Faye,688,-0.5763955977003037,-1.1963751992071265,-1.244468454582517,0.5601037053270954,-0.10655443557790278,0.3913003963601217,1.5814567067023455,-0.7422564995322459,1,Stopper / Defensive Destroyer,"{""Defender Archetype 1 (Low PrgC)"": 0.8831, ""Defender Archetype 2 (High xAG)"": 0.0157, ""Defender Archetype 3 (Low npxG)"": 0.1012}",-2.2,0.708
Mikel Jauregizar,es ESP,2003.0,2244,34,2,1,1.1,1.4,23,118,14,84,29,20,20.0,Athletic Club,es La Liga,MF,Midfielder,0.044,0.056,0.922,4.733,0.561,3.369,1.163,0.802,23.1,26.5,43.8,61.7,9.5,96.2,75.5,57.6,mikel_jauregizar_es_esp_2003_0,Mikel Jauregizar,2244,-0.6345755497833137,-0.5192391697365947,-0.019411730449292265,0.6507318446217846,-0.8831669444371244,2.2249695017439053,0.7412347972822008,0.09552896353900346,1,Box-to-Box / Pressing Engine,"{""Midfielder Archetype 1 (Low xAG)"": 0.9996, ""Midfielder Archetype 2 (High xAG)"": 0.0004}",-1.386,1.805
Mikel Merino,es ESP,1996.0,1586,28,7,2,5.9,2.0,17,69,11,46,15,9,28.0,Arsenal,eng Premier League,"MF,FW",Midfielder,0.335,0.113,0.965,3.916,0.624,2.61,0.851,0.511,96.4,59.0,46.1,40.3,11.6,81.1,54.5,32.9,mikel_merino_es_esp_1996_0,Mikel Merino,1586,1.4817202072361768,0.16998857454591107,0.04718427351749481,0.17303384588784046,-0.8346767679672225,1.2358047178161924,0.0971334809699521,-0.3559443137827254,1,Box-to-Box / Pressing Engine,"{""Midfielder Archetype 1 (Low xAG)"": 0.0, ""Midfielder Archetype 2 (High xAG)"": 1.0}",-0.162,0.025
Mikel Oyarzabal,es ESP,1997.0,2250,35,9,3,6.8,2.4,15,28,31,25,4,9,27.0,Real Sociedad,es La Liga,FW,Forward,0.272,0.096,0.6,1.12,1.24,1.0,0.16,0.36,54.4,33.0,11.8,12.2,26.7,49.0,25.5,11.8,mikel_oyarzabal_es_esp_1997_0,Mikel Oyarzabal,2250,1.0235530845824727,-0.03557057725764327,-0.5181073880610476,-1.461780847453785,-0.36055059803929346,-0.8624236117274402,-1.3293857804780085,-0.5902139525304266,0,Clinical Finisher / Poacher,"{""Forward Archetype 1 (Low PrgC)"": 0.9964, ""Forward Archetype 2 (High PrgC)"": 0.0036}",0.207,-2.423
Mikel Vesga,es ESP,1993.0,988,25,0,0,0.4,1.0,12,64,10,22,15,7,31.0,Athletic Club,es La Liga,MF,Midfielder,0.036,0.091,1.093,5.83,0.911,2.004,1.366,0.638,17.6,48.8,54.1,78.1,24.0,55.6,85.8,43.8,mikel_vesga_es_esp_1993_0,Mikel Vesga,988,-0.6927555018663236,-0.09602915131751225,0.245423541139559,1.2921451917590392,-0.6137770751598919,0.44603678756560783,1.160313538344337,-0.1589095845048575,1,Box-to-Box / Pressing Engine,"{""Midfielder Archetype 1 (Low xAG)"": 0.9978, ""Midfielder Archetype 2 (High xAG)"": 0.0022}",-0.879,1.557
Mikkel Damsgaard,dk DEN,2000.0,2911,38,2,10,2.8,8.4,63,234,73,83,27,50,24.0,Brentford,eng Premier League,"MF,FW",Midfielder,0.087,0.26,1.948,7.235,2.257,2.566,0.835,1.546,50.2,94.7,89.1,93.4,75.6,79.6,53.2,88.2,mikkel_damsgaard_dk_den_2000_0,Mikkel Damsgaard,2911,-0.3218583073371347,1.9474706519060574,1.5695998990838158,2.113645422139935,0.422219393546265,1.1784618317913973,0.06410264423599062,1.249811157103836,0,Deep-Lying Playmaker,"{""Midfielder Archetype 1 (Low xAG)"": 0.0006, ""Midfielder Archetype 2 (High xAG)"": 0.9994}",2.061,2.868
Milan Badelj,hr CRO,1989.0,1472,23,1,0,1.0,1.1,12,83,8,29,20,9,35.0,Genoa,it Serie A,MF,Midfielder,0.061,0.067,0.734,5.075,0.489,1.773,1.223,0.55,34.3,34.4,29.4,68.5,7.8,44.6,77.6,36.2,milan_badelj_hr_cro_1989_0,Milan Badelj,1472,-0.5109431516069173,-0.386230306804883,-0.3105756547691991,0.8506984487429708,-0.9385842889741551,0.1449866359354343,0.8651004350345564,-0.29543758589424624,1,Box-to-Box / Pressing Engine,"{""Midfielder Archetype 1 (Low xAG)"": 0.9967, ""Midfielder Archetype 2 (High xAG)"": 0.0033}",-1.267,0.721
Milan Đurić,ba BIH,1990.0,1538,27,5,1,3.2,1.1,5,28,2,1,2,6,34.0,"Monza, Parma",it Serie A,FW,Forward,0.187,0.064,0.293,1.638,0.117,0.059,0.117,0.351,25.5,14.4,1.1,28.3,0.7,0.7,16.2,11.2,milan__uri__ba_bih_1990_0,Milan Đurić,1538,0.40539109370049087,-0.42250545124080435,-0.9935718814983423,-1.1589074529076613,-1.2249072357488135,-2.0887794242122593,-1.4181561542005299,-0.6041770435816142,0,Clinical Finisher / Poacher,"{""Forward Archetype 1 (Low PrgC)"": 0.9944, ""Forward Archetype 2 (High PrgC)"": 0.0056}",-0.493,-3.012
Milos Kerkez,hu HUN,2003.0,3336,38,2,5,0.5,3.9,35,159,106,52,45,22,20.0,Bournemouth,eng Premier League,DF,Defender,0.013,0.105,0.944,4.29,2.86,1.403,1.214,0.594,15.6,81.8,78.6,75.4,93.3,32.1,69.9,75.3,milos_kerkez_hu_hun_2003_0,Milos Kerkez,3336,-0.8600228641049775,0.07325485605012072,0.014660643673249875,0.3917107755408334,0.8863396540438967,-0.33721490563670475,0.8465205893717027,-0.22717358519955194,0,Ball-Playing Defender,"{""Defender Archetype 1 (Low PrgC)"": 0.0, ""Defender Archetype 2 (High xAG)"": 0.4882, ""Defender Archetype 3 (Low npxG)"": 0.5118}",-0.156,0.837
Miloš Veljković,rs SRB,1995.0,1029,14,0,1,0.6,0.2,3,64,9,10,2,0,28.0,Werder Bremen,de Bundesliga,DF,Defender,0.052,0.017,0.262,5.598,0.787,0.875,0.175,0.0,63.6,28.8,33.4,91.3,40.2,5.7,0.1,4.3,milo__veljkovi__rs_srb_1995_0,Miloš Veljković,1029,-0.5763955977003037,-0.9908160474035722,-1.0415829541255608,1.1564953316534392,-0.7092180574181114,-1.025329537934244,-1.29841937103992,-1.1487375945779261,1,Stopper / Defensive Destroyer,"{""Defender Archetype 1 (Low PrgC)"": 0.9988, ""Defender Archetype 2 (High xAG)"": 0.0003, ""Defender Archetype 3 (Low npxG)"": 0.0009}",-1.178,-0.865
Mirko Marić,hr CRO,1995.0,462,18,0,0,0.8,0.0,3,12,5,7,2,3,29.0,"Monza, Venezia",it Serie A,FW,Forward,0.156,0.0,0.584,2.338,0.974,1.364,0.39,0.584,16.4,0.4,10.6,53.7,18.0,73.6,67.5,26.8,mirko_mari__hr_cro_1995_0,Mirko Marić,462,0.17994377937882694,-1.1963751992071265,-0.5428872965138056,-0.7496190818993859,-0.5652868986899902,-0.3880415546132274,-0.8545675024273125,-0.2426881308119825,0,Clinical Finisher / Poacher,"{""Forward Archetype 1 (Low PrgC)"": 0.8417, ""Forward Archetype 2 (High PrgC)"": 0.1583}",-0.753,-1.469
Mitchel Bakker,nl NED,2000.0,1161,25,3,2,3.0,2.7,23,58,43,24,12,11,24.0,"Atalanta, Lille","it Serie A, fr Ligue 1","FW,DF",Forward,0.233,0.209,1.783,4.496,3.333,1.86,0.93,0.853,40.7,80.4,82.3,92.0,74.3,90.5,98.0,44.1,mitchel_bakker_nl_ned_2000_0,Mitchel Bakker,1161,0.7399258181777987,1.3307931964953943,1.3140570931647486,0.5121584961518404,1.2504008202385568,0.25836916057536996,0.26022323734388697,0.17465314616239913,1,Dynamic Winger / Dribbler,"{""Forward Archetype 1 (Low PrgC)"": 0.0001, ""Forward Archetype 2 (High PrgC)"": 0.9999}",1.928,0.995
Mitchell Weiser,de GER,1994.0,2868,32,5,9,5.4,4.7,42,125,65,61,22,35,30.0,Werder Bremen,de Bundesliga,"DF,MF",Defender,0.169,0.147,1.318,3.923,2.04,1.914,0.69,1.098,98.8,89.9,90.0,65.8,79.4,62.2,19.3,93.9,mitchell_weiser_de_ger_1994_0,Mitchell Weiser,2868,0.27448620151371833,0.5811068781530196,0.5938910037564689,0.17712672959792328,0.25519767459438075,0.32874452069670895,-0.2352393136655352,0.5547595136669476,0,Ball-Playing Defender,"{""Defender Archetype 1 (Low PrgC)"": 0.0, ""Defender Archetype 2 (High xAG)"": 1.0, ""Defender Archetype 3 (Low npxG)"": 0.0}",0.982,0.432
Modibo Sagnan,ml MLI,1999.0,2141,27,2,0,0.7,0.6,6,51,13,57,29,13,25.0,Montpellier,fr Ligue 1,DF,Defender,0.029,0.025,0.252,2.144,0.546,2.396,1.219,0.546,37.4,38.4,32.0,13.8,26.3,82.8,70.6,72.7,modibo_sagnan_ml_mli_1999_0,Modibo Sagnan,2141,-0.7436629599389575,-0.894082328907782,-1.0570703969085347,-0.8630504304359651,-0.8947122245490058,0.9569097721501444,0.8568427258510659,-0.3016434041392185,1,Stopper / Defensive Destroyer,"{""Defender Archetype 1 (Low PrgC)"": 0.2323, ""Defender Archetype 2 (High xAG)"": 0.0053, ""Defender Archetype 3 (Low npxG)"": 0.7625}",-2.126,0.047
Mohamed Abdelmoneim,eg EGY,1999.0,855,12,0,0,0.0,0.0,0,52,6,21,15,1,25.0,Nice,fr Ligue 1,DF,Defender,0.0,0.0,0.0,5.474,0.632,2.211,1.579,0.105,2.6,4.3,1.9,90.8,31.4,76.1,89.8,18.4,mohamed_abdelmoneim_eg_egy_1999_0,Mohamed Abdelmoneim,855,-0.9545652862398688,-1.1963751992071265,-1.4473539550394734,1.0839928202176878,-0.8285192852408857,0.7158090013640747,1.6000365523651987,-0.9858348656474055,1,Stopper / Defensive Destroyer,"{""Defender Archetype 1 (Low PrgC)"": 0.925, ""Defender Archetype 2 (High xAG)"": 0.0112, ""Defender Archetype 3 (Low npxG)"": 0.0638}",-2.849,1.112
Mohamed Ali Cho,fr FRA,2004.0,1621,27,3,4,4.0,4.0,30,59,81,13,5,20,20.0,Nice,fr Ligue 1,"FW,MF",Forward,0.222,0.222,1.666,3.276,4.497,0.722,0.278,1.11,37.0,82.9,78.3,77.2,87.4,34.1,47.5,56.5,mohamed_ali_cho_fr_fra_2004_0,Mohamed Ali Cho,1621,0.6599283840636598,1.4879854890510535,1.1328540126039557,-0.20117266474829706,2.1463145569205526,-1.2247263916113718,-1.0857833595650428,0.5733769684018643,1,Dynamic Winger / Dribbler,"{""Forward Archetype 1 (Low PrgC)"": 0.0081, ""Forward Archetype 2 (High PrgC)"": 0.9919}",3.108,-0.439
Mohamed Amoura,dz ALG,2000.0,2467,31,10,9,7.2,4.0,35,61,81,29,9,37,24.0,Wolfsburg,de Bundesliga,FW,Forward,0.263,0.146,1.277,2.225,2.955,1.058,0.328,1.35,50.9,56.1,56.5,50.6,66.5,51.6,58.2,67.2,mohamed_amoura_dz_alg_2000_0,Mohamed Amoura,2467,0.9581006384890863,0.5690151633410458,0.5303924883462762,-0.8156899189335789,0.9594597614191457,-0.7868352619674832,-0.9825619947714131,0.9457260631001974,1,Dynamic Winger / Dribbler,"{""Forward Archetype 1 (Low PrgC)"": 0.9436, ""Forward Archetype 2 (High PrgC)"": 0.0564}",2.014,-1.079
Mohamed Haj,tn TUN,2005.0,453,15,1,2,0.6,1.2,9,13,6,3,4,4,19.0,Parma,it Serie A,MF,Midfielder,0.119,0.238,1.788,2.583,1.192,0.596,0.795,0.795,66.2,91.8,85.1,10.8,40.6,1.7,49.9,57.4,mohamed_haj_tn_tun_2005_0,Mohamed Haj,453,-0.08913849900509453,1.6814529260426339,1.3218008145562357,-0.6063681520464894,-0.3974954943973139,-1.38893556522783,-0.018474447598912893,0.08466878161030207,0,Deep-Lying Playmaker,"{""Midfielder Archetype 1 (Low xAG)"": 0.0002, ""Midfielder Archetype 2 (High xAG)"": 0.9998}",1.403,-0.475
Mohamed Kaba,fr FRA,2001.0,452,15,0,0,0.3,0.0,1,18,3,13,4,2,22.0,Lecce,it Serie A,MF,Midfielder,0.06,0.0,0.199,3.584,0.597,2.588,0.796,0.398,33.7,0.8,1.7,32.5,10.6,80.3,50.3,22.8,mohamed_kaba_fr_fra_2001_0,Mohamed Kaba,452,-0.5182156456172936,-1.1963751992071265,-1.1391538436582955,-0.021085781504655756,-0.855458272168609,1.2071332748037953,-0.0164100203030403,-0.5312586792031905,1,Box-to-Box / Pressing Engine,"{""Midfielder Archetype 1 (Low xAG)"": 0.9979, ""Midfielder Archetype 2 (High xAG)"": 0.0021}",-2.001,0.117
Mohamed Meité,fr FRA,2007.0,544,12,2,0,2.5,0.6,5,6,8,2,0,1,16.0,Rennes,fr Ligue 1,FW,Forward,0.414,0.099,0.827,0.993,1.324,0.331,0.0,0.165,81.2,35.0,24.8,7.3,28.2,8.2,2.8,2.7,mohamed_meit__fr_fra_2007_0,Mohamed Meité,544,2.0562472340559004,0.0007045671782781161,-0.16654243688754317,-1.5360374519081437,-0.2958970294127576,-1.7342961287862542,-1.6596941478176233,-0.8927475919728222,0,Clinical Finisher / Poacher,"{""Forward Archetype 1 (Low PrgC)"": 0.9998, ""Forward Archetype 2 (High PrgC)"": 0.0002}",0.877,-3.396
Mohamed Salah,eg EGY,1992.0,3371,38,29,18,18.2,14.2,88,144,154,21,9,58,32.0,Liverpool,eng Premier League,FW,Forward,0.486,0.379,2.349,3.845,4.112,0.561,0.24,1.549,88.7,97.3,95.3,86.0,84.9,20.8,41.5,74.9,mohamed_salah_eg_egy_1992_0,Mohamed Salah,3371,2.579866802802991,3.3863847145309376,2.190646354681064,0.13152031111414414,1.8499857007155969,-1.4345492245657352,-1.1642315968082013,1.2544655207875648,1,Dynamic Winger / Dribbler,"{""Forward Archetype 1 (Low PrgC)"": 0.0058, ""Forward Archetype 2 (High PrgC)"": 0.9942}",5.289,-0.54
Mohammed Kudus,gh GHA,2000.0,2590,32,5,3,6.9,3.1,31,79,98,38,4,92,23.0,West Ham,eng Premier League,"FW,MF",Forward,0.24,0.108,1.077,2.745,3.405,1.32,0.139,3.197,43.0,38.8,44.6,65.9,75.7,71.2,20.7,98.4,mohammed_kudus_gh_gha_2000_0,Mohammed Kudus,2590,0.7908332762504323,0.1095300004860421,0.22064363268680096,-0.5116471290417172,1.305818164775587,-0.4453844406380224,-1.372738753691333,3.811262637716119,1,Dynamic Winger / Dribbler,"{""Forward Archetype 1 (Low PrgC)"": 0.0, ""Forward Archetype 2 (High PrgC)"": 1.0}",3.0,-0.504
Mohammed Salisu,gh GHA,1999.0,1023,15,1,0,0.8,0.1,3,68,8,28,16,0,25.0,Monaco,fr Ligue 1,DF,Defender,0.07,0.009,0.264,5.982,0.704,2.463,1.408,0.0,79.4,17.1,33.8,93.7,34.8,84.8,81.8,4.3,mohammed_salisu_gh_gha_1999_0,Mohammed Salisu,1023,-0.4454907055135309,-1.0875497658993627,-1.0384854655689661,1.3810192380351218,-0.7731019407038552,1.0442273485969915,1.2470194847709855,-1.1487375945779261,1,Stopper / Defensive Destroyer,"{""Defender Archetype 1 (Low PrgC)"": 0.936, ""Defender Archetype 2 (High xAG)"": 0.0267, ""Defender Archetype 3 (Low npxG)"": 0.0373}",-2.416,1.208
Moi Gómez,es ESP,1994.0,796,26,0,0,0.5,0.8,11,49,13,13,6,14,30.0,Osasuna,es La Liga,"MF,FW",Midfielder,0.057,0.09,1.244,5.54,1.47,1.47,0.678,1.583,31.8,48.3,62.3,75.5,52.9,26.7,39.5,89.2,moi_g_mez_es_esp_1994_0,Moi Gómez,796,-0.5400331276484224,-0.10812086612948604,0.4792839271624629,1.1225828666270394,-0.18352296965711212,-0.249897329189858,-0.2600124412160061,1.3072149758698288,0,Deep-Lying Playmaker,"{""Midfielder Archetype 1 (Low xAG)"": 0.2383, ""Midfielder Archetype 2 (High xAG)"": 0.7617}",0.634,0.844
Moise Kean,it ITA,2000.0,2615,31,17,3,17.9,1.9,19,26,42,7,5,44,24.0,Fiorentina,it Serie A,FW,Forward,0.616,0.065,0.654,0.895,1.446,0.241,0.172,1.514,96.0,15.0,15.2,5.3,31.7,4.4,27.9,73.6,moise_kean_it_ita_2000_0,Moise Kean,2615,3.525291024151904,-0.4104137364288306,-0.4344751970329892,-1.5933378238493021,-0.20199541783612238,-1.8515883956551527,-1.3046126529275373,1.200164611144058,0,Clinical Finisher / Poacher,"{""Forward Archetype 1 (Low PrgC)"": 1.0, ""Forward Archetype 2 (High PrgC)"": 0.0}",1.816,-3.763
Moisés Caicedo,ec ECU,2001.0,3351,38,1,2,0.8,3.0,30,215,43,114,49,29,22.0,Chelsea,eng Premier League,"MF,DF",Midfielder,0.021,0.081,0.806,5.774,1.155,3.062,1.316,0.779,7.3,43.6,35.3,77.3,38.0,92.7,82.3,55.9,mois_s_caicedo_ec_ecu_2001_0,Moisés Caicedo,3351,-0.8018429120219674,-0.21694629943725002,-0.19906606673178792,1.259402122078377,-0.4259738520066213,1.824872546979995,1.0570921735507073,0.059845508630413186,1,Box-to-Box / Pressing Engine,"{""Midfielder Archetype 1 (Low xAG)"": 0.9994, ""Midfielder Archetype 2 (High xAG)"": 0.0006}",-1.205,2.198
Morato,br BRA,2001.0,907,26,0,0,0.2,0.0,0,19,1,22,10,2,23.0,Nott'ham Forest,eng Premier League,DF,Defender,0.02,0.0,0.0,1.885,0.099,2.183,0.992,0.198,25.1,4.3,1.9,7.9,2.9,74.6,49.0,34.6,morato_br_bra_2001_0,Morato,907,-0.8091154060323437,-1.1963751992071265,-1.4473539550394734,-1.014487127709027,-1.2387615718830713,0.6793180738937507,0.3882177296879875,-0.8415495914518015,1,Stopper / Defensive Destroyer,"{""Defender Archetype 1 (Low PrgC)"": 0.9844, ""Defender Archetype 2 (High xAG)"": 0.0002, ""Defender Archetype 3 (Low npxG)"": 0.0154}",-2.623,-0.61
Morgan Gibbs-White,eng ENG,2000.0,2803,34,7,8,6.3,5.0,51,164,69,43,23,31,24.0,Nott'ham Forest,eng Premier League,MF,Midfielder,0.202,0.161,1.638,5.266,2.215,1.381,0.738,0.995,85.4,76.2,79.5,71.3,74.1,22.6,44.8,70.3,morgan_gibbs_white_eng_eng_2000_0,Morgan Gibbs-White,2803,0.5144785038561348,0.7503908855206527,1.0894891728116292,0.962375704260943,0.38989260923299685,-0.36588634864910224,-0.1361468034636507,0.3949596938589129,0,Deep-Lying Playmaker,"{""Midfielder Archetype 1 (Low xAG)"": 0.0651, ""Midfielder Archetype 2 (High xAG)"": 0.9349}",1.482,0.584
Morgan Guilavogui,gn GUI,1998.0,1807,25,6,2,7.1,1.9,27,41,42,32,13,21,26.0,St. Pauli,de Bundesliga,"FW,MF",Forward,0.354,0.095,1.345,2.042,2.092,1.594,0.647,1.046,73.1,31.9,61.2,43.7,48.3,84.1,90.7,53.9,morgan_guilavogui_gn_gui_1998_0,Morgan Guilavogui,1807,1.6198975934333253,-0.047662292069617064,0.6357070992704978,-0.9226895930685997,0.29522131231556964,-0.0882946503927085,-0.32400968738805647,0.4740838764823087,0,Clinical Finisher / Poacher,"{""Forward Archetype 1 (Low PrgC)"": 0.5915, ""Forward Archetype 2 (High PrgC)"": 0.4085}",1.169,-1.057
Morgan Rogers,eng ENG,2002.0,3114,37,8,10,6.6,7.8,51,123,114,43,6,66,22.0,Aston Villa,eng Premier League,"FW,MF",Forward,0.191,0.225,1.474,3.555,3.295,1.243,0.173,1.908,26.9,83.5,71.0,82.0,73.2,65.4,28.3,86.9,morgan_rogers_eng_eng_2002_0,Morgan Rogers,3114,0.4344810697419959,1.524260633486975,0.8354951111708595,-0.03804201401785569,1.221152777288457,-0.5457344911814135,-1.302548225631665,1.8114377082738213,1,Dynamic Winger / Dribbler,"{""Forward Archetype 1 (Low PrgC)"": 0.1933, ""Forward Archetype 2 (High PrgC)"": 0.8067}",2.988,-0.037
Moritz Broschinski,de GER,2000.0,1390,33,1,3,4.2,1.8,13,20,37,19,1,14,23.0,Bochum,de Bundesliga,"FW,MF",Forward,0.272,0.117,0.842,1.295,2.396,1.23,0.065,0.906,54.4,43.1,27.6,17.5,56.3,64.3,8.6,46.8,moritz_broschinski_de_ger_2000_0,Moritz Broschinski,1390,1.0235530845824727,0.21835543379380626,-0.1433112727130825,-1.3594587547017163,0.5292056559163657,-0.5626767075069212,-1.5255063735859047,0.2568802379082811,0,Clinical Finisher / Poacher,"{""Forward Archetype 1 (Low PrgC)"": 0.9671, ""Forward Archetype 2 (High PrgC)"": 0.0329}",1.23,-1.879
Moritz Jenz,de GER,1999.0,1600,19,0,0,1.6,0.3,3,47,1,36,30,2,25.0,Mainz 05,de Bundesliga,DF,Defender,0.09,0.017,0.169,2.644,0.056,2.025,1.688,0.112,88.4,28.8,18.4,27.4,1.7,68.3,92.5,20.5,moritz_jenz_de_ger_1999_0,Moritz Jenz,1600,-0.3000408253060059,-0.9908160474035722,-1.1856161720072167,-0.5707015940014827,-1.2718580415371312,0.4734049831683507,1.825059127615311,-0.9749746837187041,1,Stopper / Defensive Destroyer,"{""Defender Archetype 1 (Low PrgC)"": 0.9956, ""Defender Archetype 2 (High xAG)"": 0.0003, ""Defender Archetype 3 (Low npxG)"": 0.0042}",-2.744,-0.067
Morten Frendrup,dk DEN,2001.0,3103,35,2,0,1.6,0.9,14,106,24,102,47,10,23.0,Genoa,it Serie A,MF,Midfielder,0.046,0.026,0.406,3.074,0.696,2.958,1.363,0.29,24.6,9.4,9.3,20.6,15.8,89.6,85.6,15.0,morten_frendrup_dk_den_2001_0,Morten Frendrup,3103,-0.6200305617625611,-0.8819906140958083,-0.8185637780507385,-0.31928159466782796,-0.7792594234301919,1.6893348163759345,1.154120256456719,-0.6988157718174405,1,Box-to-Box / Pressing Engine,"{""Midfielder Archetype 1 (Low xAG)"": 0.9999, ""Midfielder Archetype 2 (High xAG)"": 0.0001}",-2.281,0.806
Morten Thorsby,no NOR,1996.0,1898,30,0,1,2.8,2.1,27,58,24,49,5,9,28.0,Genoa,it Serie A,"MF,FW",Midfielder,0.133,0.1,1.28,2.75,1.138,2.323,0.237,0.427,69.2,52.0,64.7,13.8,36.7,72.1,5.2,25.7,morten_thorsby_no_nor_1996_0,Morten Thorsby,1898,0.01267641714017313,0.012796281990251911,0.5350387211811685,-0.5087236406773724,-0.43905850280008696,0.861772711245371,-1.170424878695819,-0.48626649692714197,1,Box-to-Box / Pressing Engine,"{""Midfielder Archetype 1 (Low xAG)"": 0.9665, ""Midfielder Archetype 2 (High xAG)"": 0.0335}",0.085,-0.291
Mory Gbane,ci CIV,2000.0,1125,13,0,1,0.2,0.6,7,35,3,20,18,5,23.0,Reims,fr Ligue 1,"DF,MF",Defender,0.016,0.048,0.56,2.8,0.24,1.6,1.44,0.4,20.0,57.4,63.0,32.8,9.3,44.8,84.0,59.3,mory_gbane_ci_civ_2000_0,Mory Gbane,1125,-0.8382053820738488,-0.6159728882323849,-0.5800571591929425,-0.4794887570339243,-1.130235938831386,-0.08047516593478192,1.3130811582389084,-0.5281557700807044,1,Stopper / Defensive Destroyer,"{""Defender Archetype 1 (Low PrgC)"": 0.0691, ""Defender Archetype 2 (High xAG)"": 0.0125, ""Defender Archetype 3 (Low npxG)"": 0.9184}",-1.961,0.013
Moses Simon,ng NGA,1995.0,2609,32,8,10,2.7,6.7,56,59,147,20,12,65,29.0,Nantes,fr Ligue 1,"FW,MF",Forward,0.093,0.231,1.932,2.035,5.071,0.69,0.414,2.242,3.2,84.1,87.1,43.5,92.6,32.5,70.7,91.6,moses_simon_ng_nga_1995_0,Moses Simon,2609,-0.27822334327487713,1.5968109223588178,1.5448199906310578,-0.9267824767786822,2.5881139425352138,-1.2664303087203137,-0.8050212473263704,2.3296235317290015,1,Dynamic Winger / Dribbler,"{""Forward Archetype 1 (Low PrgC)"": 0.0, ""Forward Archetype 2 (High PrgC)"": 1.0}",3.803,0.068
Mostafa Mohamed,eg EGY,1997.0,1252,30,5,0,5.5,0.4,6,20,11,18,10,12,26.0,Nantes,fr Ligue 1,FW,Forward,0.395,0.029,0.431,1.438,0.791,1.294,0.719,0.863,79.0,4.1,4.2,21.3,10.9,69.6,95.5,44.5,mostafa_mohamed_eg_egy_1997_0,Mostafa Mohamed,1252,1.9180698478587521,-0.8457154696598869,-0.7798451710933041,-1.2758469874814542,-0.7061393160549431,-0.47926887328903767,-0.17537092208522997,0.1901676917748297,0,Clinical Finisher / Poacher,"{""Forward Archetype 1 (Low PrgC)"": 0.9062, ""Forward Archetype 2 (High PrgC)"": 0.0938}",-0.274,-2.199
Mouctar Diakhaby,gn GUI,1996.0,653,13,2,0,1.5,0.0,1,14,5,8,11,2,27.0,Valencia,es La Liga,DF,Defender,0.207,0.0,0.138,1.93,0.689,1.103,1.516,0.276,99.5,4.3,14.4,8.8,34.2,13.9,87.0,45.5,mouctar_diakhaby_gn_gui_1996_0,Mouctar Diakhaby,653,0.5508409739080159,-1.1963751992071265,-1.2336272446344354,-0.9881757324299236,-0.7846472208157365,-0.7281891285330339,1.4699776327252254,-0.7205361356748431,1,Stopper / Defensive Destroyer,"{""Defender Archetype 1 (Low PrgC)"": 0.8345, ""Defender Archetype 2 (High xAG)"": 0.1655, ""Defender Archetype 3 (Low npxG)"": 0.0}",-1.972,-1.317
Moussa Diarra,ml MLI,2000.0,1866,26,0,0,0.0,0.1,3,70,12,40,21,7,23.0,Alavés,es La Liga,DF,Defender,0.0,0.005,0.145,3.376,0.579,1.929,1.013,0.338,2.6,11.5,15.4,52.0,27.5,63.0,51.2,52.8,moussa_diarra_ml_mli_2000_0,Moussa Diarra,1866,-0.9545652862398688,-1.1359166251472577,-1.222786034686354,-0.14270289746140055,-0.8693126083028667,0.3482932318415256,0.4315707029013118,-0.6243459528777737,1,Stopper / Defensive Destroyer,"{""Defender Archetype 1 (Low PrgC)"": 0.976, ""Defender Archetype 2 (High xAG)"": 0.0003, ""Defender Archetype 3 (Low npxG)"": 0.0237}",-2.204,-0.076
Moussa Niakhate,sn SEN,1996.0,2726,31,0,0,0.1,1.0,7,111,34,47,25,3,28.0,Lyon,fr Ligue 1,DF,Defender,0.003,0.033,0.231,3.665,1.123,1.552,0.825,0.099,5.2,47.3,27.9,59.6,53.5,40.8,30.8,16.8,moussa_niakhate_sn_sen_1996_0,Moussa Niakhate,2726,-0.93274780420874,-0.7973486104119917,-1.0895940267527795,0.026274729997730367,-0.4506037829119683,-0.14303104159819463,0.04345837127726468,-0.9951435930148639,1,Stopper / Defensive Destroyer,"{""Defender Archetype 1 (Low PrgC)"": 0.2102, ""Defender Archetype 2 (High xAG)"": 0.014, ""Defender Archetype 3 (Low npxG)"": 0.7757}",-1.727,-0.284
Moïse Bombito,ca CAN,2000.0,2192,27,0,0,0.7,0.2,2,97,27,37,18,12,24.0,Nice,fr Ligue 1,DF,Defender,0.029,0.008,0.082,3.983,1.109,1.519,0.739,0.493,37.4,15.2,6.6,67.9,53.1,38.4,23.7,68.2,mo_se_bombito_ca_can_2000_0,Moïse Bombito,2192,-0.7436629599389575,-1.0996414807113362,-1.3203569242190887,0.2122085899700612,-0.4613793776830576,-0.186038206116791,-0.13408237616777813,-0.3838704958851004,1,Stopper / Defensive Destroyer,"{""Defender Archetype 1 (Low PrgC)"": 0.6539, ""Defender Archetype 2 (High xAG)"": 0.0042, ""Defender Archetype 3 (Low npxG)"": 0.3419}",-1.588,-0.37
Munir El Haddadi,ma MAR,1995.0,862,25,4,0,1.6,0.8,8,29,11,12,1,7,28.0,Leganés,es La Liga,"FW,MF",Forward,0.167,0.084,0.835,3.028,1.148,1.253,0.104,0.731,19.5,25.7,26.2,72.1,24.2,66.1,14.9,38.4,munir_el_haddadi_ma_mar_1995_0,Munir El Haddadi,862,0.25994121349296584,-0.18067115500132863,-0.15415248266116413,-0.3461776876198002,-0.43136164939216604,-0.5327020170848695,-1.4449937090468736,-0.014624310309253489,0,Clinical Finisher / Poacher,"{""Forward Archetype 1 (Low PrgC)"": 0.8732, ""Forward Archetype 2 (High PrgC)"": 0.1268}",0.306,-1.256
Murillo,br BRA,2002.0,3188,36,2,0,1.4,1.2,13,115,22,53,36,27,22.0,Nott'ham Forest,eng Premier League,DF,Defender,0.04,0.034,0.367,3.247,0.621,1.496,1.016,0.762,49.7,48.3,46.1,47.6,30.7,37.2,51.3,82.5,murillo_br_bra_2002_0,Murillo,3188,-0.6636655258248185,-0.7852568956000179,-0.8789648049043363,-0.218128897261497,-0.8369858239895989,-0.21601289653884279,0.43776398478892975,0.03347078108928124,1,Stopper / Defensive Destroyer,"{""Defender Archetype 1 (Low PrgC)"": 0.0022, ""Defender Archetype 2 (High xAG)"": 0.0142, ""Defender Archetype 3 (Low npxG)"": 0.9836}",-1.429,-0.284
Musa Al-Taamari,jo JOR,1997.0,1683,26,3,1,5.0,2.8,22,38,76,18,5,30,27.0,"Montpellier, Rennes",fr Ligue 1,"FW,MF",Forward,0.267,0.15,1.176,2.032,4.064,0.963,0.267,1.604,52.3,58.0,51.3,43.0,84.3,47.5,46.0,77.8,musa_al_taamari_jo_jor_1997_0,Musa Al-Taamari,1683,0.9871906145305913,0.617382022588941,0.3739693162382412,-0.9285365697972892,1.8130408043575765,-0.9106437658846541,-1.1084920598196413,1.3397955216559332,1,Dynamic Winger / Dribbler,"{""Forward Archetype 1 (Low PrgC)"": 0.2916, ""Forward Archetype 2 (High PrgC)"": 0.7084}",2.555,-1.088
Myles Lewis-Skelly,eng ENG,2006.0,1369,23,1,0,0.2,0.4,8,71,37,22,7,12,17.0,Arsenal,eng Premier League,DF,Defender,0.013,0.026,0.526,4.668,2.432,1.446,0.46,0.789,15.6,39.8,60.7,81.7,87.8,34.6,5.1,84.4,myles_lewis_skelly_eng_eng_2006_0,Myles Lewis-Skelly,1369,-0.8600228641049775,-0.8819906140958083,-0.6327144646550534,0.6127264958853021,0.5569143281848811,-0.28117526702156437,-0.7100575917162311,0.07536005424284374,0,Ball-Playing Defender,"{""Defender Archetype 1 (Low PrgC)"": 0.0, ""Defender Archetype 2 (High xAG)"": 0.023, ""Defender Archetype 3 (Low npxG)"": 0.977}",-0.366,0.069
Myron Boadu,nl NED,2001.0,1042,19,9,1,6.9,1.1,11,18,12,2,1,11,23.0,Bochum,de Bundesliga,FW,Forward,0.596,0.095,0.95,1.555,1.036,0.173,0.086,0.95,95.3,31.9,35.7,25.9,21.2,2.7,12.4,48.6,myron_boadu_nl_ned_2001_0,Myron Boadu,1042,3.379841143944379,-0.047662292069617064,0.023953109343034143,-1.2074373597557853,-0.5175664075608803,-1.940209219511654,-1.4821534003725805,0.32514423860297537,0,Clinical Finisher / Poacher,"{""Forward Archetype 1 (Low PrgC)"": 1.0, ""Forward Archetype 2 (High PrgC)"": 0.0}",1.752,-3.617
Máximo Perrone,ar ARG,2003.0,1857,26,0,3,0.9,2.2,30,98,16,38,20,3,21.0,Como,it Serie A,MF,Midfielder,0.044,0.107,1.454,4.75,0.775,1.842,0.969,0.145,23.1,55.9,73.7,62.5,18.6,49.4,63.9,5.2,m_ximo_perrone_ar_arg_2003_0,Máximo Perrone,1857,-0.6345755497833137,0.09743828567406831,0.8045202256049119,0.6606717050605572,-0.7184542815076165,0.2349107072015902,0.34073590188291786,-0.9237766831976832,1,Box-to-Box / Pressing Engine,"{""Midfielder Archetype 1 (Low xAG)"": 0.9152, ""Midfielder Archetype 2 (High xAG)"": 0.0848}",-0.595,0.812
Mërgim Vojvoda,xk KVX,1995.0,1822,28,1,2,0.6000000000000001,2.4,23,107,34,27,10,9,29.0,"Torino, Como",it Serie A,DF,Defender,0.03,0.119,1.136,5.285,1.679,1.334,0.494,0.445,38.6,84.6,86.2,88.6,69.9,26.5,6.1,63.9,m_rgim_vojvoda_xk_kvx_1995_0,Mërgim Vojvoda,1822,-0.7363904659285812,0.2425388634177537,0.3120195451063461,0.9734849600454534,-0.02265873343156469,-0.4271389769028604,-0.639867063656563,-0.458340314824767,0,Ball-Playing Defender,"{""Defender Archetype 1 (Low PrgC)"": 0.0, ""Defender Archetype 2 (High xAG)"": 0.9631, ""Defender Archetype 3 (Low npxG)"": 0.0369}",0.168,0.406
Nadiem Amiri,de GER,1996.0,2473,30,7,5,3.9,6.6,63,204,50,50,16,32,27.0,Mainz 05,de Bundesliga,MF,Midfielder,0.142,0.24,2.293,7.424,1.82,1.82,0.582,1.165,72.0,92.4,94.0,94.2,65.5,48.3,31.7,77.3,nadiem_amiri_de_ger_1996_0,Nadiem Amiri,2473,0.07812886323355928,1.7056363556665814,2.103916675096411,2.224153282312169,0.0858668996201204,0.20623926418919272,-0.45819746161977504,0.6587069692702322,0,Deep-Lying Playmaker,"{""Midfielder Archetype 1 (Low xAG)"": 0.0067, ""Midfielder Archetype 2 (High xAG)"": 0.9933}",2.289,2.008
Nadir Zortea,it ITA,1999.0,2713,35,6,2,3.1,2.4,28,63,69,30,19,38,25.0,Cagliari,it Serie A,"DF,MF",Defender,0.103,0.08,0.929,2.09,2.289,0.995,0.63,1.261,92.0,73.1,78.1,12.4,85.4,9.0,15.4,95.5,nadir_zortea_it_ita_1999_0,Nadir Zortea,2713,-0.20549840317111462,-0.22903801424922382,-0.00857052050121062,-0.8946241047708893,0.44684932445161196,-0.8689398487757124,-0.35910495141789056,0.8076466071495652,0,Ball-Playing Defender,"{""Defender Archetype 1 (Low PrgC)"": 0.0, ""Defender Archetype 2 (High xAG)"": 0.9994, ""Defender Archetype 3 (Low npxG)"": 0.0006}",0.561,-0.839
Nahuel Estévez,ar ARG,1995.0,657,14,0,0,0.1,0.8,6,30,3,16,3,3,28.0,Parma,it Serie A,MF,Midfielder,0.014,0.11,0.822,4.11,0.411,2.192,0.411,0.411,4.3,57.5,36.8,45.4,5.8,65.3,16.9,23.7,nahuel_est_vez_ar_arg_1995_0,Nahuel Estévez,657,-0.8527503700946013,0.1337134301099897,-0.17428615827903005,0.28646519442441987,-0.9986197455559382,0.6910473005806409,-0.8112145292139882,-0.5110897699070309,1,Box-to-Box / Pressing Engine,"{""Midfielder Archetype 1 (Low xAG)"": 0.9239, ""Midfielder Archetype 2 (High xAG)"": 0.0761}",-0.748,0.287
Nahuel Molina,ar ARG,1998.0,1590,30,0,3,0.8,1.5,13,61,35,44,13,15,26.0,Atlético Madrid,es La Liga,DF,Defender,0.045,0.085,0.736,3.453,1.981,2.491,0.736,0.849,56.4,74.1,71.0,54.3,78.3,86.5,22.9,86.9,nahuel_molina_ar_arg_1998_0,Nahuel Molina,1590,-0.6273030557729373,-0.16857944018935483,-0.3074781662126044,-0.09768117665049028,0.20978623948764735,1.0807182760673155,-0.1402756580553959,0.16844732791742692,0,Ball-Playing Defender,"{""Defender Archetype 1 (Low PrgC)"": 0.0, ""Defender Archetype 2 (High xAG)"": 0.1396, ""Defender Archetype 3 (Low npxG)"": 0.8604}",-0.403,0.665
Nahuel Tenaglia,ar ARG,1996.0,2922,34,2,1,2.2,1.6,19,103,42,96,47,17,28.0,Alavés,es La Liga,DF,Defender,0.068,0.049,0.585,3.172,1.294,2.957,1.448,0.524,78.2,57.9,64.3,44.7,57.5,95.7,84.6,70.6,nahuel_tenaglia_ar_arg_1996_0,Nahuel Tenaglia,2922,-0.4600356935342835,-0.6038811734204111,-0.5413385522355083,-0.2619812227266692,-0.3189875896365204,1.6880315689662797,1.329596576605889,-0.3357754044865657,1,Stopper / Defensive Destroyer,"{""Defender Archetype 1 (Low PrgC)"": 0.0002, ""Defender Archetype 2 (High xAG)"": 0.0319, ""Defender Archetype 3 (Low npxG)"": 0.968}",-1.694,1.083
Nampalys Mendy,sn SEN,1992.0,588,10,0,1,0.2,0.1,1,28,2,15,9,1,32.0,Lens,fr Ligue 1,MF,Midfielder,0.031,0.015,0.153,4.286,0.306,2.296,1.378,0.153,12.9,3.6,0.8,49.9,2.7,70.6,86.6,5.6,nampalys_mendy_sn_sen_1992_0,Nampalys Mendy,588,-0.7291179719182049,-1.01499947702752,-1.2103960804599747,0.38937198484935726,-1.079436706339108,0.8265850311847012,1.1850866658948076,-0.9113650467077389,1,Box-to-Box / Pressing Engine,"{""Midfielder Archetype 1 (Low xAG)"": 0.9997, ""Midfielder Archetype 2 (High xAG)"": 0.0003}",-2.584,0.601
Natan,br BRA,2001.0,2175,31,1,1,0.3,0.6,5,52,12,35,28,2,23.0,Betis,es La Liga,DF,Defender,0.012,0.025,0.207,2.152,0.497,1.448,1.159,0.083,14.3,38.4,24.6,14.2,23.4,34.8,64.4,14.6,natan_br_bra_2001_0,Natan,2175,-0.8672953581153539,-0.894082328907782,-1.1267638894319165,-0.8583728490530134,-0.9324268062478184,-0.2785687722022555,0.7329770880987103,-1.0199668659947527,1,Stopper / Defensive Destroyer,"{""Defender Archetype 1 (Low PrgC)"": 0.9608, ""Defender Archetype 2 (High xAG)"": 0.0003, ""Defender Archetype 3 (Low npxG)"": 0.0389}",-2.244,-0.714
Nathan Aké,nl NED,1995.0,678,10,0,0,0.2,0.0,1,50,12,9,3,1,29.0,Manchester City,eng Premier League,DF,Defender,0.027,0.0,0.133,6.637,1.593,1.195,0.398,0.133,34.6,4.3,13.6,96.5,67.1,18.0,3.3,24.7,nathan_ak__nl_ned_1995_0,Nathan Aké,678,-0.75820794795971,-1.1963751992071265,-1.2413709660259225,1.7639962137642935,-0.08885167273968472,-0.6082903668448262,-0.8380520840603317,-0.9423941379326,1,Stopper / Defensive Destroyer,"{""Defender Archetype 1 (Low PrgC)"": 0.9828, ""Defender Archetype 2 (High xAG)"": 0.0067, ""Defender Archetype 3 (Low npxG)"": 0.0105}",-1.265,-0.019
Nathan Broadhead,wls WAL,1998.0,702,18,2,0,1.7,0.7,7,14,20,9,4,17,26.0,Ipswich Town,eng Premier League,"MF,FW",Midfielder,0.218,0.09,0.897,1.795,2.564,1.154,0.513,2.179,88.1,48.3,41.6,3.0,84.2,13.1,25.1,97.3,nathan_broadhead_wls_wal_1998_0,Nathan Broadhead,702,0.6308384080221547,-0.10812086612948604,-0.05813033740672671,-1.067109918267234,0.6585127931694373,-0.661723510640658,-0.6006429450349837,2.231881894370689,0,Deep-Lying Playmaker,"{""Midfielder Archetype 1 (Low xAG)"": 0.0, ""Midfielder Archetype 2 (High xAG)"": 1.0}",1.56,-1.002
Nathan Collins,ie IRL,2001.0,3420,38,2,3,2.5,1.8,10,127,32,40,34,6,23.0,Brentford,eng Premier League,DF,Defender,0.066,0.047,0.263,3.342,0.842,1.053,0.895,0.158,77.0,56.7,33.6,51.1,42.1,11.8,38.6,29.5,nathan_collins_ie_irl_2001_0,Nathan Collins,3420,-0.47458068155503597,-0.6280646030443587,-1.0400342098472635,-0.16258261833894525,-0.6668853636745463,-0.7933514990157555,0.1879682819883462,-0.9036077739015236,1,Stopper / Defensive Destroyer,"{""Defender Archetype 1 (Low PrgC)"": 0.0459, ""Defender Archetype 2 (High xAG)"": 0.019, ""Defender Archetype 3 (Low npxG)"": 0.9351}",-1.484,-0.836
Nathan N'Goumou,cm CMR,2000.0,828,19,2,1,1.9,1.3,6,16,30,17,4,9,24.0,Gladbach,de Bundesliga,FW,Forward,0.207,0.141,0.652,1.739,3.261,1.848,0.435,0.978,31.0,54.7,14.9,31.8,72.5,89.8,74.1,50.1,nathan_n_goumou_cm_cmr_2000_0,Nathan N'Goumou,828,0.5508409739080159,0.5085565892811769,-0.43757268558958395,-1.0998529879478958,1.194983475701526,0.2427301916595168,-0.7616682741130459,0.3685849663177809,0,Clinical Finisher / Poacher,"{""Forward Archetype 1 (Low PrgC)"": 0.0451, ""Forward Archetype 2 (High PrgC)"": 0.9549}",1.024,-0.731
Nathan Tella,ng NGA,1999.0,1359,27,2,4,3.1,1.5,18,22,38,16,4,19,25.0,Leverkusen,de Bundesliga,"MF,FW",Midfielder,0.205,0.099,1.192,1.457,2.517,1.06,0.265,1.258,86.2,51.7,60.4,1.3,83.7,10.9,7.0,80.3,nathan_tella_ng_nga_1999_0,Nathan Tella,1359,0.5362959858872633,0.0007045671782781161,0.39874922469099927,-1.2647377316969437,0.6223375821522089,-0.7842287671481744,-1.1126209144113863,0.8029922434658362,0,Deep-Lying Playmaker,"{""Midfielder Archetype 1 (Low xAG)"": 0.002, ""Midfielder Archetype 2 (High xAG)"": 0.998}",1.378,-1.41
Nathan Wood-Gordon,eng ENG,2002.0,773,11,0,0,0.2,0.0,1,17,2,14,5,4,22.0,Southampton,eng Premier League,DF,Defender,0.023,0.0,0.116,1.979,0.233,1.63,0.582,0.466,29.3,4.3,11.2,9.7,8.8,47.3,11.2,66.0,nathan_wood_gordon_eng_eng_2002_0,Nathan Wood-Gordon,773,-0.787297924001215,-1.1963751992071265,-1.2676996187569778,-0.9595255464593443,-1.1356237362169308,-0.04137774364514926,-0.45819746161977504,-0.4257597690386628,1,Stopper / Defensive Destroyer,"{""Defender Archetype 1 (Low PrgC)"": 0.8986, ""Defender Archetype 2 (High xAG)"": 0.0016, ""Defender Archetype 3 (Low npxG)"": 0.0998}",-1.909,-1.162
Nathan Zeze,fr FRA,2005.0,1512,18,0,0,0.3,0.0,1,46,2,38,23,3,19.0,Nantes,fr Ligue 1,DF,Defender,0.018,0.0,0.06,2.738,0.119,2.262,1.369,0.179,22.7,4.3,5.0,30.7,3.6,78.1,79.5,32.2,nathan_zeze_fr_fra_2005_0,Nathan Zeze,1512,-0.8236603940530962,-1.1963751992071265,-1.3544292983416308,-0.5157400127518,-1.2233678650672293,0.7822746192564508,1.1665068202319544,-0.8710272281154193,1,Stopper / Defensive Destroyer,"{""Defender Archetype 1 (Low PrgC)"": 0.9717, ""Defender Archetype 2 (High xAG)"": 0.0003, ""Defender Archetype 3 (Low npxG)"": 0.028}",-2.845,0.033
Nathaniel Brown,de GER,2003.0,1947,26,3,6,2.2,5.1,39,63,45,71,15,11,21.0,Eint Frankfurt,de Bundesliga,"DF,MF",Defender,0.102,0.236,1.803,2.912,2.08,3.282,0.693,0.508,91.6,97.7,96.5,36.4,80.6,98.0,19.7,69.1,nathaniel_brown_de_ger_2003_0,Nathaniel Brown,1947,-0.21277089718149086,1.6572694964186865,1.3450319787306964,-0.4140026176726002,0.2859850882260645,2.1115869771039697,-0.2290460317779174,-0.3605986774664546,0,Ball-Playing Defender,"{""Defender Archetype 1 (Low PrgC)"": 0.0, ""Defender Archetype 2 (High xAG)"": 1.0, ""Defender Archetype 3 (Low npxG)"": 0.0}",0.952,1.473
Nathaniel Clyne,eng ENG,1991.0,483,13,0,0,0.0,0.3,3,7,6,12,3,0,33.0,Crystal Palace,eng Premier League,"DF,MF",Defender,0.0,0.056,0.559,1.304,1.118,2.236,0.559,0.0,2.6,61.9,62.7,1.3,53.3,76.9,9.6,4.3,nathaniel_clyne_eng_eng_1991_0,Nathaniel Clyne,483,-0.9545652862398688,-0.5192391697365947,-0.58160590347124,-1.3541964756458957,-0.45445220961592864,0.7483901866054359,-0.5056792894248444,-1.1487375945779261,1,Stopper / Defensive Destroyer,"{""Defender Archetype 1 (Low PrgC)"": 0.0, ""Defender Archetype 2 (High xAG)"": 0.0232, ""Defender Archetype 3 (Low npxG)"": 0.9768}",-1.492,-0.623
Nayef Aguerd,ma MAR,1996.0,1760,21,0,0,2.4,0.1,5,75,26,30,13,5,28.0,Real Sociedad,es La Liga,DF,Defender,0.123,0.005,0.256,3.835,1.33,1.534,0.665,0.256,95.3,11.5,32.8,63.8,58.2,39.2,17.6,42.2,nayef_aguerd_ma_mar_1996_0,Nayef Aguerd,1760,-0.060048522963589486,-1.1359166251472577,-1.0508754197953452,0.12567333438545433,-0.29127891736800504,-0.16648949497197438,-0.2868499960623498,-0.7515652268997043,1,Stopper / Defensive Destroyer,"{""Defender Archetype 1 (Low PrgC)"": 0.9325, ""Defender Archetype 2 (High xAG)"": 0.0673, ""Defender Archetype 3 (Low npxG)"": 0.0002}",-1.297,-0.703
Neal Maupay,fr FRA,1996.0,1042,22,4,4,4.1,2.2,13,37,12,9,2,6,27.0,Marseille,fr Ligue 1,FW,Forward,0.354,0.19,1.123,3.196,1.036,0.777,0.173,0.518,73.1,75.5,47.3,76.1,21.2,37.5,28.3,22.2,neal_maupay_fr_fra_1996_0,Neal Maupay,1042,1.6198975934333253,1.1010506150678925,0.29188586948848033,-0.24794847857781405,-0.5175664075608803,-1.1530477840803781,-1.302548225631665,-0.34508413185402403,0,Clinical Finisher / Poacher,"{""Forward Archetype 1 (Low PrgC)"": 0.9195, ""Forward Archetype 2 (High PrgC)"": 0.0805}",1.42,-1.749
Neco Williams,wls WAL,2001.0,2594,35,1,3,2.3,1.6,18,89,68,90,31,18,23.0,Nott'ham Forest,eng Premier League,DF,Defender,0.08,0.056,0.625,3.088,2.359,3.123,1.076,0.625,85.0,61.9,65.9,42.6,86.8,96.4,57.2,77.3,neco_williams_wls_wal_2001_0,Neco Williams,2594,-0.3727657654097684,-0.5192391697365947,-0.47938878110361316,-0.31109582724766227,0.5007272983070583,1.9043706389689157,0.5616296225412853,-0.17907849380101723,0,Ball-Playing Defender,"{""Defender Archetype 1 (Low PrgC)"": 0.0, ""Defender Archetype 2 (High xAG)"": 0.2096, ""Defender Archetype 3 (Low npxG)"": 0.7904}",-0.967,1.039
Neil El Aynaoui,fr FRA,2001.0,1588,24,8,1,1.6,2.0,22,75,11,39,30,5,23.0,Lens,fr Ligue 1,MF,Midfielder,0.091,0.113,1.247,4.251,0.623,2.21,1.7,0.283,52.1,59.0,62.8,48.8,11.4,66.3,96.0,14.8,neil_el_aynaoui_fr_fra_2001_0,Neil El Aynaoui,1588,-0.2927683312956296,0.16998857454591107,0.4839301599973552,0.3689075662989439,-0.8354464533080146,0.7145057539544204,1.8498322551657822,-0.7096759537461419,1,Box-to-Box / Pressing Engine,"{""Midfielder Archetype 1 (Low xAG)"": 0.9998, ""Midfielder Archetype 2 (High xAG)"": 0.0002}",-1.172,1.281
Nelson Weiper,de GER,2005.0,704,23,3,2,4.1,1.9,10,13,12,5,2,10,19.0,Mainz 05,de Bundesliga,"FW,MF",Forward,0.524,0.243,1.278,1.662,1.534,0.639,0.256,1.278,91.8,86.8,56.8,29.0,35.5,27.9,44.3,63.0,nelson_weiper_de_ger_2005_0,Nelson Weiper,704,2.856221575197289,1.741911500102503,0.5319412326245737,-1.1448747087588063,-0.13426310784641815,-1.3328959266126894,-1.1312007600742398,0.8340213346906973,0,Clinical Finisher / Poacher,"{""Forward Archetype 1 (Low PrgC)"": 0.9894, ""Forward Archetype 2 (High PrgC)"": 0.0106}",2.772,-2.357
Nemanja Gudelj,rs SRB,1991.0,2493,31,1,1,0.8,0.6,14,64,14,42,27,6,32.0,Sevilla,es La Liga,"MF,DF",Midfielder,0.029,0.022,0.505,2.31,0.505,1.516,0.975,0.217,11.5,7.8,12.6,7.1,8.0,29.5,64.3,9.8,nemanja_gudelj_rs_srb_1991_0,Nemanja Gudelj,2493,-0.7436629599389575,-0.9303574733437034,-0.6652380944992983,-0.7659906167397169,-0.9262693235214816,-0.18994794834575415,0.3531224656581534,-0.8120719547881834,1,Box-to-Box / Pressing Engine,"{""Midfielder Archetype 1 (Low xAG)"": 0.9948, ""Midfielder Archetype 2 (High xAG)"": 0.0052}",-1.81,-0.678
Nemanja Matić,rs SRB,1988.0,2010,29,0,1,0.1,1.3,17,150,35,42,18,8,35.0,Lyon,fr Ligue 1,MF,Midfielder,0.004,0.058,0.761,6.716,1.567,1.881,0.806,0.358,0.7,27.4,31.8,89.1,56.4,50.9,50.9,18.9,nemanja_mati__rs_srb_1988_0,Nemanja Matić,2010,-0.9254753101983638,-0.4950557401126471,-0.2687595592551699,1.8101873299209421,-0.10886349160027915,0.2857373561781129,0.004234252655685634,-0.5933168616529128,1,Box-to-Box / Pressing Engine,"{""Midfielder Archetype 1 (Low xAG)"": 0.9663, ""Midfielder Archetype 2 (High xAG)"": 0.0337}",-0.873,1.249
Ngal'Ayel Mukau,cd COD,2004.0,1190,22,0,1,0.8,0.7,12,57,19,33,15,9,19.0,Lille,fr Ligue 1,MF,Midfielder,0.061,0.053,0.908,4.311,1.437,2.496,1.134,0.681,34.3,24.3,42.6,50.4,50.6,77.4,74.5,46.4,ngal_ayel_mukau_cd_cod_2004_0,Ngal'Ayel Mukau,1190,-0.5109431516069173,-0.5555143141725161,-0.041094150345455556,0.40398942667108156,-0.20892258590325113,1.0872345131155874,0.6813664057018953,-0.0921970383714061,1,Box-to-Box / Pressing Engine,"{""Midfielder Archetype 1 (Low xAG)"": 0.9978, ""Midfielder Archetype 2 (High xAG)"": 0.0022}",-0.958,1.088
Nhoa Sangui,fr FRA,2006.0,1158,26,0,2,0.1,0.5,5,45,21,16,8,10,18.0,Reims,fr Ligue 1,"DF,MF",Defender,0.008,0.039,0.389,3.497,1.632,1.244,0.622,0.777,8.9,52.3,48.5,55.3,68.4,21.4,14.6,83.4,nhoa_sangui_fr_fra_2006_0,Nhoa Sangui,1158,-0.8963853341568587,-0.724798321540149,-0.844892430781794,-0.07195447904425581,-0.05883394444879317,-0.5444312437717592,-0.3756203697848713,0.05674259950792707,1,Stopper / Defensive Destroyer,"{""Defender Archetype 1 (Low PrgC)"": 0.0, ""Defender Archetype 2 (High xAG)"": 0.0168, ""Defender Archetype 3 (Low npxG)"": 0.9831}",-0.779,-0.431
Niccolò Pisilli,it ITA,2004.0,1227,28,2,1,2.7,0.7,10,63,22,24,11,5,19.0,Roma,it Serie A,MF,Midfielder,0.198,0.051,0.733,4.621,1.614,1.76,0.807,0.367,84.4,22.8,29.2,58.4,59.4,43.3,51.2,19.7,niccol__pisilli_it_ita_2004_0,Niccolò Pisilli,1227,0.4853885278146297,-0.5796977437964637,-0.3121243990474965,0.5852457052604609,-0.07268828058305067,0.12804441960992682,0.006298679951558228,-0.5793537706017252,1,Box-to-Box / Pressing Engine,"{""Midfielder Archetype 1 (Low xAG)"": 0.1197, ""Midfielder Archetype 2 (High xAG)"": 0.8803}",-0.501,-0.077
Nick Woltemade,de GER,2002.0,1622,28,12,2,8.0,4.6,37,52,31,10,1,31,22.0,Stuttgart,de Bundesliga,"FW,MF",Forward,0.444,0.255,2.053,2.885,1.72,0.555,0.055,1.72,84.3,89.7,90.7,70.1,40.4,20.2,8.0,81.6,nick_woltemade_de_ger_2002_0,Nick Woltemade,1622,2.2744220543671885,1.8870120778461885,1.7322180483050404,-0.4297894548400623,0.008898365540911052,-1.4423687090236614,-1.5461506465446306,1.5197642507601272,1,Dynamic Winger / Dribbler,"{""Forward Archetype 1 (Low PrgC)"": 0.4313, ""Forward Archetype 2 (High PrgC)"": 0.5687}",3.724,-1.521
Niclas Füllkrug,de GER,1993.0,790,18,3,2,2.2,1.9,14,14,7,4,1,1,31.0,West Ham,eng Premier League,FW,Forward,0.251,0.216,1.595,1.595,0.797,0.456,0.114,0.114,46.0,81.9,76.2,27.1,11.4,15.7,15.7,1.3,niclas_f_llkrug_de_ger_1993_0,Niclas Füllkrug,790,0.8708307103645712,1.4154352001792108,1.022893168844842,-1.1840494528410266,-0.7015212040101905,-1.5713902025794504,-1.4243494360881477,-0.971871774596218,0,Clinical Finisher / Poacher,"{""Forward Archetype 1 (Low PrgC)"": 0.9432, ""Forward Archetype 2 (High PrgC)"": 0.0568}",1.379,-2.115
Nico Elvedi,ch SUI,1996.0,2135,25,1,1,2.0,0.4,5,55,20,38,30,0,27.0,Gladbach,de Bundesliga,DF,Defender,0.084,0.017,0.211,2.319,0.843,1.602,1.265,0.0,86.7,28.8,25.4,18.1,42.3,45.2,73.9,4.3,nico_elvedi_ch_sui_1996_0,Nico Elvedi,2135,-0.3436757893682634,-0.9908160474035722,-1.120568912318727,-0.7607283376838962,-0.6661156783337543,-0.07786867111547305,0.9518063814612048,-1.1487375945779261,1,Stopper / Defensive Destroyer,"{""Defender Archetype 1 (Low PrgC)"": 0.9978, ""Defender Archetype 2 (High xAG)"": 0.001, ""Defender Archetype 3 (Low npxG)"": 0.0011}",-2.159,-0.671
Nico O’Reilly,eng ENG,2005.0,528,9,2,0,1.3,0.4,4,17,16,9,4,9,19.0,Manchester City,eng Premier League,DF,Defender,0.222,0.068,0.682,2.898,2.727,1.534,0.682,1.534,99.7,68.7,67.9,36.0,92.5,39.2,18.9,97.3,nico_o_reilly_eng_eng_2005_0,Nico O’Reilly,528,0.6599283840636598,-0.3741385919929092,-0.3911103572406626,-0.4221883850927656,0.7839715037185483,-0.16648949497197438,-0.2517547320325157,1.2311937023689192,0,Ball-Playing Defender,"{""Defender Archetype 1 (Low PrgC)"": 0.0, ""Defender Archetype 2 (High xAG)"": 1.0, ""Defender Archetype 3 (Low npxG)"": 0.0}",0.785,-0.52
Nico Schlotterbeck,de GER,1999.0,1982,23,0,4,1.3,2.1,18,195,37,38,22,14,24.0,Dortmund,de Bundesliga,DF,Defender,0.059,0.095,0.817,8.855,1.68,1.726,0.999,0.636,71.2,78.5,74.8,99.9,70.1,51.7,49.3,77.7,nico_schlotterbeck_de_ger_1999_0,Nico Schlotterbeck,1982,-0.5254881396276698,-0.047662292069617064,-0.18202987967051695,3.0608556521876578,-0.021889048090772682,0.08373400768167616,0.40266872075909566,-0.1620124936273436,0,Ball-Playing Defender,"{""Defender Archetype 1 (Low PrgC)"": 0.0, ""Defender Archetype 2 (High xAG)"": 0.9994, ""Defender Archetype 3 (Low npxG)"": 0.0006}",-0.32,1.987
Nico Williams,es ESP,2002.0,1996,29,5,5,4.2,3.5,40,69,118,28,7,68,22.0,Athletic Club,es La Liga,FW,Forward,0.189,0.158,1.804,3.111,5.321,1.263,0.316,3.066,26.3,61.4,83.6,74.7,94.2,67.0,54.7,98.2,nico_williams_es_esp_2002_0,Nico Williams,1996,0.41993608172124336,0.7141157410847313,1.346580723008994,-0.29764778077167603,2.780535277733237,-0.5196695429883251,-1.0073351223218843,3.6080220901932787,1,Dynamic Winger / Dribbler,"{""Forward Archetype 1 (Low PrgC)"": 0.0, ""Forward Archetype 2 (High PrgC)"": 1.0}",4.107,0.455
Nicola Zalewski,pl POL,2002.0,968,23,1,1,0.5,2.5,21,35,60,15,6,11,22.0,"Roma, Inter",it Serie A,"DF,FW",Defender,0.046,0.232,1.952,3.254,5.579,1.395,0.558,1.023,57.8,97.5,97.5,48.0,100.0,31.5,9.4,91.7,nicola_zalewski_pl_pol_2002_0,Nicola Zalewski,968,-0.6200305617625611,1.6089026371707915,1.5757948761970053,-0.2140360135514142,2.9791140956575966,-0.34764088491394024,-0.507743716720717,0.4384004215737183,0,Ball-Playing Defender,"{""Defender Archetype 1 (Low PrgC)"": 0.0, ""Defender Archetype 2 (High xAG)"": 1.0, ""Defender Archetype 3 (Low npxG)"": 0.0}",2.902,0.989
Nicolai Remberg,de GER,2000.0,2417,32,0,1,1.5,0.8,9,80,25,45,29,7,24.0,Holstein Kiel,de Bundesliga,MF,Midfielder,0.056,0.03,0.335,2.979,0.931,1.676,1.08,0.261,31.2,10.8,5.6,18.7,25.8,38.4,70.5,13.3,nicolai_remberg_de_ger_2000_0,Nicolai Remberg,2417,-0.5473056216587986,-0.8336237548479131,-0.9285246218098524,-0.37482787359037945,-0.59838336834405,0.018571637198954587,0.5698873317247757,-0.743807954093489,1,Box-to-Box / Pressing Engine,"{""Midfielder Archetype 1 (Low xAG)"": 0.998, ""Midfielder Archetype 2 (High xAG)"": 0.002}",-1.741,-0.332
Nicolas Cozza,fr FRA,1999.0,2051,27,1,0,1.4,1.4,7,64,25,59,25,5,25.0,Nantes,fr Ligue 1,"DF,MF",Defender,0.061,0.061,0.307,2.808,1.097,2.589,1.097,0.219,72.8,64.6,39.5,33.1,52.9,90.2,59.6,37.0,nicolas_cozza_fr_fra_1999_0,Nicolas Cozza,2051,-0.5109431516069173,-0.45878059567672574,-0.9718894616021789,-0.4748111756509726,-0.47061560177256273,1.2084365222134494,0.6049825957546096,-0.8089690456656973,1,Stopper / Defensive Destroyer,"{""Defender Archetype 1 (Low PrgC)"": 0.0, ""Defender Archetype 2 (High xAG)"": 0.0595, ""Defender Archetype 3 (Low npxG)"": 0.9405}",-1.773,0.298
Nicolas Höfler,de GER,1990.0,794,20,0,0,0.2,0.1,3,30,1,33,14,4,34.0,Freiburg,de Bundesliga,MF,Midfielder,0.023,0.011,0.34,3.401,0.113,3.741,1.587,0.453,8.5,2.1,6.0,28.2,0.3,97.8,93.5,28.7,nicolas_h_fler_de_ger_1990_0,Nicolas Höfler,794,-0.787297924001215,-1.063366336275415,-0.9207809004183654,-0.12808545563967647,-1.2279859771119819,2.7097775381353535,1.6165519707321794,-0.4459286783348225,1,Box-to-Box / Pressing Engine,"{""Midfielder Archetype 1 (Low xAG)"": 1.0, ""Midfielder Archetype 2 (High xAG)"": 0.0}",-2.875,1.582
Nicolas Jackson,sn SEN,2001.0,2220,30,10,5,12.3,4.3,28,38,47,22,3,18,23.0,Chelsea,eng Premier League,FW,Forward,0.499,0.174,1.135,1.541,1.905,0.892,0.122,0.73,90.1,67.0,48.8,25.5,44.9,42.1,17.7,38.1,nicolas_jackson_sn_sen_2001_0,Nicolas Jackson,2220,2.6744092249378824,0.9075831780763117,0.3104708008280489,-1.215623127175951,0.15129015358744824,-1.0031743319701187,-1.407834017721167,-0.016175764870496545,0,Clinical Finisher / Poacher,"{""Forward Archetype 1 (Low PrgC)"": 0.9997, ""Forward Archetype 2 (High PrgC)"": 0.0003}",2.049,-2.524
Nicolas Pallois,fr FRA,1987.0,2017,26,0,2,0.4,0.4,3,52,6,61,28,3,36.0,Nantes,fr Ligue 1,DF,Defender,0.018,0.018,0.134,2.32,0.268,2.722,1.249,0.134,22.7,30.3,13.9,18.3,11.0,92.6,73.5,24.9,nicolas_pallois_fr_fra_1987_0,Nicolas Pallois,2017,-0.8236603940530962,-0.9787243325915984,-1.239822221747625,-0.7601436400110274,-1.1086847492892076,1.3817684276974886,0.9187755447272438,-0.9408426833713569,1,Stopper / Defensive Destroyer,"{""Defender Archetype 1 (Low PrgC)"": 0.849, ""Defender Archetype 2 (High xAG)"": 0.0016, ""Defender Archetype 3 (Low npxG)"": 0.1494}",-2.707,0.193
Nicolas Pépé,ci CIV,1995.0,1500,28,3,6,3.8,4.8,33,60,76,22,5,27,29.0,Villarreal,es La Liga,"FW,MF",Forward,0.228,0.288,1.98,3.6,4.56,1.32,0.3,1.62,38.8,92.7,88.9,82.9,87.6,71.2,52.0,78.4,nicolas_p_p__ci_civ_1995_0,Nicolas Pépé,1500,0.7035633481259174,2.286038666641323,1.619159715989332,-0.011730618738752311,2.194804733390454,-0.4453844406380224,-1.0403659590558458,1.364618794635822,1,Dynamic Winger / Dribbler,"{""Forward Archetype 1 (Low PrgC)"": 0.0159, ""Forward Archetype 2 (High PrgC)"": 0.9841}",3.901,0.442
Nicolas Seiwald,at AUT,2001.0,2084,30,0,0,0.2,1.7,20,140,17,53,31,4,23.0,RB Leipzig,de Bundesliga,"MF,DF",Midfielder,0.009,0.073,0.864,6.046,0.734,2.289,1.339,0.173,2.0,38.4,40.0,82.4,16.8,69.7,84.0,6.6,nicolas_seiwald_at_aut_2001_0,Nicolas Seiwald,2084,-0.8891128401464826,-0.3136800179330404,-0.10923889859054019,1.4184398890987358,-0.7500113804800923,0.8174622993171207,1.1045740013557768,-0.8803359554828777,1,Box-to-Box / Pressing Engine,"{""Midfielder Archetype 1 (Low xAG)"": 0.9978, ""Midfielder Archetype 2 (High xAG)"": 0.0022}",-1.584,1.629
Nicolas Viola,it ITA,1989.0,1267,27,3,1,2.2,1.9,28,46,21,14,3,11,34.0,Cagliari,it Serie A,"FW,MF",Forward,0.156,0.135,1.989,3.268,1.492,0.994,0.213,0.781,16.4,51.0,89.1,76.7,34.4,48.8,35.0,41.7,nicolas_viola_it_ita_1989_0,Nicolas Viola,1267,0.17994377937882694,0.4360063004093344,1.6330984144940086,-0.2058502461312488,-0.16658989215968606,-0.8702430961853668,-1.2199711337967611,0.06294841775289929,0,Clinical Finisher / Poacher,"{""Forward Archetype 1 (Low PrgC)"": 0.0045, ""Forward Archetype 2 (High PrgC)"": 0.9955}",1.492,-0.656
Nicolás Domínguez,ar ARG,1998.0,1963,34,0,1,1.5,1.3,13,83,16,86,29,3,26.0,Nott'ham Forest,eng Premier League,"MF,FW",Midfielder,0.069,0.06,0.596,3.805,0.734,3.943,1.33,0.138,38.3,29.0,18.9,37.4,16.8,98.8,83.3,4.6,nicol_s_dom_nguez_ar_arg_1998_0,Nicolás Domínguez,1963,-0.4527631995239072,-0.47087231048869954,-0.5243023651742371,0.10813240419938551,-0.7500113804800923,2.973033514885548,1.0859941556929236,-0.9346368651263847,1,Box-to-Box / Pressing Engine,"{""Midfielder Archetype 1 (Low xAG)"": 1.0, ""Midfielder Archetype 2 (High xAG)"": 0.0}",-2.165,1.724
Nicolás González,ar ARG,1998.0,1750,26,3,2,4.1,1.1,19,69,35,24,9,17,26.0,Juventus,it Serie A,"FW,MF",Forward,0.211,0.057,0.977,3.549,1.8,1.234,0.463,0.874,32.8,11.2,38.8,81.8,42.6,64.9,77.7,45.2,nicol_s_gonz_lez_ar_arg_1998_0,Nicolás González,1750,0.5799309499495209,-0.5071474549246209,0.06576920485706335,-0.04155020005506961,0.07047319280427852,-0.5574637178683035,-0.7038643098286133,0.2072336919485033,0,Clinical Finisher / Poacher,"{""Forward Archetype 1 (Low PrgC)"": 0.199, ""Forward Archetype 2 (High PrgC)"": 0.801}",0.431,-0.84
Nicolás González,es ESP,2002.0,760,11,1,0,0.5,0.1,1,50,9,16,8,1,22.0,Manchester City,eng Premier League,MF,Midfielder,0.059,0.012,0.118,5.921,1.066,1.895,0.947,0.118,33.3,2.7,0.3,79.8,32.5,51.4,62.9,3.6,nicol_s_gonz_lez_es_esp_2002_0,Nicolás González,760,-0.5254881396276698,-1.0512746214634412,-1.2646021302003831,1.345352679990115,-0.4944758473371175,0.3039828199132749,0.29531850137372084,-0.9656659563512457,1,Box-to-Box / Pressing Engine,"{""Midfielder Archetype 1 (Low xAG)"": 0.9805, ""Midfielder Archetype 2 (High xAG)"": 0.0195}",-1.884,0.507
Nicolás Paz,ar ARG,2004.0,2687,35,6,8,8.5,6.0,54,163,77,51,21,69,19.0,Como,it Serie A,"MF,FW",Midfielder,0.285,0.201,1.809,5.46,2.579,1.708,0.703,2.311,93.0,86.0,85.9,74.1,84.6,40.1,42.0,98.3,nicol_s_paz_ar_arg_2004_0,Nicolás Paz,2687,1.1180955067173637,1.2340594779996041,1.3543244444004805,1.075807052797522,0.6700580732813188,0.06027555430789639,-0.20840175881919148,2.4366738964547725,0,Deep-Lying Playmaker,"{""Midfielder Archetype 1 (Low xAG)"": 0.0, ""Midfielder Archetype 2 (High xAG)"": 1.0}",2.909,1.083
Nicolás Tagliafico,ar ARG,1992.0,1902,24,3,1,3.0,0.8,5,97,31,57,36,1,31.0,Lyon,fr Ligue 1,DF,Defender,0.142,0.038,0.237,4.59,1.467,2.697,1.703,0.047,97.0,51.5,28.8,80.9,62.6,92.2,93.0,11.0,nicol_s_tagliafico_ar_arg_1992_0,Nicolás Tagliafico,1902,0.07812886323355928,-0.7368900363521228,-1.0803015610829954,0.5671200774015227,-0.1858320256794883,1.349187242456128,1.8560255370534002,-1.0758192301995027,1,Stopper / Defensive Destroyer,"{""Defender Archetype 1 (Low PrgC)"": 0.0064, ""Defender Archetype 2 (High xAG)"": 0.9932, ""Defender Archetype 3 (Low npxG)"": 0.0004}",-2.134,1.108
Nicolás Valentini,ar ARG,2001.0,1129,14,0,0,0.3,0.8,6,42,4,35,15,2,23.0,Hellas Verona,it Serie A,DF,Defender,0.024,0.064,0.478,3.348,0.319,2.79,1.196,0.159,30.6,66.5,57.5,51.6,13.6,93.7,67.8,29.7,nicol_s_valentini_ar_arg_2001_0,Nicolás Valentini,1129,-0.7800254299908388,-0.42250545124080435,-0.7070541900133275,-0.15907443230173157,-1.0694307969088108,1.47038925155399,0.8093608980459961,-0.9020563193402805,1,Stopper / Defensive Destroyer,"{""Defender Archetype 1 (Low PrgC)"": 0.0003, ""Defender Archetype 2 (High xAG)"": 0.046, ""Defender Archetype 3 (Low npxG)"": 0.9537}",-2.114,0.741
Nicolò Barella,it ITA,1997.0,2456,32,3,6,2.2,4.5,55,235,63,50,12,23,27.0,Inter,it Serie A,MF,Midfielder,0.081,0.165,2.015,8.612,2.309,1.832,0.44,0.843,46.9,77.3,90.3,96.5,77.8,48.8,18.6,61.5,nicol__barella_it_ita_1997_0,Nicolò Barella,2456,-0.36549327139939214,0.7987577447685479,1.6733657657297403,2.918774117680499,0.4622430312674538,0.2218782331050459,-0.751346137633683,0.1591386005499686,0,Deep-Lying Playmaker,"{""Midfielder Archetype 1 (Low xAG)"": 0.2901, ""Midfielder Archetype 2 (High xAG)"": 0.7099}",1.639,2.195
Nicolò Cambiaghi,it ITA,2000.0,620,18,1,3,0.8,1.9,12,25,45,16,2,11,23.0,Bologna,it Serie A,FW,Forward,0.116,0.276,1.742,3.629,6.532,2.323,0.29,1.597,7.3,91.8,79.8,83.8,97.8,96.3,49.7,77.4,nicol__cambiaghi_it_ita_2000_0,Nicolò Cambiaghi,620,-0.11095598103622321,2.1409380888976384,1.2505585777545565,0.005225613774447618,3.712624225432461,0.861772711245371,-1.0610102320145718,1.3289353397272317,1,Dynamic Winger / Dribbler,"{""Forward Archetype 1 (Low PrgC)"": 0.0, ""Forward Archetype 2 (High PrgC)"": 1.0}",3.824,1.594
Nicolò Casale,it ITA,1998.0,1035,17,0,1,0.5,0.5,3,35,3,16,18,3,26.0,"Bologna, Lazio",it Serie A,DF,Defender,0.043,0.043,0.261,3.043,0.261,1.391,1.565,0.261,54.1,54.3,33.3,40.9,10.2,31.1,89.3,43.0,nicol__casale_it_ita_1998_0,Nicolò Casale,1035,-0.6418480437936899,-0.6764314622922539,-1.043131698403858,-0.3374072225267657,-1.114072546674752,-0.35285387455255796,1.5711345702229824,-0.743807954093489,1,Stopper / Defensive Destroyer,"{""Defender Archetype 1 (Low PrgC)"": 0.0865, ""Defender Archetype 2 (High xAG)"": 0.001, ""Defender Archetype 3 (Low npxG)"": 0.9125}",-2.244,-0.179
Nicolò Fagioli,it ITA,2001.0,1533,32,1,2,1.1,3.1,27,91,34,33,7,12,23.0,"Fiorentina, Juventus",it Serie A,MF,Midfielder,0.065,0.182,1.585,5.342,1.996,1.937,0.411,0.705,36.7,81.9,77.9,72.5,68.9,53.2,16.9,48.7,nicol__fagioli_it_ita_2001_0,Nicolò Fagioli,1533,-0.48185317556541224,1.004316896572102,1.0074057260618683,1.0068127273989842,0.22133151959952865,0.35871921111876104,-0.8112145292139882,-0.05496212890157293,0,Deep-Lying Playmaker,"{""Midfielder Archetype 1 (Low xAG)"": 0.3715, ""Midfielder Archetype 2 (High xAG)"": 0.6285}",1.096,1.061
Nicolò Rovella,it ITA,2001.0,2718,33,0,3,1.5,2.2,31,159,45,84,47,18,22.0,Lazio,it Serie A,MF,Midfielder,0.05,0.073,1.026,5.265,1.49,2.781,1.556,0.596,27.4,38.4,51.1,71.1,53.4,85.4,92.8,40.8,nicol__rovella_it_ita_2001_0,Nicolò Rovella,2718,-0.590940585721056,-0.3136800179330404,0.14165767449363487,0.9617910065880738,-0.16812926284127025,1.4586600248671002,1.5525547245601292,-0.22407067607706585,1,Box-to-Box / Pressing Engine,"{""Midfielder Archetype 1 (Low xAG)"": 0.9998, ""Midfielder Archetype 2 (High xAG)"": 0.0002}",-1.155,2.016
Nicolò Savona,it ITA,2003.0,1724,28,2,1,0.5,1.2,16,59,35,29,11,6,21.0,Juventus,it Serie A,DF,Defender,0.026,0.063,0.835,3.08,1.827,1.514,0.574,0.313,33.3,65.4,75.5,42.4,74.9,38.2,10.5,50.3,nicol__savona_it_ita_2003_0,Nicolò Savona,1724,-0.7654804419700862,-0.43459716605277815,-0.15415248266116413,-0.31577340863061404,0.09125469700566496,-0.192554443165063,-0.47471287998675576,-0.6631323169088502,0,Ball-Playing Defender,"{""Defender Archetype 1 (Low PrgC)"": 0.0, ""Defender Archetype 2 (High xAG)"": 0.0619, ""Defender Archetype 3 (Low npxG)"": 0.9381}",-0.563,-0.334
Nicolò Zaniolo,it ITA,1999.0,699,23,2,2,1.5,0.7,12,18,15,3,1,12,25.0,"Fiorentina, Atalanta",it Serie A,"FW,MF",Forward,0.193,0.09,1.545,2.318,1.931,0.386,0.129,1.545,27.5,28.9,73.3,53.4,45.5,12.0,19.0,74.6,nicol__zaniolo_it_ita_1999_0,Nicolò Zaniolo,699,0.4490260577627484,-0.10812086612948604,0.9454559549299731,-0.7613130353567652,0.17130197244804268,-1.6626175212552603,-1.3933830266500589,1.2482597025425926,0,Clinical Finisher / Poacher,"{""Forward Archetype 1 (Low PrgC)"": 0.2442, ""Forward Archetype 2 (High PrgC)"": 0.7558}",1.807,-1.57
Niklas Dorsch,de GER,1998.0,1367,23,2,2,1.0,1.1,13,58,14,27,17,7,26.0,"Augsburg, Heidenheim",de Bundesliga,MF,Midfielder,0.066,0.072,0.856,3.819,0.922,1.778,1.119,0.461,37.0,37.4,39.6,38.1,24.9,45.3,73.2,29.5,niklas_dorsch_de_ger_1998_0,Niklas Dorsch,1367,-0.47458068155503597,-0.3257717327450142,-0.12162885281691921,0.1163181716195509,-0.6053105364111789,0.1515028729837066,0.6503999962638066,-0.4335170418448781,1,Box-to-Box / Pressing Engine,"{""Midfielder Archetype 1 (Low xAG)"": 0.9975, ""Midfielder Archetype 2 (High xAG)"": 0.0025}",-1.027,0.324
Niklas Stark,de GER,1995.0,2106,26,0,1,1.1,0.1,1,62,7,33,36,1,29.0,Werder Bremen,de Bundesliga,DF,Defender,0.047,0.004,0.043,2.65,0.299,1.41,1.538,0.043,59.0,10.0,4.1,27.7,12.8,32.5,88.2,10.5,niklas_stark_de_ger_1995_0,Niklas Stark,2106,-0.6127580677521849,-1.1480083399592313,-1.3807579510726862,-0.567193407964269,-1.0848245037246527,-0.32809217376912386,1.5153950332344226,-1.082025048444475,1,Stopper / Defensive Destroyer,"{""Defender Archetype 1 (Low PrgC)"": 0.9955, ""Defender Archetype 2 (High xAG)"": 0.0, ""Defender Archetype 3 (Low npxG)"": 0.0044}",-2.722,-0.528
Niklas Süle,de GER,1995.0,1053,15,0,0,0.6,0.1,3,47,15,14,4,3,28.0,Dortmund,de Bundesliga,DF,Defender,0.051,0.009,0.256,4.017,1.282,1.197,0.342,0.256,62.4,17.1,32.8,68.9,57.2,18.3,2.3,42.2,niklas_s_le_de_ger_1995_0,Niklas Süle,1053,-0.5836680917106799,-1.0875497658993627,-1.0508754197953452,0.23208831084760617,-0.3282238137260255,-0.6056838720255173,-0.9536600126291969,-0.7515652268997043,1,Stopper / Defensive Destroyer,"{""Defender Archetype 1 (Low PrgC)"": 0.9563, ""Defender Archetype 2 (High xAG)"": 0.0022, ""Defender Archetype 3 (Low npxG)"": 0.0414}",-1.15,-0.913
Nikola Krstović,me MNE,2000.0,3057,37,11,5,9.7,2.9,30,56,42,18,7,17,24.0,Lecce,it Serie A,FW,Forward,0.286,0.085,0.883,1.649,1.237,0.53,0.206,0.5,57.5,26.7,31.6,28.6,26.3,19.1,33.7,21.1,nikola_krstovi__me_mne_2000_0,Nikola Krstović,3057,1.12536800072774,-0.16857944018935483,-0.07981275730289,-1.1524757785061026,-0.36285965406166965,-1.4749498942650223,-1.2344221248678695,-0.373010313956399,0,Clinical Finisher / Poacher,"{""Forward Archetype 1 (Low PrgC)"": 0.9989, ""Forward Archetype 2 (High PrgC)"": 0.0011}",0.552,-2.468
Nikola Maksimović,rs SRB,1991.0,581,7,0,0,0.0,0.0,2,11,1,9,6,2,32.0,Montpellier,fr Ligue 1,DF,Defender,0.0,0.0,0.31,1.704,0.155,1.394,0.929,0.31,2.6,4.3,40.0,5.3,5.1,31.3,41.4,49.9,nikola_maksimovi__rs_srb_1991_0,Nikola Maksimović,581,-0.9545652862398688,-1.1963751992071265,-0.9672432287672866,-1.1203174064983097,-1.195659192798714,-0.3489441323235948,0.2581588100480144,-0.6677866805925793,1,Stopper / Defensive Destroyer,"{""Defender Archetype 1 (Low PrgC)"": 0.6443, ""Defender Archetype 2 (High xAG)"": 0.0435, ""Defender Archetype 3 (Low npxG)"": 0.3122}",-2.151,-1.047
Nikola Milenković,rs SRB,1997.0,3330,37,5,2,4.0,1.1,9,51,3,51,27,1,26.0,Nott'ham Forest,eng Premier League,DF,Defender,0.108,0.03,0.243,1.378,0.081,1.378,0.73,0.027,93.0,44.4,30.3,1.9,2.0,30.2,22.0,8.6,nikola_milenkovi__rs_srb_1997_0,Nikola Milenković,3330,-0.1691359331192333,-0.8336237548479131,-1.071009095413211,-1.3109288478535923,-1.252615908017329,-0.3697960908780657,-0.15266222183063147,-1.1068483214243636,1,Stopper / Defensive Destroyer,"{""Defender Archetype 1 (Low PrgC)"": 0.9976, ""Defender Archetype 2 (High xAG)"": 0.0022, ""Defender Archetype 3 (Low npxG)"": 0.0002}",-1.849,-1.663
Nikola Moro,hr CRO,1998.0,1208,22,0,2,0.5,0.8,20,93,17,35,13,7,26.0,Bologna,it Serie A,MF,Midfielder,0.037,0.06,1.49,6.929,1.267,2.608,0.969,0.522,18.6,29.0,74.6,90.7,45.3,80.8,63.9,33.7,nikola_moro_hr_cro_1998_0,Nikola Moro,1208,-0.6854830078559474,-0.47087231048869954,0.8602750196236175,1.9347279342420316,-0.339769093837907,1.2331982229968839,0.34073590188291786,-0.3388783136090518,1,Box-to-Box / Pressing Engine,"{""Midfielder Archetype 1 (Low xAG)"": 0.8866, ""Midfielder Archetype 2 (High xAG)"": 0.1134}",-0.549,2.103
Nikola Vlašić,hr CRO,1997.0,2117,30,5,4,1.8,2.4,32,94,53,37,9,24,26.0,Torino,it Serie A,"MF,FW",Midfielder,0.077,0.102,1.36,3.996,2.253,1.573,0.383,1.02,44.1,53.2,68.8,42.4,75.1,32.5,14.0,71.4,nikola_vla_i__hr_cro_1997_0,Nikola Vlašić,2117,-0.39458324744089723,0.036979711614199336,0.6589382634449588,0.2198096597173577,0.4191406521830966,-0.11566284599545171,-0.8690184934984206,0.43374605788998927,0,Deep-Lying Playmaker,"{""Midfielder Archetype 1 (Low xAG)"": 0.6175, ""Midfielder Archetype 2 (High xAG)"": 0.3825}",0.865,0.185
Nnamdi Collins,de GER,2004.0,1489,24,1,1,0.8,1.0,2,63,30,33,16,12,20.0,Eint Frankfurt,de Bundesliga,DF,Defender,0.048,0.06,0.121,3.808,1.813,1.995,0.967,0.725,59.7,64.3,12.0,63.3,74.5,66.6,45.7,81.4,nnamdi_collins_de_ger_2004_0,Nnamdi Collins,1489,-0.6054855737418086,-0.47087231048869954,-1.259955897365491,0.10988649721799222,0.08047910223457565,0.4343075608787181,0.3366070472911727,-0.023933037676711823,1,Stopper / Defensive Destroyer,"{""Defender Archetype 1 (Low PrgC)"": 0.0, ""Defender Archetype 2 (High xAG)"": 0.6817, ""Defender Archetype 3 (Low npxG)"": 0.3183}",-1.129,0.287
Noah Okafor,ch SUI,2000.0,454,15,1,0,1.5,0.8999999999999999,7,13,28,5,2,14,24.0,"Milan, Napoli",it Serie A,FW,Forward,0.297,0.178,1.388,2.577,5.551,0.991,0.396,2.775,59.8,69.8,64.7,62.3,95.3,48.6,68.4,97.1,noah_okafor_ch_sui_2000_0,Noah Okafor,454,1.2053654348418787,0.9559500373242069,0.702303103237285,-0.6098763380837033,2.9575629061154185,-0.8741528384143301,-0.8421809386520769,3.156548812871549,1,Dynamic Winger / Dribbler,"{""Forward Archetype 1 (Low PrgC)"": 0.0, ""Forward Archetype 2 (High PrgC)"": 1.0}",4.063,-0.291
Noah Weißhaupt,de GER,2001.0,1240,22,1,0,2.1,1.8,18,39,50,6,2,14,22.0,"St. Pauli, Freiburg",de Bundesliga,"FW,MF",Forward,0.152,0.131,1.306,2.831,3.629,0.435,0.145,1.016,14.4,48.9,59.0,68.5,78.9,14.5,22.2,51.9,noah_wei_haupt_de_ger_2001_0,Noah Weißhaupt,1240,0.1508538033373219,0.3876394411614392,0.5753060724169003,-0.46136312917498634,1.4782276811130162,-1.5987583981821933,-1.3603521899160973,0.42754023964501703,1,Dynamic Winger / Dribbler,"{""Forward Archetype 1 (Low PrgC)"": 0.1299, ""Forward Archetype 2 (High PrgC)"": 0.8701}",1.995,-1.133
Noni Madueke,eng ENG,2002.0,2033,32,7,3,9.6,4.2,32,69,154,25,10,45,22.0,Chelsea,eng Premier League,FW,Forward,0.425,0.186,1.417,3.055,6.818,1.107,0.443,1.992,82.0,73.3,66.7,72.5,98.4,57.9,75.7,88.2,noni_madueke_eng_eng_2002_0,Noni Madueke,2033,2.1362446681700393,1.0526837558199973,0.7472166873079091,-0.33039085045233807,3.9327542328989993,-0.7229761388944161,-0.7451528557460652,1.9417598914182381,1,Dynamic Winger / Dribbler,"{""Forward Archetype 1 (Low PrgC)"": 0.0, ""Forward Archetype 2 (High PrgC)"": 1.0}",4.311,-0.373
Nordi Mukiele,fr FRA,1997.0,899,15,1,0,1.4,1.0,9,36,20,20,16,9,26.0,Leverkusen,de Bundesliga,DF,Defender,0.14,0.1,0.901,3.604,2.002,2.002,1.602,0.901,96.7,80.1,77.5,57.8,78.8,67.4,90.9,88.4,nordi_mukiele_fr_fra_1997_0,Nordi Mukiele,899,0.06358387521280696,0.012796281990251911,-0.0519353602935372,-0.00939182804727645,0.22594963164428106,0.44343029274629864,1.6475183801702684,0.2491229651020658,0,Ball-Playing Defender,"{""Defender Archetype 1 (Low PrgC)"": 0.0, ""Defender Archetype 2 (High xAG)"": 0.9993, ""Defender Archetype 3 (Low npxG)"": 0.0007}",-0.438,0.884
Noussair Mazraoui,ma MAR,1997.0,2838,37,0,1,0.7,1.5,20,115,42,115,34,26,26.0,Manchester Utd,eng Premier League,DF,Defender,0.022,0.048,0.634,3.647,1.332,3.647,1.078,0.825,28.1,57.4,66.3,59.0,58.4,99.1,57.7,86.2,noussair_mazraoui_ma_mar_1997_0,Noussair Mazraoui,2838,-0.7945704180115913,-0.6159728882323849,-0.4654500825989368,0.015750171886088862,-0.2897395466864208,2.5872722816278366,0.5657584771330305,0.13121241844759357,0,Ball-Playing Defender,"{""Defender Archetype 1 (Low PrgC)"": 0.0, ""Defender Archetype 2 (High xAG)"": 0.0149, ""Defender Archetype 3 (Low npxG)"": 0.9851}",-1.453,1.634
Nuno Mendes,pt POR,2002.0,1676,24,1,3,2.2,5.0,30,127,58,30,18,31,22.0,Paris S-G,fr Ligue 1,DF,Defender,0.118,0.268,1.611,6.82,3.115,1.611,0.967,1.665,94.7,99.1,94.9,96.9,95.3,45.8,45.7,98.3,nuno_mendes_pt_por_2002_0,Nuno Mendes,1676,-0.09641099301547079,2.044204370401848,1.0476730772976,1.8709958878993145,1.0826094159458806,-0.06613944442858331,0.3366070472911727,1.4344342498917593,0,Ball-Playing Defender,"{""Defender Archetype 1 (Low PrgC)"": 0.0, ""Defender Archetype 2 (High xAG)"": 1.0, ""Defender Archetype 3 (Low npxG)"": 0.0}",2.409,2.138
Nuno Tavares,pt POR,2000.0,1686,23,0,8,1.1,4.8,33,111,98,28,21,49,24.0,Lazio,it Serie A,DF,Defender,0.059,0.256,1.762,5.925,5.231,1.495,1.121,2.616,71.2,98.5,96.4,93.4,99.9,37.0,61.0,100.0,nuno_tavares_pt_por_2000_0,Nuno Tavares,1686,-0.5254881396276698,1.8991037926581622,1.281533463320504,1.3476914706815908,2.7112635970619485,-0.21731614394849708,0.6545288508555518,2.9098675376339043,0,Ball-Playing Defender,"{""Defender Archetype 1 (Low PrgC)"": 0.0, ""Defender Archetype 2 (High xAG)"": 1.0, ""Defender Archetype 3 (Low npxG)"": 0.0}",3.483,2.588
Nélson Semedo,pt POR,1993.0,2886,34,0,4,0.9,2.8,25,80,67,62,23,32,30.0,Wolves,eng Premier League,DF,Defender,0.028,0.087,0.78,2.495,2.089,1.933,0.717,0.998,36.0,75.0,73.1,22.9,81.0,63.2,21.0,90.8,n_lson_semedo_pt_por_1993_0,Nélson Semedo,2886,-0.7509354539493337,-0.14439601056540743,-0.23933341796751975,-0.6578215472589584,0.2929122562931933,0.3535062214801433,-0.17949977667697517,0.39961405754264206,0,Ball-Playing Defender,"{""Defender Archetype 1 (Low PrgC)"": 0.0, ""Defender Archetype 2 (High xAG)"": 0.2981, ""Defender Archetype 3 (Low npxG)"": 0.7019}",-0.166,0.086
Obite N'Dicka,ci CIV,1999.0,3420,38,0,1,1.0,0.7,8,107,29,32,33,0,24.0,Roma,it Serie A,DF,Defender,0.026,0.018,0.211,2.816,0.763,0.842,0.868,0.0,33.3,30.3,25.4,33.9,39.0,3.9,35.3,4.3,obite_n_dicka_ci_civ_1999_0,Obite N'Dicka,3420,-0.7654804419700862,-0.9787243325915984,-1.120568912318727,-0.47013359426802087,-0.7276905055971217,-1.0683367024528403,0.13222874499978618,-1.1487375945779261,1,Stopper / Defensive Destroyer,"{""Defender Archetype 1 (Low PrgC)"": 0.9817, ""Defender Archetype 2 (High xAG)"": 0.0004, ""Defender Archetype 3 (Low npxG)"": 0.018}",-1.848,-1.176
Odilon Kossounou,ci CIV,2001.0,1125,18,0,0,0.5,0.0,1,46,13,16,13,5,23.0,Atalanta,it Serie A,DF,Defender,0.04,0.0,0.08,3.68,1.04,1.28,1.04,0.4,49.7,4.3,6.3,60.0,51.2,23.1,53.7,59.3,odilon_kossounou_ci_civ_2001_0,Odilon Kossounou,1125,-0.6636655258248185,-1.1963751992071265,-1.3234544127756833,0.03504519509076491,-0.5144876661977119,-0.49751433702419967,0.487310239889872,-0.5281557700807044,1,Stopper / Defensive Destroyer,"{""Defender Archetype 1 (Low PrgC)"": 0.9248, ""Defender Archetype 2 (High xAG)"": 0.0012, ""Defender Archetype 3 (Low npxG)"": 0.0739}",-1.856,-0.473
Oier Zarraga,es ESP,1999.0,896,22,1,0,0.4,0.4,6,28,7,19,2,2,25.0,Udinese,it Serie A,MF,Midfielder,0.04,0.04,0.603,2.812,0.703,1.908,0.201,0.201,20.8,16.4,19.7,14.9,16.3,52.2,3.8,8.5,oier_zarraga_es_esp_1999_0,Oier Zarraga,896,-0.6636655258248185,-0.7127066067281752,-0.5134611552261554,-0.4724723849594967,-0.7738716260446473,0.3209250362387824,-1.2447442613472324,-0.8368952277680721,1,Box-to-Box / Pressing Engine,"{""Midfielder Archetype 1 (Low xAG)"": 0.9943, ""Midfielder Archetype 2 (High xAG)"": 0.0057}",-1.091,-0.79
Oihan Sancet,es ESP,2000.0,1620,29,15,1,7.3,1.9,21,90,52,13,5,24,24.0,Athletic Club,es La Liga,MF,Midfielder,0.406,0.106,1.167,5.0,2.889,0.722,0.278,1.333,98.8,55.2,59.2,67.2,88.6,2.8,7.5,82.6,oihan_sancet_es_esp_2000_0,Oihan Sancet,1620,1.9980672819728909,0.08534657086209452,0.360030617733565,0.8068461232777984,0.9086605289268673,-1.2247263916113718,-1.0857833595650428,0.9193513355590652,0,Deep-Lying Playmaker,"{""Midfielder Archetype 1 (Low xAG)"": 0.0, ""Midfielder Archetype 2 (High xAG)"": 1.0}",2.223,-1.018
Ola Aina,ng NGA,1996.0,2995,35,2,1,0.6,1.4,16,107,67,55,33,33,27.0,Nott'ham Forest,eng Premier League,DF,Defender,0.018,0.042,0.481,3.215,2.013,1.653,0.992,0.992,22.7,54.0,57.6,46.5,79.0,48.4,49.0,90.6,ola_aina_ng_nga_1996_0,Ola Aina,2995,-0.8236603940530962,-0.6885231771042276,-0.7024079571784354,-0.23683922279330388,0.23441617039299417,-0.011403053223097192,0.3882177296879875,0.3903053301751837,1,Stopper / Defensive Destroyer,"{""Defender Archetype 1 (Low PrgC)"": 0.0, ""Defender Archetype 2 (High xAG)"": 0.0355, ""Defender Archetype 3 (Low npxG)"": 0.9645}",-0.778,0.152
Ola Solbakken,no NOR,1998.0,760,21,0,0,0.8,0.4,9,20,18,7,2,7,25.0,Empoli,it Serie A,"MF,FW",Midfielder,0.095,0.047,1.066,2.368,2.132,0.829,0.237,0.829,55.1,21.0,52.7,8.0,71.8,5.0,5.2,60.0,ola_solbakken_no_nor_1998_0,Ola Solbakken,760,-0.2636783552541246,-0.6280646030443587,0.20360744562553,-0.732078151713317,0.3260087259472534,-1.0852789187783478,-1.170424878695819,0.1374182366925658,0,Deep-Lying Playmaker,"{""Midfielder Archetype 1 (Low xAG)"": 0.3384, ""Midfielder Archetype 2 (High xAG)"": 0.6616}",0.458,-1.281
Oladapo Afolayan,eng ENG,1998.0,1639,32,3,1,3.1,3.8,21,32,53,17,8,48,26.0,St. Pauli,de Bundesliga,"FW,MF",Forward,0.17,0.209,1.153,1.757,2.91,0.933,0.439,2.636,20.5,80.4,49.7,32.6,65.2,45.7,74.5,96.5,oladapo_afolayan_eng_eng_1998_0,Oladapo Afolayan,1639,0.2817586955240946,1.3307931964953943,0.33834819783740167,-1.0893284298362544,0.9248239210835015,-0.949741188174287,-0.7534105649295555,2.940896628858765,1,Dynamic Winger / Dribbler,"{""Forward Archetype 1 (Low PrgC)"": 0.0001, ""Forward Archetype 2 (High PrgC)"": 0.9999}",2.778,-0.591
Olasagasti,es ESP,2000.0,857,22,1,1,0.9,0.8,6,38,11,21,15,3,23.0,Real Sociedad,es La Liga,MF,Midfielder,0.095,0.084,0.63,3.991,1.155,2.205,1.575,0.315,55.1,45.4,22.1,42.0,38.0,66.0,93.4,16.7,olasagasti_es_esp_2000_0,Olasagasti,857,-0.2636783552541246,-0.18067115500132863,-0.4716450597121263,0.21688617135301294,-0.4259738520066213,0.7079895169061484,1.5917788431817081,-0.6600294077863641,1,Box-to-Box / Pressing Engine,"{""Midfielder Archetype 1 (Low xAG)"": 0.9997, ""Midfielder Archetype 2 (High xAG)"": 0.0003}",-1.474,0.88
Oleksandr Zinchenko,ua UKR,1996.0,527,15,0,1,0.6,0.2,3,48,10,6,5,3,27.0,Arsenal,eng Premier League,"DF,MF",Defender,0.102,0.034,0.512,8.197,1.708,1.025,0.854,0.512,91.6,48.3,60.0,99.5,71.4,10.3,33.7,69.3,oleksandr_zinchenko_ua_ukr_1996_0,Oleksandr Zinchenko,527,-0.21277089718149086,-0.7852568956000179,-0.6543968845512167,2.676124583439878,-0.0003378585485940683,-0.8298424264860795,0.10332676285756988,-0.35439285922148234,1,Stopper / Defensive Destroyer,"{""Defender Archetype 1 (Low PrgC)"": 0.8578, ""Defender Archetype 2 (High xAG)"": 0.1392, ""Defender Archetype 3 (Low npxG)"": 0.003}",-0.597,0.804
Oliver Burke,sct SCO,1997.0,908,25,5,0,4.1,1.7,14,15,22,11,2,7,27.0,Werder Bremen,de Bundesliga,FW,Forward,0.406,0.169,1.388,1.487,2.181,1.09,0.198,0.694,80.2,65.4,64.7,23.3,50.8,54.4,32.8,34.6,oliver_burke_sct_sco_1997_0,Oliver Burke,908,1.9980672819728909,0.8471246040164431,0.702303103237285,-1.247196801510875,0.36372330764606586,-0.7451313448585414,-1.25093754323485,-0.07202812907524656,0,Clinical Finisher / Poacher,"{""Forward Archetype 1 (Low PrgC)"": 0.9937, ""Forward Archetype 2 (High PrgC)"": 0.0063}",1.947,-1.967
Oliver McBurnie,sct SCO,1996.0,1837,34,3,6,4.8,2.8,24,27,7,15,6,16,28.0,Las Palmas,es La Liga,FW,Forward,0.235,0.137,1.176,1.323,0.343,0.735,0.294,0.784,41.7,52.1,51.3,18.6,2.0,34.8,50.8,41.9,oliver_mcburnie_sct_sco_1996_0,Oliver McBurnie,1837,0.754470806198551,0.460189730033282,0.3739693162382412,-1.3430872198613852,-1.0509583487298007,-1.2077841752858642,-1.0527525228310814,0.06760278143662847,0,Clinical Finisher / Poacher,"{""Forward Archetype 1 (Low PrgC)"": 0.9889, ""Forward Archetype 2 (High PrgC)"": 0.0111}",0.687,-2.058
Oliver Scarles,eng ENG,2005.0,665,15,0,0,0.1,0.1,2,22,12,21,11,2,18.0,West Ham,eng Premier League,"DF,FW",Defender,0.014,0.014,0.271,2.977,1.624,2.842,1.489,0.271,16.6,25.9,34.5,38.8,68.2,94.5,85.8,44.7,oliver_scarles_eng_eng_2005_0,Oliver Scarles,665,-0.8527503700946013,-1.0270911918394936,-1.0276442556208845,-0.3759972689361175,-0.06499142717512975,1.5381581168560206,1.4142380957366656,-0.7282934084810584,1,Stopper / Defensive Destroyer,"{""Defender Archetype 1 (Low PrgC)"": 0.0055, ""Defender Archetype 2 (High xAG)"": 0.0254, ""Defender Archetype 3 (Low npxG)"": 0.9691}",-2.287,0.933
Oliver Skipp,eng ENG,2000.0,1129,24,0,0,0.4,0.3,9,35,16,21,11,7,23.0,Leicester City,eng Premier League,MF,Midfielder,0.032,0.024,0.717,2.79,1.275,1.674,0.877,0.558,14.1,8.6,28.5,14.6,45.6,38.1,56.9,37.5,oliver_skipp_eng_eng_2000_0,Oliver Skipp,1129,-0.7218454779078287,-0.9061740437197559,-0.3369043075002546,-0.48533573376261385,-0.3336116111115702,0.015965142379645723,0.15080859066263952,-0.28302594940430176,1,Box-to-Box / Pressing Engine,"{""Midfielder Archetype 1 (Low xAG)"": 0.9817, ""Midfielder Archetype 2 (High xAG)"": 0.0183}",-1.132,-0.244
Ollie Watkins,eng ENG,1995.0,2598,38,16,8,13.8,3.3,24,31,55,10,8,10,28.0,Aston Villa,eng Premier League,FW,Forward,0.478,0.114,0.831,1.074,1.905,0.346,0.277,0.346,87.6,41.6,25.5,10.0,44.9,8.6,47.2,10.6,ollie_watkins_eng_eng_1995_0,Ollie Watkins,2598,2.521686850719981,0.18208028935788487,-0.16034745977435366,-1.4886769404057574,0.15129015358744824,-1.7147474176414375,-1.0878477868609153,-0.6119343163878295,0,Clinical Finisher / Poacher,"{""Forward Archetype 1 (Low PrgC)"": 0.9996, ""Forward Archetype 2 (High PrgC)"": 0.0004}",1.219,-3.181
Omar Alderete,py PAR,1996.0,2971,34,1,0,1.7,0.9,11,112,25,43,40,18,27.0,Getafe,es La Liga,DF,Defender,0.051,0.027,0.333,3.393,0.757,1.303,1.212,0.545,62.4,41.0,42.4,52.4,38.6,24.7,69.7,72.4,omar_alderete_py_par_1996_0,Omar Alderete,2971,-0.5836680917106799,-0.8698988992838345,-0.9316221103664472,-0.1327630370226282,-0.7323086176418742,-0.4675396466021479,0.8423917347799575,-0.3031948587004615,1,Stopper / Defensive Destroyer,"{""Defender Archetype 1 (Low PrgC)"": 0.452, ""Defender Archetype 2 (High xAG)"": 0.0034, ""Defender Archetype 3 (Low npxG)"": 0.5446}",-1.645,-0.304
Omar El Hilali,ma MAR,2003.0,3153,36,0,2,0.0,0.8,8,84,35,111,46,17,20.0,Espanyol,es La Liga,DF,Defender,0.0,0.023,0.228,2.398,0.999,3.168,1.313,0.485,2.6,36.0,27.3,21.2,49.5,97.1,76.7,67.7,omar_el_hilali_ma_mar_2003_0,Omar El Hilali,3153,-0.9545652862398688,-0.9182657585317296,-1.0942402595876717,-0.714537221527248,-0.5460447651701877,1.963016772403365,1.0508988916630893,-0.39628213237504484,1,Stopper / Defensive Destroyer,"{""Defender Archetype 1 (Low PrgC)"": 0.0278, ""Defender Archetype 2 (High xAG)"": 0.0107, ""Defender Archetype 3 (Low npxG)"": 0.9615}",-2.342,0.841
Omar Marmoush,eg EGY,1999.0,2623,33,22,9,12.8,9.0,49,87,102,25,8,66,25.0,"Manchester City, Eint Frankfurt","eng Premier League, de Bundesliga",FW,Forward,0.439,0.309,1.681,2.985,3.5,0.858,0.274,2.265,83.8,94.2,78.7,71.6,77.2,41.0,46.8,92.2,omar_marmoush_eg_egy_1999_0,Omar Marmoush,2623,2.238059584315307,2.539964677692773,1.1560851767784166,-0.3713196875531658,1.378938272150836,-1.0474847438983692,-1.0940410687485331,2.365306986637592,1,Dynamic Winger / Dribbler,"{""Forward Archetype 1 (Low PrgC)"": 0.028, ""Forward Archetype 2 (High PrgC)"": 0.972}",4.457,-0.763
Omar Mascarell,gq EQG,1993.0,1992,32,1,0,0.5,0.2,3,75,10,27,49,10,31.0,Mallorca,es La Liga,MF,Midfielder,0.023,0.009,0.136,3.389,0.452,1.22,2.214,0.452,8.5,1.7,0.5,27.4,7.0,15.3,99.7,28.3,omar_mascarell_gq_eqg_1993_0,Omar Mascarell,1992,-0.787297924001215,-1.0875497658993627,-1.2367247331910303,-0.13510182771410406,-0.9670626465834625,-0.5757091816034656,2.9109478852442945,-0.4474801328960656,1,Box-to-Box / Pressing Engine,"{""Midfielder Archetype 1 (Low xAG)"": 1.0, ""Midfielder Archetype 2 (High xAG)"": 0.0}",-2.788,0.327
Omar Traoré,de GER,1998.0,2616,30,0,1,0.5,1.6,20,117,103,50,21,25,26.0,Heidenheim,de Bundesliga,DF,Defender,0.017,0.055,0.688,4.025,3.544,1.72,0.722,0.86,21.3,61.1,68.4,69.1,97.3,51.0,21.3,87.4,omar_traor__de_ger_1998_0,Omar Traoré,2616,-0.8309328880634725,-0.5313308845485685,-0.38181789157087853,0.23676589223055788,1.4128044271456883,0.07591452322374957,-0.1691776401976122,0.18551332809110052,0,Ball-Playing Defender,"{""Defender Archetype 1 (Low PrgC)"": 0.0, ""Defender Archetype 2 (High xAG)"": 0.2233, ""Defender Archetype 3 (Low npxG)"": 0.7767}",0.056,0.526
Omari Hutchinson,eng ENG,2003.0,2583,31,3,2,2.9,3.5,31,75,97,32,11,51,20.0,Ipswich Town,eng Premier League,"MF,FW",Midfielder,0.101,0.122,1.08,2.613,3.38,1.115,0.383,1.777,57.1,62.2,53.4,11.6,92.4,12.3,14.0,92.0,omari_hutchinson_eng_eng_2003_0,Omari Hutchinson,2583,-0.22004339119186703,0.27881400785367505,0.22528986552169328,-0.5888272218604206,1.286576031255785,-0.7125501596171807,-0.8690184934984206,1.6081971607509813,0,Deep-Lying Playmaker,"{""Midfielder Archetype 1 (Low xAG)"": 0.0001, ""Midfielder Archetype 2 (High xAG)"": 0.9999}",1.735,-0.375
Ondrej Duda,sk SVK,1994.0,2395,28,1,3,1.0,3.2,32,117,23,46,31,25,29.0,Hellas Verona,it Serie A,MF,Midfielder,0.038,0.12,1.203,4.397,0.864,1.729,1.165,0.939,19.7,61.2,60.9,52.9,23.1,41.3,76.0,66.6,ondrej_duda_sk_svk_1994_0,Ondrej Duda,2395,-0.6782105138455711,0.25463057822972746,0.4157854117522706,0.4542734265378127,-0.6499522861771203,0.0876437499106396,0.7453636518739459,0.30807823842930177,1,Box-to-Box / Pressing Engine,"{""Midfielder Archetype 1 (Low xAG)"": 0.9456, ""Midfielder Archetype 2 (High xAG)"": 0.0544}",-0.312,0.916
Orel Mangala,be BEL,1998.0,1328,20,1,0,1.2000000000000002,0.6,9,41,7,17,21,14,26.0,"Everton, Lyon","eng Premier League, fr Ligue 1",MF,Midfielder,0.081,0.041,0.61,2.779,0.474,1.152,1.423,0.949,46.9,17.1,20.3,14.4,7.3,12.9,88.9,67.7,orel_mangala_be_bel_1998_0,Orel Mangala,1328,-0.36549327139939214,-0.7006148919162014,-0.5026199452780739,-0.4917674081641725,-0.9501295690860365,-0.6643300054599669,1.2779858942090745,0.3235927840417323,1,Box-to-Box / Pressing Engine,"{""Midfielder Archetype 1 (Low xAG)"": 0.999, ""Midfielder Archetype 2 (High xAG)"": 0.001}",-1.283,-0.344
Oriol Romeu,es ESP,1991.0,1356,25,0,0,0.1,0.3,8,73,22,38,12,4,32.0,Girona,es La Liga,MF,Midfielder,0.007,0.02,0.531,4.845,1.46,2.522,0.796,0.265,1.2,6.7,13.8,64.3,52.2,78.7,50.3,13.6,oriol_romeu_es_esp_1991_0,Oriol Romeu,1356,-0.903657828167235,-0.9545409029676508,-0.6249707432635665,0.7162179839831087,-0.19121982306503307,1.1211189457666024,-0.0164100203030403,-0.7376021358485167,1,Box-to-Box / Pressing Engine,"{""Midfielder Archetype 1 (Low xAG)"": 0.9896, ""Midfielder Archetype 2 (High xAG)"": 0.0104}",-1.527,0.875
Orri Steinn Óskarsson,is ISL,2004.0,944,23,3,0,5.2,0.2,5,9,6,6,2,2,19.0,Real Sociedad,es La Liga,FW,Forward,0.496,0.019,0.477,0.858,0.572,0.572,0.191,0.191,89.8,2.4,5.5,4.4,6.2,22.3,30.9,4.0,orri_steinn__skarsson_is_isl_2004_0,Orri Steinn Óskarsson,944,2.6525917429067536,-0.9666326177796246,-0.7086029342916249,-1.6149716377454537,-0.8747004056884113,-1.4202135030595362,-1.2653885343059583,-0.8524097733805027,0,Clinical Finisher / Poacher,"{""Forward Archetype 1 (Low PrgC)"": 1.0, ""Forward Archetype 2 (High PrgC)"": 0.0}",-0.038,-3.756
Osame Sahraoui,ma MAR,2001.0,1293,30,3,3,2.9,3.6,29,89,69,13,7,35,23.0,Lille,fr Ligue 1,"FW,MF",Forward,0.202,0.251,2.019,6.195,4.803,0.905,0.487,2.436,28.9,88.5,90.2,96.7,90.7,43.9,80.3,94.0,osame_sahraoui_ma_mar_2001_0,Osame Sahraoui,1293,0.5144785038561348,1.8386452185982933,1.6795607428429298,1.5055598423562115,2.3818382712029327,-0.986232115644611,-0.6543180547276711,2.630605716610154,1,Dynamic Winger / Dribbler,"{""Forward Archetype 1 (Low PrgC)"": 0.0, ""Forward Archetype 2 (High PrgC)"": 1.0}",4.301,1.352
Oscar Højlund,dk DEN,2005.0,722,20,1,0,1.0,1.1,6,49,17,21,5,8,19.0,Eint Frankfurt,de Bundesliga,MF,Midfielder,0.125,0.137,0.748,6.108,2.119,2.618,0.623,0.997,67.3,68.0,30.8,83.1,71.3,81.6,35.3,70.5,oscar_h_jlund_dk_den_2005_0,Oscar Højlund,722,-0.04550353494283696,0.460189730033282,-0.28889323487303586,1.454691144816611,0.3160028165169562,1.2462306970934278,-0.3735559424889987,0.398062602981399,1,Box-to-Box / Pressing Engine,"{""Midfielder Archetype 1 (Low xAG)"": 0.408, ""Midfielder Archetype 2 (High xAG)"": 0.592}",0.356,1.437
Oumar Diakité,ci CIV,2003.0,1628,26,4,1,4.7,1.1,11,44,24,20,3,20,20.0,Reims,fr Ligue 1,FW,Forward,0.26,0.061,0.608,2.432,1.327,1.106,0.166,1.106,50.0,13.4,12.4,57.6,28.4,57.4,27.1,56.3,oumar_diakit__ci_civ_2003_0,Oumar Diakité,1628,0.9362831564579576,-0.45878059567672574,-0.5057174338346686,-0.6946575006497033,-0.2935879733903814,-0.7242793863040705,-1.3169992167027729,0.567171150156892,0,Clinical Finisher / Poacher,"{""Forward Archetype 1 (Low PrgC)"": 0.9833, ""Forward Archetype 2 (High PrgC)"": 0.0167}",0.501,-1.791
Oumar Solet,fr FRA,2000.0,1672,19,1,2,0.8,1.2,17,65,20,33,17,25,24.0,Udinese,it Serie A,DF,Defender,0.043,0.065,0.915,3.499,1.077,1.776,0.915,1.346,54.1,67.4,77.9,55.6,52.1,54.1,40.3,96.3,oumar_solet_fr_fra_2000_0,Oumar Solet,1672,-0.6418480437936899,-0.4104137364288306,-0.03025294039737391,-0.07078508369851774,-0.4860093085884046,0.14889637816439774,0.22925682790579807,0.9395202448552251,0,Ball-Playing Defender,"{""Defender Archetype 1 (Low PrgC)"": 0.0, ""Defender Archetype 2 (High xAG)"": 0.9663, ""Defender Archetype 3 (Low npxG)"": 0.0337}",-0.344,0.352
Ousmane Dembélé,fr FRA,1997.0,1730,29,21,6,15.8,8.2,63,137,127,11,9,42,27.0,Paris S-G,fr Ligue 1,FW,Forward,0.822,0.427,3.277,7.127,6.607,0.572,0.468,2.185,99.3,98.7,99.6,99.3,98.0,22.3,78.7,90.7,ousmane_demb_l__fr_fra_1997_0,Ousmane Dembélé,1730,5.023424790289412,3.9667870255056794,3.6278810449410295,2.050498073470086,3.7703506259918687,-1.4202135030595362,-0.6935421733492503,2.2411906217381476,1,Dynamic Winger / Dribbler,"{""Forward Archetype 1 (Low PrgC)"": 0.0, ""Forward Archetype 2 (High PrgC)"": 1.0}",8.139,0.618
Oussama Targhalline,ma MAR,2002.0,990,14,0,0,0.1,0.7,6,66,25,19,19,5,22.0,Le Havre,fr Ligue 1,MF,Midfielder,0.009,0.064,0.545,6.0,2.273,1.727,1.727,0.455,2.0,32.6,14.6,81.6,76.3,41.1,96.4,28.9,oussama_targhalline_ma_mar_2002_0,Oussama Targhalline,990,-0.8891128401464826,-0.42250545124080435,-0.6032883233674032,1.3915437961467632,0.43453435899893844,0.08503725509133074,1.9055717921543425,-0.4428257692123364,1,Box-to-Box / Pressing Engine,"{""Midfielder Archetype 1 (Low xAG)"": 0.9955, ""Midfielder Archetype 2 (High xAG)"": 0.0045}",-1.321,1.668
Pablo Barrios,es ESP,2003.0,2330,31,1,4,1.3,2.4,26,142,29,46,34,25,21.0,Atlético Madrid,es La Liga,MF,Midfielder,0.05,0.093,1.004,5.485,1.12,1.777,1.313,0.966,27.4,49.8,49.7,74.5,36.3,45.1,82.1,68.8,pablo_barrios_es_esp_2003_0,Pablo Barrios,2330,-0.590940585721056,-0.07184572169356465,0.10758530037109255,1.0904244946192465,-0.4529128389343445,0.150199625574052,1.0508988916630893,0.34996751158286427,1,Box-to-Box / Pressing Engine,"{""Midfielder Archetype 1 (Low xAG)"": 0.9956, ""Midfielder Archetype 2 (High xAG)"": 0.0044}",-0.547,1.284
Pablo Durán,es ESP,2001.0,1394,27,4,4,3.6,2.8,17,30,24,17,8,12,23.0,Celta Vigo,es La Liga,"FW,MF",Forward,0.232,0.181,1.098,1.937,1.549,1.098,0.516,0.775,40.4,71.1,45.2,40.8,36.1,56.2,82.9,41.5,pablo_dur_n_es_esp_2001_0,Pablo Durán,1394,0.7326533241674225,0.9922251817601283,0.25316726253104604,-0.9840828487198408,-0.12271782773453684,-0.734705365581306,-0.5944496631473659,0.05363969038544096,0,Clinical Finisher / Poacher,"{""Forward Archetype 1 (Low PrgC)"": 0.9195, ""Forward Archetype 2 (High PrgC)"": 0.0805}",1.041,-1.213
Pablo Fornals,es ESP,1996.0,1827,26,2,0,1.8,3.3,36,146,32,21,23,8,28.0,Betis,es La Liga,"MF,FW",Midfielder,0.089,0.163,1.773,7.192,1.576,1.034,1.133,0.394,51.5,76.7,84.2,93.0,57.0,10.4,74.2,21.8,pablo_fornals_es_esp_1996_0,Pablo Fornals,1827,-0.30731331931638217,0.7745743151446003,1.298569650381775,2.0885034222065695,-0.10193632353315023,-0.8181131997991895,0.6793019784060229,-0.5374644974481627,0,Deep-Lying Playmaker,"{""Midfielder Archetype 1 (Low xAG)"": 0.8168, ""Midfielder Archetype 2 (High xAG)"": 0.1832}",0.605,1.431
Pablo Ibáñez,es ESP,1998.0,1294,28,1,1,1.6,1.6,6,51,21,20,18,13,25.0,Osasuna,es La Liga,MF,Midfielder,0.111,0.111,0.417,3.547,1.461,1.391,1.252,0.904,62.5,58.0,9.6,31.5,52.4,23.2,80.6,64.7,pablo_ib__ez_es_esp_1998_0,Pablo Ibáñez,1294,-0.1473184510881045,0.1458051449219635,-0.8015275909894674,-0.04271959540080741,-0.19045013772424088,-0.35285387455255796,0.9249688266148614,0.25377732878579495,1,Box-to-Box / Pressing Engine,"{""Midfielder Archetype 1 (Low xAG)"": 0.8888, ""Midfielder Archetype 2 (High xAG)"": 0.1112}",-0.573,0.041
Pablo Maffeo,es ESP,1997.0,2368,30,0,2,0.3,4.1,29,74,46,60,25,40,27.0,Mallorca,es La Liga,DF,Defender,0.011,0.156,1.102,2.812,1.748,2.28,0.95,1.52,12.6,91.8,85.3,33.6,72.8,79.6,44.0,97.2,pablo_maffeo_es_esp_1997_0,Pablo Maffeo,2368,-0.8745678521257301,0.6899323114607838,0.2593622396442356,-0.4724723849594967,0.030449555083089667,0.8057330726302303,0.3015117832613386,1.2094733385115164,0,Ball-Playing Defender,"{""Defender Archetype 1 (Low PrgC)"": 0.0, ""Defender Archetype 2 (High xAG)"": 1.0, ""Defender Archetype 3 (Low npxG)"": 0.0}",0.378,0.983
Pablo Marí,es ESP,1993.0,2726,32,0,0,0.3,0.1,3,85,7,40,62,6,30.0,"Monza, Fiorentina",it Serie A,DF,Defender,0.01,0.003,0.099,2.806,0.231,1.321,2.047,0.198,11.0,9.0,9.4,32.9,8.6,25.9,98.1,34.6,pablo_mar__es_esp_1993_0,Pablo Marí,2726,-0.8818403461361063,-1.1601000547712053,-1.2940282714880331,-0.4759805709967104,-1.1371631068985149,-0.44408119322836814,2.5661885268335722,-0.8415495914518015,1,Stopper / Defensive Destroyer,"{""Defender Archetype 1 (Low PrgC)"": 0.9944, ""Defender Archetype 2 (High xAG)"": 0.0, ""Defender Archetype 3 (Low npxG)"": 0.0056}",-3.032,0.007
Pablo Marín,es ESP,2003.0,1239,23,1,2,1.4,1.0,14,45,20,25,5,20,21.0,Real Sociedad,es La Liga,MF,Midfielder,0.102,0.073,1.017,3.269,1.453,1.816,0.363,1.453,57.9,38.4,50.9,24.9,51.7,48.1,11.8,85.2,pablo_mar_n_es_esp_2003_0,Pablo Marín,1239,-0.21277089718149086,-0.3136800179330404,0.1277189759889583,-0.20526554845837963,-0.19660762045057764,0.20102627455057498,-0.9103070394158725,1.105525882908232,1,Box-to-Box / Pressing Engine,"{""Midfielder Archetype 1 (Low xAG)"": 0.627, ""Midfielder Archetype 2 (High xAG)"": 0.373}",0.468,-0.167
Pablo Rosario,do DOM,1997.0,1775,29,3,1,3.0,0.6,16,89,17,30,31,9,27.0,Nice,fr Ligue 1,"MF,DF",Midfielder,0.152,0.03,0.811,4.513,0.862,1.521,1.572,0.456,75.7,10.8,35.7,56.2,22.7,30.0,93.2,29.0,pablo_rosario_do_dom_1997_0,Pablo Rosario,1775,0.1508538033373219,-0.8336237548479131,-0.19132234534030104,0.5220983565906124,-0.6514916568587045,-0.18343171129748215,1.5855855612940908,-0.4412743146510934,1,Box-to-Box / Pressing Engine,"{""Midfielder Archetype 1 (Low xAG)"": 0.9979, ""Midfielder Archetype 2 (High xAG)"": 0.0021}",-1.348,0.358
Pablo Sarabia,es ESP,1992.0,814,23,3,2,2.9,1.8,15,60,15,16,4,6,32.0,Wolves,eng Premier League,"MF,FW",Midfielder,0.321,0.199,1.658,6.634,1.658,1.769,0.442,0.663,95.8,85.7,80.3,88.1,60.7,44.3,18.8,45.4,pablo_sarabia_es_esp_1992_0,Pablo Sarabia,814,1.379905291090909,1.2098760483756565,1.1204640583775767,1.762242120745687,-0.03882212558819874,0.13977364629681657,-0.7472172830419377,-0.1201232204737811,0,Deep-Lying Playmaker,"{""Midfielder Archetype 1 (Low xAG)"": 0.0, ""Midfielder Archetype 2 (High xAG)"": 1.0}",1.759,0.645
Pape Gueye,sn SEN,1999.0,2224,34,4,0,3.4,1.1,17,156,36,54,27,11,25.0,Villarreal,es La Liga,MF,Midfielder,0.138,0.045,0.688,6.313,1.457,2.185,1.093,0.445,70.6,19.3,26.4,84.9,52.1,64.8,71.2,26.9,pape_gueye_sn_sen_1999_0,Pape Gueye,2224,0.04903888719205444,-0.6522480326683063,-0.38181789157087853,1.574554167754749,-0.19352887908740926,0.6819245687130597,0.5967248865711192,-0.458340314824767,1,Box-to-Box / Pressing Engine,"{""Midfielder Archetype 1 (Low xAG)"": 0.9211, ""Midfielder Archetype 2 (High xAG)"": 0.0789}",-0.948,1.111
Pape Matar Sarr,sn SEN,2002.0,1913,36,3,2,3.7,1.6,15,88,33,49,30,11,21.0,Tottenham,eng Premier League,MF,Midfielder,0.174,0.075,0.706,4.14,1.553,2.305,1.411,0.518,79.9,39.6,27.5,46.3,55.9,71.1,88.6,33.2,pape_matar_sarr_sn_sen_2002_0,Pape Matar Sarr,1913,0.3108486715655994,-0.2894965883090928,-0.3539404945615257,0.3040061246104884,-0.11963908637136846,0.8383142578715915,1.2532127666586035,-0.34508413185402403,1,Box-to-Box / Pressing Engine,"{""Midfielder Archetype 1 (Low xAG)"": 0.9777, ""Midfielder Archetype 2 (High xAG)"": 0.0223}",-0.933,0.744
Pascal Groß,de GER,1991.0,2327,30,0,9,2.4,5.1,57,178,41,44,9,3,33.0,Dortmund,de Bundesliga,"MF,DF",Midfielder,0.093,0.197,2.205,6.884,1.586,1.702,0.348,0.116,53.7,85.2,93.9,90.4,57.8,39.7,10.4,3.2,pascal_gro__de_ger_1991_0,Pascal Groß,2327,-0.27822334327487713,1.185692618751709,1.9676271786062418,1.9084165389629282,-0.09423947012522929,0.052456069849969804,-0.9412734488539614,-0.9687688654737319,0,Deep-Lying Playmaker,"{""Midfielder Archetype 1 (Low xAG)"": 0.0722, ""Midfielder Archetype 2 (High xAG)"": 0.9278}",1.32,1.333
Pasquale Mazzocchi,it ITA,1995.0,702,20,0,0,0.3,0.4,5,23,20,15,5,10,29.0,Napoli,it Serie A,"DF,FW",Defender,0.038,0.051,0.641,2.949,2.564,1.923,0.641,1.282,47.0,58.6,66.6,37.6,90.9,62.7,15.8,95.7,pasquale_mazzocchi_it_ita_1995_0,Pasquale Mazzocchi,702,-0.6782105138455711,-0.5796977437964637,-0.4546088726508551,-0.39236880377644856,0.6585127931694373,0.340473747383599,-0.336396251163292,0.8402271529356695,0,Ball-Playing Defender,"{""Defender Archetype 1 (Low PrgC)"": 0.0, ""Defender Archetype 2 (High xAG)"": 0.2013, ""Defender Archetype 3 (Low npxG)"": 0.7987}",-0.034,0.134
Pathé Ciss,sn SEN,1994.0,2140,33,4,1,1.7,1.1,16,128,19,49,40,14,30.0,Rayo Vallecano,es La Liga,"MF,DF",Midfielder,0.071,0.046,0.673,5.383,0.799,2.061,1.682,0.589,40.0,20.1,25.5,73.5,19.6,59.2,95.9,40.5,path__ciss_sn_sen_1994_0,Pathé Ciss,2140,-0.43821821150315476,-0.6401563178563325,-0.405049055745339,1.0307853319866118,-0.6999818333286063,0.5203218899159102,1.8126725638400756,-0.23493085800576724,1,Box-to-Box / Pressing Engine,"{""Midfielder Archetype 1 (Low xAG)"": 1.0, ""Midfielder Archetype 2 (High xAG)"": 0.0}",-1.652,1.325
Patric,es ESP,1993.0,607,10,1,0,1.1,0.0,1,30,4,9,3,0,31.0,Lazio,it Serie A,DF,Defender,0.163,0.0,0.148,4.448,0.593,1.334,0.445,0.0,98.5,4.3,15.8,78.1,28.4,26.5,4.4,4.3,patric_es_esp_1993_0,Patric,607,0.23085123745146077,-1.1963751992071265,-1.2181398018514618,0.48409300785413,-0.8585370135317775,-0.4271389769028604,-0.74102400115432,-1.1487375945779261,1,Stopper / Defensive Destroyer,"{""Defender Archetype 1 (Low PrgC)"": 0.8855, ""Defender Archetype 2 (High xAG)"": 0.1145, ""Defender Archetype 3 (Low npxG)"": 0.0}",-1.487,-1.136
Patrick Ciurria,it ITA,1995.0,1111,21,1,1,0.8,2.3,13,27,19,22,6,5,29.0,Monza,it Serie A,"MF,DF",Midfielder,0.065,0.186,1.053,2.187,1.539,1.782,0.486,0.405,36.7,83.0,51.9,5.8,55.4,45.6,22.3,23.2,patrick_ciurria_it_ita_1995_0,Patrick Ciurria,1111,-0.48185317556541224,1.0526837558199973,0.1834737700076639,-0.8379084305025997,-0.13041468114245777,0.15671586262232431,-0.6563824820235438,-0.5203984972744892,1,Box-to-Box / Pressing Engine,"{""Midfielder Archetype 1 (Low xAG)"": 0.0047, ""Midfielder Archetype 2 (High xAG)"": 0.9953}",0.29,-0.297
Patrick Cutrone,it ITA,1998.0,2047,33,7,4,6.3,2.1,19,31,53,16,5,9,26.0,Como,it Serie A,FW,Forward,0.277,0.092,0.835,1.363,2.33,0.703,0.22,0.396,54.8,30.2,26.2,19.5,54.5,32.8,36.7,14.1,patrick_cutrone_it_ita_1998_0,Patrick Cutrone,2047,1.059915554634354,-0.08393743650553845,-0.15415248266116413,-1.3196993129466266,0.4784064234240877,-1.249488092394806,-1.205520142725653,-0.5343615883256766,0,Clinical Finisher / Poacher,"{""Forward Archetype 1 (Low PrgC)"": 0.9847, ""Forward Archetype 2 (High PrgC)"": 0.0153}",0.772,-2.285
Patrick Dorgu,dk DEN,2004.0,2682,33,3,1,3.7,2.2,31,88,109,76,22,16,19.0,"Manchester Utd, Lecce","eng Premier League, it Serie A","DF,FW",Defender,0.124,0.074,1.04,2.953,3.658,2.55,0.738,0.537,95.5,70.9,83.0,37.8,97.7,88.5,23.3,71.6,patrick_dorgu_dk_den_2004_0,Patrick Dorgu,2682,-0.05277602895321322,-0.3015883031210666,0.16334009438979816,-0.3900300130849727,1.5005485559959868,1.1576098732369264,-0.1361468034636507,-0.31560649519040596,0,Ball-Playing Defender,"{""Defender Archetype 1 (Low PrgC)"": 0.0, ""Defender Archetype 2 (High xAG)"": 1.0, ""Defender Archetype 3 (Low npxG)"": 0.0}",0.255,0.56
Patrick Erras,de GER,1995.0,832,10,1,0,0.9,0.1,3,25,3,8,9,0,29.0,Holstein Kiel,de Bundesliga,DF,Defender,0.097,0.011,0.325,2.704,0.325,0.865,0.974,0.0,90.3,20.6,41.7,29.7,14.1,4.8,46.7,4.3,patrick_erras_de_ger_1995_0,Patrick Erras,832,-0.2491333672333721,-1.063366336275415,-0.9440120645928262,-0.5356197336293447,-1.0648126848640582,-1.0383620120307884,0.35105803836228083,-1.1487375945779261,1,Stopper / Defensive Destroyer,"{""Defender Archetype 1 (Low PrgC)"": 0.9987, ""Defender Archetype 2 (High xAG)"": 0.0012, ""Defender Archetype 3 (Low npxG)"": 0.0001}",-1.87,-1.352
Patrick Mainka,de GER,1994.0,3060,34,1,1,1.9,0.3,7,102,21,58,68,6,29.0,Heidenheim,de Bundesliga,DF,Defender,0.056,0.009,0.206,3.0,0.618,1.706,2.0,0.176,67.6,17.1,24.3,39.6,30.6,50.5,97.3,32.1,patrick_mainka_de_ger_1994_0,Patrick Mainka,3060,-0.5473056216587986,-1.0875497658993627,-1.128312633710214,-0.3625492224601312,-0.8392948800119752,0.057669059488587526,2.46916044392756,-0.8756815917991487,1,Stopper / Defensive Destroyer,"{""Defender Archetype 1 (Low PrgC)"": 0.9983, ""Defender Archetype 2 (High xAG)"": 0.0, ""Defender Archetype 3 (Low npxG)"": 0.0017}",-2.752,0.257
Patrick Osterhage,de GER,2000.0,2267,30,1,0,1.7,1.4,16,73,26,45,18,11,24.0,Freiburg,de Bundesliga,MF,Midfielder,0.067,0.056,0.635,2.898,1.032,1.787,0.715,0.437,37.1,26.5,22.6,17.0,30.8,45.9,42.8,26.0,patrick_osterhage_de_ger_2000_0,Patrick Osterhage,2267,-0.46730818754465975,-0.5192391697365947,-0.46390133832063934,-0.4221883850927656,-0.5206451489240487,0.16323209967059632,-0.18362863126872037,-0.4707519513147114,1,Box-to-Box / Pressing Engine,"{""Midfielder Archetype 1 (Low xAG)"": 0.9904, ""Midfielder Archetype 2 (High xAG)"": 0.0096}",-0.994,-0.383
Patrick Wimmer,at AUT,2001.0,1770,29,3,4,3.7,2.9,24,91,46,47,32,37,23.0,Wolfsburg,de Bundesliga,"MF,FW",Midfielder,0.188,0.147,1.22,4.627,2.339,2.39,1.627,1.881,82.3,72.4,61.2,58.7,78.8,74.6,94.7,94.9,patrick_wimmer_at_aut_2001_0,Patrick Wimmer,1770,0.4126635877108671,0.5811068781530196,0.44211406448332585,0.5887538912976743,0.48533359149121647,0.949090287692218,1.6991290625670832,1.769548435120259,0,Deep-Lying Playmaker,"{""Midfielder Archetype 1 (Low xAG)"": 0.5553, ""Midfielder Archetype 2 (High xAG)"": 0.4447}",0.803,1.826
Patrik Schick,cz CZE,1996.0,1684,31,21,0,11.9,0.6,11,21,7,6,4,10,28.0,Leverkusen,de Bundesliga,FW,Forward,0.636,0.032,0.588,1.122,0.374,0.321,0.214,0.534,96.7,5.2,11.1,12.4,2.7,7.5,35.5,22.9,patrik_schick_cz_cze_1996_0,Patrik Schick,1684,3.6707409043594295,-0.8094403252239655,-0.5366923194006161,-1.4606114521080469,-1.0270981031652457,-1.7473286028827983,-1.2179067065008886,-0.32026085887413513,0,Clinical Finisher / Poacher,"{""Forward Archetype 1 (Low PrgC)"": 1.0, ""Forward Archetype 2 (High PrgC)"": 0.0}",0.635,-4.115
Patrizio Masini,it ITA,2001.0,1538,26,1,0,0.4,0.2,6,44,16,54,15,10,23.0,Genoa,it Serie A,MF,Midfielder,0.023,0.012,0.351,2.575,0.936,3.16,0.878,0.585,8.5,2.7,6.5,10.4,26.2,94.0,57.0,39.8,patrizio_masini_it_ita_2001_0,Patrizio Masini,1538,-0.787297924001215,-1.0512746214634412,-0.9037447133570944,-0.6110457334294411,-0.5945349416400896,1.9525907931261295,0.15287301795851213,-0.24113667625073945,1,Box-to-Box / Pressing Engine,"{""Midfielder Archetype 1 (Low xAG)"": 0.9996, ""Midfielder Archetype 2 (High xAG)"": 0.0004}",-1.909,0.522
Patson Daka,zm ZAM,1998.0,736,23,1,0,1.3,0.1,1,8,11,19,1,2,25.0,Leicester City,eng Premier League,"FW,MF",Forward,0.159,0.012,0.122,0.978,1.345,2.323,0.122,0.245,17.5,1.0,0.2,6.5,28.6,96.3,17.7,5.3,patson_daka_zm_zam_1998_0,Patson Daka,736,0.20176126140995573,-1.0512746214634412,-1.2584071530871936,-1.544807917001178,-0.2797336372561237,0.861772711245371,-1.407834017721167,-0.7686312270733778,0,Clinical Finisher / Poacher,"{""Forward Archetype 1 (Low PrgC)"": 0.007, ""Forward Archetype 2 (High PrgC)"": 0.993}",-1.162,-1.636
Pau Cubarsí,es ESP,2007.0,2618,35,0,3,0.8,1.6,9,191,26,34,16,6,17.0,Barcelona,es La Liga,DF,Defender,0.028,0.055,0.309,6.566,0.894,1.169,0.55,0.206,36.0,61.1,39.8,96.3,45.3,16.8,9.0,35.4,pau_cubars__es_esp_2007_0,Pau Cubarsí,2618,-0.7509354539493337,-0.5313308845485685,-0.9687919730455842,1.7224826789905971,-0.6268617259533575,-0.6421747994958414,-0.5242591350876978,-0.829137954961857,1,Stopper / Defensive Destroyer,"{""Defender Archetype 1 (Low PrgC)"": 0.0168, ""Defender Archetype 2 (High xAG)"": 0.5462, ""Defender Archetype 3 (Low npxG)"": 0.437}",-1.125,0.158
Pau Navarro,es ESP,2005.0,916,17,0,0,0.0,0.0,1,40,3,23,4,3,19.0,Villarreal,es La Liga,DF,Defender,0.0,0.0,0.098,3.93,0.295,2.26,0.393,0.295,2.6,4.3,9.0,65.9,12.6,77.9,3.1,48.4,pau_navarro_es_esp_2005_0,Pau Navarro,916,-0.9545652862398688,-1.1963751992071265,-1.2955770157663307,0.18121961330800612,-1.0879032450878212,0.7796681244371417,-0.8483742205396947,-0.6910584990112252,1,Stopper / Defensive Destroyer,"{""Defender Archetype 1 (Low PrgC)"": 0.9729, ""Defender Archetype 2 (High xAG)"": 0.0007, ""Defender Archetype 3 (Low npxG)"": 0.0264}",-2.005,-0.233
Pau Torres,es ESP,1997.0,2020,24,0,0,0.5,0.1,3,97,40,21,10,15,27.0,Aston Villa,eng Premier League,DF,Defender,0.022,0.004,0.134,4.322,1.782,0.936,0.446,0.668,28.1,10.0,13.9,76.6,74.1,7.4,4.5,79.3,pau_torres_es_esp_1997_0,Pau Torres,2020,-0.7945704180115913,-1.1480083399592313,-1.239822221747625,0.41042110107264024,0.056618856670020846,-0.9458314459453236,-0.7389595738584473,-0.11236594766756583,1,Stopper / Defensive Destroyer,"{""Defender Archetype 1 (Low PrgC)"": 0.002, ""Defender Archetype 2 (High xAG)"": 0.023, ""Defender Archetype 3 (Low npxG)"": 0.975}",-0.912,-0.725
Paul Joly,fr FRA,2000.0,1009,26,0,1,0.6,1.3,16,51,28,49,25,6,24.0,Auxerre,fr Ligue 1,DF,Defender,0.054,0.116,1.427,4.549,2.498,4.371,2.23,0.535,65.7,84.2,92.5,79.9,89.3,99.5,99.3,71.4,paul_joly_fr_fra_2000_0,Paul Joly,1009,-0.5618506096795511,0.20626371898183246,0.7627041300908829,0.5431474728138954,0.6077135606771594,3.5308234062176447,2.943978721978256,-0.3187094043128921,0,Ball-Playing Defender,"{""Defender Archetype 1 (Low PrgC)"": 0.0, ""Defender Archetype 2 (High xAG)"": 0.9486, ""Defender Archetype 3 (Low npxG)"": 0.0514}",-1.195,3.733
Paul Nebel,de GER,2002.0,2345,31,10,4,5.8,4.1,35,91,67,38,13,25,21.0,Mainz 05,de Bundesliga,MF,Midfielder,0.223,0.157,1.343,3.493,2.571,1.458,0.499,0.959,88.5,75.0,67.8,30.2,84.4,25.9,23.2,68.5,paul_nebel_de_ger_2002_0,Paul Nebel,2345,0.667200878074036,0.7020240262727576,0.6326096107139031,-0.07429326973573167,0.6639005905549821,-0.26553629810571117,-0.6295449271772,0.33910732965416285,0,Deep-Lying Playmaker,"{""Midfielder Archetype 1 (Low xAG)"": 0.0026, ""Midfielder Archetype 2 (High xAG)"": 0.9974}",1.49,-0.248
Paul Onuachu,ng NGA,1994.0,1050,25,4,1,3.6,0.5,8,13,7,7,1,8,30.0,Southampton,eng Premier League,FW,Forward,0.309,0.043,0.686,1.114,0.6,0.6,0.086,0.686,63.1,7.5,16.9,11.3,7.1,25.3,12.4,34.1,paul_onuachu_ng_nga_1994_0,Paul Onuachu,1050,1.292635362966394,-0.6764314622922539,-0.3849153801274731,-1.4652890334909987,-0.8531492161462327,-1.3837225755892122,-1.4821534003725805,-0.08443976556519082,0,Clinical Finisher / Poacher,"{""Forward Archetype 1 (Low PrgC)"": 0.9996, ""Forward Archetype 2 (High PrgC)"": 0.0004}",0.196,-2.955
Paul Wanner,de GER,2005.0,1771,29,3,2,2.9,1.3,20,64,28,40,4,25,18.0,Heidenheim,de Bundesliga,"MF,FW",Midfielder,0.147,0.066,1.016,3.252,1.423,2.033,0.203,1.27,73.9,33.8,50.7,24.2,50.2,57.2,4.0,80.4,paul_wanner_de_ger_2005_0,Paul Wanner,1771,0.11449133328544059,-0.3983220216168568,0.12617023171066108,-0.21520540889715223,-0.21969818067434044,0.48383096244558615,-1.240615406755487,0.8216096982007528,1,Box-to-Box / Pressing Engine,"{""Midfielder Archetype 1 (Low xAG)"": 0.7227, ""Midfielder Archetype 2 (High xAG)"": 0.2773}",0.473,-0.34
Paulo Dybala,ar ARG,1993.0,1417,24,6,3,4.0,5.0,40,79,41,17,2,11,30.0,Roma,it Serie A,"FW,MF",Forward,0.254,0.318,2.541,5.018,2.604,1.08,0.127,0.699,47.1,94.7,96.7,94.5,59.2,53.7,18.6,35.6,paulo_dybala_ar_arg_1993_0,Paulo Dybala,1417,0.8926481923956999,2.6487901110005367,2.48800525611416,0.8173706813894396,0.6893002068011211,-0.7581638189550857,-1.3975118812418041,-0.06427085626903127,1,Dynamic Winger / Dribbler,"{""Forward Archetype 1 (Low PrgC)"": 0.0, ""Forward Archetype 2 (High PrgC)"": 1.0}",3.523,0.322
Pavel Kadeřábek,cz CZE,1992.0,1576,24,2,0,0.8,2.0,21,47,15,25,20,5,32.0,Hoffenheim,de Bundesliga,DF,Defender,0.046,0.114,1.199,2.684,0.857,1.428,1.142,0.286,57.8,84.0,87.2,29.1,42.9,34.0,63.5,47.2,pavel_kade__bek_cz_cze_1992_0,Pavel Kadeřábek,1576,-0.6200305617625611,0.18208028935788487,0.40959043463908107,-0.547313687086724,-0.6553400835626649,-0.30463372039534414,0.697881824068876,-0.7050215900624127,0,Ball-Playing Defender,"{""Defender Archetype 1 (Low PrgC)"": 0.0, ""Defender Archetype 2 (High xAG)"": 0.928, ""Defender Archetype 3 (Low npxG)"": 0.072}",-0.711,-0.031
Paweł Dawidowicz,pl POL,1995.0,1845,26,0,0,0.3,0.0,0,39,10,45,20,2,29.0,Hellas Verona,it Serie A,"DF,MF",Defender,0.015,0.0,0.0,1.902,0.488,2.195,0.976,0.098,18.2,4.3,1.9,8.3,22.9,75.4,46.9,16.7,pawe__dawidowicz_pl_pol_1995_0,Paweł Dawidowicz,1845,-0.845477876084225,-1.1963751992071265,-1.4473539550394734,-1.0045472672702547,-0.9393539743149472,0.6949570428096038,0.35518689295402606,-0.9966950475761069,1,Stopper / Defensive Destroyer,"{""Defender Archetype 1 (Low PrgC)"": 0.9771, ""Defender Archetype 2 (High xAG)"": 0.0005, ""Defender Archetype 3 (Low npxG)"": 0.0223}",-2.56,-0.564
Pedri,es ESP,2002.0,2879,37,4,5,2.2,7.4,70,360,92,61,26,40,21.0,Barcelona,es La Liga,MF,Midfielder,0.069,0.231,2.188,11.254,2.876,1.907,0.813,1.25,38.3,90.5,93.5,99.8,88.2,52.1,51.7,79.6,pedri_es_esp_2002_0,Pedri,2879,-0.4527631995239072,1.5968109223588178,1.9412985258751865,4.463545369400304,0.8986546194965702,0.3196217888291281,0.018685243726793557,0.7905806069758917,0,Deep-Lying Playmaker,"{""Midfielder Archetype 1 (Low xAG)"": 0.0002, ""Midfielder Archetype 2 (High xAG)"": 0.9998}",2.343,3.775
Pedro,es ESP,1987.0,1102,30,10,1,3.8,1.7,22,76,48,19,3,16,37.0,Lazio,it Serie A,"FW,MF",Forward,0.31,0.139,1.797,6.207,3.92,1.552,0.245,1.307,63.7,53.3,82.8,96.9,81.8,82.2,42.0,64.7,pedro_es_esp_1987_0,Pedro,1102,1.2999078569767701,0.4843731596572296,1.335739513060912,1.5125762144306387,1.702206115283515,-0.14303104159819463,-1.1539094603288382,0.8790135169667458,1,Dynamic Winger / Dribbler,"{""Forward Archetype 1 (Low PrgC)"": 0.0, ""Forward Archetype 2 (High PrgC)"": 1.0}",2.815,0.609
Pedro Chirivella,es ESP,1997.0,2348,30,0,2,0.5,1.8,19,170,16,44,19,3,27.0,Nantes,fr Ligue 1,MF,Midfielder,0.019,0.069,0.728,6.516,0.613,1.687,0.728,0.115,5.8,35.8,28.9,86.7,11.1,39.0,44.1,2.8,pedro_chirivella_es_esp_1997_0,Pedro Chirivella,2348,-0.81638790004272,-0.3620468771809354,-0.3198681204389834,1.693247795347149,-0.8431433067159356,0.032907358705153475,-0.15679107642237664,-0.9703203200349749,1,Box-to-Box / Pressing Engine,"{""Midfielder Archetype 1 (Low xAG)"": 0.9686, ""Midfielder Archetype 2 (High xAG)"": 0.0314}",-1.172,0.781
Pedro Díaz,es ESP,1998.0,1211,26,3,0,1.6,2.1,26,62,27,23,7,20,26.0,Rayo Vallecano,es La Liga,MF,Midfielder,0.119,0.156,1.932,4.608,2.007,1.709,0.52,1.486,66.2,74.8,88.4,58.0,69.2,40.3,25.5,86.7,pedro_d_az_es_esp_1998_0,Pedro Díaz,1211,-0.08913849900509453,0.6899323114607838,1.5448199906310578,0.5776446355131639,0.22979805834824177,0.061578801717550966,-0.5861919539638756,1.1567238834292526,0,Deep-Lying Playmaker,"{""Midfielder Archetype 1 (Low xAG)"": 0.0735, ""Midfielder Archetype 2 (High xAG)"": 0.9265}",1.758,0.846
Pedro Neto,pt POR,2000.0,2269,35,4,6,3.5,6.7,46,60,126,23,9,34,24.0,Chelsea,eng Premier League,FW,Forward,0.139,0.266,1.825,2.38,4.998,0.912,0.357,1.349,11.8,90.9,84.3,55.4,91.6,44.5,61.2,67.0,pedro_neto_pt_por_2000_0,Pedro Neto,2269,0.0563113812024307,2.0200209407779,1.3791043528532385,-0.7250617796388895,2.5319269126573913,-0.97710938377703,-0.922693603191108,0.9441746085389541,1,Dynamic Winger / Dribbler,"{""Forward Archetype 1 (Low PrgC)"": 0.0004, ""Forward Archetype 2 (High PrgC)"": 0.9996}",3.451,-0.022
Pedro Pereira,pt POR,1998.0,2665,35,1,3,1.2,1.6,14,66,52,53,21,14,26.0,Monza,it Serie A,DF,Defender,0.041,0.054,0.473,2.229,1.756,1.79,0.709,0.473,51.2,60.6,56.8,15.4,73.3,54.7,20.6,66.7,pedro_pereira_pt_por_1998_0,Pedro Pereira,2665,-0.6563930318144423,-0.5434225993605423,-0.7147979114048144,-0.8133511282421031,0.03660703780942642,0.16714184189955977,-0.19601519504395593,-0.4148995871099615,1,Stopper / Defensive Destroyer,"{""Defender Archetype 1 (Low PrgC)"": 0.0, ""Defender Archetype 2 (High xAG)"": 0.0176, ""Defender Archetype 3 (Low npxG)"": 0.9824}",-0.936,-0.48
Pedro Porro,es ESP,1999.0,2610,33,2,6,1.6,5.0,57,154,65,66,36,14,24.0,Tottenham,eng Premier League,DF,Defender,0.055,0.172,1.966,5.31,2.241,2.276,1.241,0.483,66.8,94.5,97.6,89.0,84.4,79.3,73.1,67.4,pedro_porro_es_esp_1999_0,Pedro Porro,2610,-0.5545781156691748,0.8833997484523641,1.5974772960931687,0.9881024018671772,0.40990442809359146,0.8005200829916126,0.902260126360263,-0.39938504149753096,0,Ball-Playing Defender,"{""Defender Archetype 1 (Low PrgC)"": 0.0, ""Defender Archetype 2 (High xAG)"": 1.0, ""Defender Archetype 3 (Low npxG)"": 0.0}",0.563,2.055
Pep Chavarría,es ESP,1998.0,2585,34,0,1,1.2,1.9,24,114,59,46,30,10,26.0,Rayo Vallecano,es La Liga,"DF,FW",Defender,0.042,0.066,0.836,3.969,2.054,1.602,1.044,0.348,52.5,67.8,75.8,67.0,79.8,45.2,54.6,53.9,pep_chavarr_a_es_esp_1998_0,Pep Chavarría,2585,-0.6491205378040661,-0.3983220216168568,-0.15260373838286675,0.20402282254989557,0.2659732693654699,-0.07786867111547305,0.4955679490733624,-0.6088314072653433,0,Ball-Playing Defender,"{""Defender Archetype 1 (Low PrgC)"": 0.0, ""Defender Archetype 2 (High xAG)"": 0.077, ""Defender Archetype 3 (Low npxG)"": 0.923}",-0.731,0.371
Peque,es ESP,2002.0,1134,26,1,1,2.5,1.2,12,35,14,16,8,11,21.0,Sevilla,es La Liga,"MF,FW",Midfielder,0.198,0.095,0.952,2.778,1.111,1.27,0.635,0.873,84.4,50.9,45.4,14.3,35.7,16.7,36.2,62.9,peque_es_esp_2002_0,Peque,1134,0.4853885278146297,-0.047662292069617064,0.0270505978996289,-0.4923521058370414,-0.4598400070014734,-0.510546811120744,-0.3487828149385276,0.20568223738726024,1,Box-to-Box / Pressing Engine,"{""Midfielder Archetype 1 (Low xAG)"": 0.1324, ""Midfielder Archetype 2 (High xAG)"": 0.8676}",0.211,-0.91
Pere Milla,es ESP,1992.0,456,20,3,0,1.5,0.3,5,13,9,6,3,2,31.0,Espanyol,es La Liga,"MF,FW",Midfielder,0.296,0.059,0.987,2.566,1.776,1.184,0.592,0.395,93.9,28.2,47.7,10.3,64.2,14.1,32.8,22.2,pere_milla_es_esp_1992_0,Pere Milla,456,1.1980929408315026,-0.48296402530067334,0.08125664764003712,-0.616308012485262,0.05200074462526828,-0.6226260883510251,-0.4375531886610491,-0.5359130428869197,1,Box-to-Box / Pressing Engine,"{""Midfielder Archetype 1 (Low xAG)"": 0.0, ""Midfielder Archetype 2 (High xAG)"": 1.0}",0.228,-1.433
Pervis Estupiñán,ec ECU,1998.0,2402,30,1,1,1.2,2.1,26,132,59,65,37,19,26.0,Brighton,eng Premier League,DF,Defender,0.045,0.079,0.974,4.946,2.211,2.435,1.386,0.712,56.4,72.7,79.9,85.0,83.8,84.0,80.3,81.0,pervis_estupi__n_ec_ecu_1998_0,Pervis Estupiñán,2402,-0.6273030557729373,-0.24112972906119762,0.061122972022171214,0.7752724489428741,0.38681386786982846,1.0077364211266673,1.2016020842617883,-0.04410194697287154,0,Ball-Playing Defender,"{""Defender Archetype 1 (Low PrgC)"": 0.0, ""Defender Archetype 2 (High xAG)"": 0.1929, ""Defender Archetype 3 (Low npxG)"": 0.8071}",-0.675,1.679
Peter González,do DOM,2002.0,477,17,0,0,1.3,0.1,4,6,8,11,2,3,22.0,Getafe,es La Liga,"MF,FW",Midfielder,0.245,0.019,0.755,1.132,1.509,2.075,0.377,0.566,90.5,5.6,31.2,0.3,54.7,60.1,13.3,38.5,peter_gonz_lez_do_dom_2002_0,Peter González,477,0.8271957463023136,-0.9666326177796246,-0.2780520249249542,-1.4547644753793574,-0.15350524136622057,0.5385673536510726,-0.8814050572736561,-0.2706143129143575,1,Box-to-Box / Pressing Engine,"{""Midfielder Archetype 1 (Low xAG)"": 0.0003, ""Midfielder Archetype 2 (High xAG)"": 0.9997}",-0.351,-1.47
Phil Foden,eng ENG,2000.0,1777,28,7,2,5.2,4.8,43,103,50,13,9,14,24.0,Manchester City,eng Premier League,"MF,FW",Midfielder,0.263,0.243,2.178,5.217,2.532,0.658,0.456,0.709,91.0,92.8,93.0,70.6,84.1,2.0,19.9,49.4,phil_foden_eng_eng_2000_0,Phil Foden,1777,0.9581006384890863,1.741911500102503,1.9258110830922124,0.9337255182903635,0.6338828622640904,-1.3081342258292554,-0.7183153008997214,-0.048756310656600715,0,Deep-Lying Playmaker,"{""Midfielder Archetype 1 (Low xAG)"": 0.0, ""Midfielder Archetype 2 (High xAG)"": 1.0}",2.734,0.032
Phil Harres,de GER,2002.0,1544,26,8,1,5.9,1.3,10,16,12,10,5,5,22.0,Holstein Kiel,de Bundesliga,FW,Forward,0.344,0.076,0.583,0.933,0.699,0.583,0.291,0.291,70.6,20.7,10.4,5.8,8.9,23.7,49.9,7.6,phil_harres_de_ger_2002_0,Phil Harres,1544,1.5471726533295627,-0.277404873497119,-0.5444360407921031,-1.5711193122802813,-0.7769503674078158,-1.4058777815533376,-1.058945804718699,-0.6972643172561974,0,Clinical Finisher / Poacher,"{""Forward Archetype 1 (Low PrgC)"": 0.9994, ""Forward Archetype 2 (High PrgC)"": 0.0006}",0.029,-3.008
Philipp Hofmann,de GER,1993.0,2277,32,3,3,5.5,3.3,26,53,8,17,4,10,31.0,Bochum,de Bundesliga,FW,Forward,0.217,0.13,1.028,2.095,0.316,0.672,0.158,0.395,35.4,48.3,41.7,46.8,1.8,30.6,24.8,13.7,philipp_hofmann_de_ger_1993_0,Philipp Hofmann,2277,0.6235659140117785,0.3755477263494654,0.14475516305022962,-0.8917006164065443,-1.071739852931187,-1.2898887620940933,-1.3335146350697538,-0.5359130428869197,0,Clinical Finisher / Poacher,"{""Forward Archetype 1 (Low PrgC)"": 0.9942, ""Forward Archetype 2 (High PrgC)"": 0.0058}",0.389,-2.066
Philipp Lienhart,at AUT,1996.0,2770,32,1,0,0.5,0.8,6,138,44,22,36,4,28.0,Freiburg,de Bundesliga,DF,Defender,0.016,0.026,0.195,4.484,1.43,0.715,1.17,0.13,20.0,39.8,22.3,78.6,61.2,1.7,65.2,24.0,philipp_lienhart_at_aut_1996_0,Philipp Lienhart,2770,-0.8382053820738488,-0.8819906140958083,-1.145348820771485,0.5051421240774125,-0.21431038328879587,-1.2338491234789528,0.7556857883533087,-0.9470485016163291,1,Stopper / Defensive Destroyer,"{""Defender Archetype 1 (Low PrgC)"": 0.1549, ""Defender Archetype 2 (High xAG)"": 0.0089, ""Defender Archetype 3 (Low npxG)"": 0.8362}",-1.666,-0.34
Philipp Sander,de GER,1998.0,1400,27,1,0,1.2,0.6,13,60,16,33,23,11,26.0,Gladbach,de Bundesliga,MF,Midfielder,0.077,0.039,0.836,3.857,1.029,2.121,1.479,0.707,44.1,15.8,38.0,39.1,30.7,61.7,91.7,49.1,philipp_sander_de_ger_1998_0,Philipp Sander,1400,-0.39458324744089723,-0.724798321540149,-0.15260373838286675,0.1385366831885717,-0.5229542049464251,0.5985167344951762,1.3935938227779399,-0.05185921977908683,1,Box-to-Box / Pressing Engine,"{""Midfielder Archetype 1 (Low xAG)"": 0.9997, ""Midfielder Archetype 2 (High xAG)"": 0.0003}",-1.338,0.807
Philipp Treu,de GER,2000.0,2881,33,0,2,1.2,2.5,22,105,58,61,19,13,23.0,St. Pauli,de Bundesliga,"MF,DF",Midfielder,0.037,0.078,0.687,3.28,1.812,1.906,0.594,0.406,18.6,41.6,26.1,25.3,65.2,51.8,33.1,23.4,philipp_treu_de_ger_2000_0,Philipp Treu,2881,-0.6854830078559474,-0.2532214438731714,-0.38336663584917574,-0.1988338740568212,0.07970941689378365,0.3183185414194735,-0.4334243340693039,-0.5188470427132461,1,Box-to-Box / Pressing Engine,"{""Midfielder Archetype 1 (Low xAG)"": 0.8807, ""Midfielder Archetype 2 (High xAG)"": 0.1193}",-0.599,-0.025
Phillip Tietz,de GER,1997.0,1686,34,7,2,5.3,1.2,22,29,8,11,5,15,27.0,Augsburg,de Bundesliga,FW,Forward,0.283,0.064,1.174,1.548,0.427,0.587,0.267,0.801,56.9,14.4,51.0,25.7,4.2,24.4,46.0,42.6,phillip_tietz_de_ger_1997_0,Phillip Tietz,1686,1.1035505186966112,-0.42250545124080435,0.37087182768164645,-1.2115302434658681,-0.9863047801032647,-1.40066479191472,-1.1084920598196413,0.09397750897776042,0,Clinical Finisher / Poacher,"{""Forward Archetype 1 (Low PrgC)"": 0.9867, ""Forward Archetype 2 (High PrgC)"": 0.0133}",0.493,-2.387
Phillipp Mwene,at AUT,1994.0,2607,32,1,4,1.5,1.9,22,106,62,51,24,22,30.0,Mainz 05,de Bundesliga,DF,Defender,0.052,0.066,0.759,3.659,2.14,1.761,0.829,0.759,63.6,67.8,72.6,59.4,82.0,53.3,31.2,82.2,phillipp_mwene_at_aut_1994_0,Phillipp Mwene,2607,-0.5763955977003037,-0.3983220216168568,-0.2718570478117647,0.022766543960516448,0.3321662086735901,0.12934766701958111,0.05171608046075505,0.02881641740555207,0,Ball-Playing Defender,"{""Defender Archetype 1 (Low PrgC)"": 0.0, ""Defender Archetype 2 (High xAG)"": 0.0693, ""Defender Archetype 3 (Low npxG)"": 0.9307}",-0.373,0.258
Pica,es ESP,2002.0,499,9,0,0,0.3,0.0,1,15,3,9,9,1,22.0,Alavés,es La Liga,DF,Defender,0.054,0.0,0.18,2.705,0.541,1.623,1.623,0.18,65.7,4.3,20.2,29.9,25.8,46.7,91.5,32.4,pica_es_esp_2002_0,Pica,499,-0.5618506096795511,-1.1963751992071265,-1.1685799849459457,-0.5350350359564758,-0.8985606512529662,-0.05050047551273013,1.6908713533835926,-0.8694757735541765,1,Stopper / Defensive Destroyer,"{""Defender Archetype 1 (Low PrgC)"": 0.9973, ""Defender Archetype 2 (High xAG)"": 0.0001, ""Defender Archetype 3 (Low npxG)"": 0.0026}",-2.574,-0.217
Piero Hincapié,ec ECU,2002.0,2670,32,2,2,2.9,3.2,16,152,52,52,32,5,22.0,Leverkusen,de Bundesliga,DF,Defender,0.098,0.108,0.539,5.124,1.753,1.753,1.079,0.169,90.8,83.2,61.1,86.6,73.1,53.1,58.1,31.2,piero_hincapi__ec_ecu_2002_0,Piero Hincapié,2670,-0.24186087322299582,0.1095300004860421,-0.6125807890371875,0.8793486347135497,0.03429798178705005,0.11892168774234567,0.5678229044289029,-0.8865417737278499,0,Ball-Playing Defender,"{""Defender Archetype 1 (Low PrgC)"": 0.0, ""Defender Archetype 2 (High xAG)"": 0.9746, ""Defender Archetype 3 (Low npxG)"": 0.0254}",-0.804,0.605
Pierre Cornud,fr FRA,1996.0,576,11,0,0,0.0,0.3,3,19,11,12,9,2,27.0,Saint-Étienne,fr Ligue 1,DF,Defender,0.0,0.047,0.469,2.969,1.719,1.875,1.406,0.312,2.6,56.7,56.1,38.5,71.9,60.2,81.7,50.1,pierre_cornud_fr_fra_1996_0,Pierre Cornud,576,-0.9545652862398688,-0.6280646030443587,-0.7209928885180039,-0.3806748503190692,0.008128680200119044,0.2779178717201863,1.2428906301792402,-0.6646837714700933,1,Stopper / Defensive Destroyer,"{""Defender Archetype 1 (Low PrgC)"": 0.0, ""Defender Archetype 2 (High xAG)"": 0.0151, ""Defender Archetype 3 (Low npxG)"": 0.9849}",-1.669,0.416
Pierre Ekwah Elimby,fr FRA,2002.0,2575,29,1,0,0.7,1.0,16,146,20,54,47,18,22.0,Saint-Étienne,fr Ligue 1,MF,Midfielder,0.024,0.035,0.559,5.103,0.699,1.887,1.643,0.629,9.0,12.9,16.3,68.8,16.1,51.1,95.5,43.0,pierre_ekwah_elimby_fr_fra_2002_0,Pierre Ekwah Elimby,2575,-0.7800254299908388,-0.7731651807880441,-0.58160590347124,0.8670699835833016,-0.7769503674078158,0.2935568406360395,1.7321598993010445,-0.172872675556045,1,Box-to-Box / Pressing Engine,"{""Midfielder Archetype 1 (Low xAG)"": 0.9999, ""Midfielder Archetype 2 (High xAG)"": 0.0001}",-1.851,1.155
Pierre Højbjerg,dk DEN,1995.0,2664,30,2,4,3.3,3.9,43,263,36,64,42,7,28.0,Marseille,fr Ligue 1,MF,Midfielder,0.111,0.132,1.453,8.885,1.216,2.162,1.419,0.236,62.5,65.5,73.5,97.5,42.3,63.2,88.7,11.8,pierre_h_jbjerg_dk_den_1995_0,Pierre Højbjerg,2664,-0.1473184510881045,0.399731155973413,0.8029714813266147,3.0783965823737263,-0.3790230462183037,0.6519498782910077,1.2697281850255842,-0.7825943181245654,1,Box-to-Box / Pressing Engine,"{""Midfielder Archetype 1 (Low xAG)"": 0.8771, ""Midfielder Archetype 2 (High xAG)"": 0.1229}",-0.349,2.625
Pierre Kalulu,fr FRA,2000.0,2337,29,1,0,0.7,0.5,11,117,48,41,17,4,24.0,Juventus,it Serie A,DF,Defender,0.027,0.019,0.424,4.506,1.849,1.579,0.655,0.154,34.6,31.6,51.5,79.0,75.4,42.6,16.8,28.5,pierre_kalulu_fr_fra_2000_0,Pierre Kalulu,2337,-0.75820794795971,-0.9666326177796246,-0.7906863810413859,0.5180054728805299,0.10818777450309101,-0.10784336153752512,-0.30749426902107574,-0.9098135921464958,1,Stopper / Defensive Destroyer,"{""Defender Archetype 1 (Low PrgC)"": 0.0167, ""Defender Archetype 2 (High xAG)"": 0.0524, ""Defender Archetype 3 (Low npxG)"": 0.9308}",-1.201,-0.051
Pierre Lees-Melou,fr FRA,1993.0,1526,20,2,2,1.3,2.8,19,105,23,48,12,12,31.0,Brest,fr Ligue 1,MF,Midfielder,0.077,0.165,1.121,6.193,1.356,2.831,0.708,0.708,44.1,77.3,54.9,84.4,48.4,87.6,42.4,49.3,pierre_lees_melou_fr_fra_1993_0,Pierre Lees-Melou,1526,-0.39458324744089723,0.7987577447685479,0.2887883809318856,1.5043904470104732,-0.2712670985074106,1.5238223953498216,-0.1980796223398285,-0.05030776521784377,1,Box-to-Box / Pressing Engine,"{""Midfielder Archetype 1 (Low xAG)"": 0.9101, ""Midfielder Archetype 2 (High xAG)"": 0.0899}",0.121,1.843
Pierrick Capelle,fr FRA,1987.0,483,16,0,0,0.2,1.2,5,22,10,24,11,8,37.0,Angers,fr Ligue 1,MF,Midfielder,0.037,0.224,0.932,4.099,1.863,4.472,2.05,1.491,18.6,89.9,44.4,44.8,66.3,99.7,98.8,87.2,pierrick_capelle_fr_fra_1987_0,Pierrick Capelle,483,-0.6854830078559474,1.5121689186750011,-0.003924287666318487,0.2800335200228612,0.11896336927418032,3.6624513945927424,2.572381808721189,1.164481156235468,1,Box-to-Box / Pressing Engine,"{""Midfielder Archetype 1 (Low xAG)"": 0.9473, ""Midfielder Archetype 2 (High xAG)"": 0.0527}",-0.507,3.743
Pietro Comuzzo,it ITA,2005.0,2110,32,1,0,0.5,0.6,7,75,14,43,29,0,19.0,Fiorentina,it Serie A,DF,Defender,0.021,0.026,0.299,3.199,0.597,1.834,1.237,0.0,26.7,39.8,38.3,45.7,29.1,57.8,72.8,4.3,pietro_comuzzo_it_ita_2005_0,Pietro Comuzzo,2110,-0.8018429120219674,-0.8819906140958083,-0.984279415828558,-0.24619438555920733,-0.855458272168609,0.22448472792435475,0.8940024171767726,-1.1487375945779261,1,Stopper / Defensive Destroyer,"{""Defender Archetype 1 (Low PrgC)"": 0.9292, ""Defender Archetype 2 (High xAG)"": 0.0007, ""Defender Archetype 3 (Low npxG)"": 0.07}",-2.279,-0.056
Piotr Zieliński,pl POL,1994.0,980,26,2,2,1.1,0.9,14,65,26,14,6,6,30.0,Inter,it Serie A,MF,Midfielder,0.101,0.083,1.286,5.969,2.388,1.286,0.551,0.551,57.1,44.9,65.6,80.9,80.3,17.2,29.3,36.4,piotr_zieli_ski_pl_pol_1994_0,Piotr Zieliński,980,-0.22004339119186703,-0.19276286981330243,0.5443311868509527,1.3734181682878255,0.5230481731900289,-0.4896948525662731,-0.5221947077918252,-0.2938861313330032,0,Deep-Lying Playmaker,"{""Midfielder Archetype 1 (Low xAG)"": 0.6029, ""Midfielder Archetype 2 (High xAG)"": 0.3971}",0.531,0.525
Pol Lirola,es ESP,1997.0,680,19,1,2,0.6,0.7,8,21,12,13,4,1,26.0,Marseille,fr Ligue 1,DF,Defender,0.079,0.093,1.059,2.779,1.588,1.721,0.529,0.132,84.5,77.7,84.0,32.2,66.6,51.2,7.8,24.5,pol_lirola_es_esp_1997_0,Pol Lirola,680,-0.3800382594201447,-0.07184572169356465,0.19276623567744816,-0.4917674081641725,-0.0927000994436451,0.07721777063340414,-0.5676121083010223,-0.943945592493843,0,Ball-Playing Defender,"{""Defender Archetype 1 (Low PrgC)"": 0.0, ""Defender Archetype 2 (High xAG)"": 0.8636, ""Defender Archetype 3 (Low npxG)"": 0.1364}",-0.336,-0.405
Pol Lozano,es ESP,1999.0,1943,30,0,1,0.2,0.8,17,115,18,53,22,5,24.0,Espanyol,es La Liga,MF,Midfielder,0.009,0.037,0.787,5.327,0.834,2.455,1.019,0.232,2.0,14.2,33.3,72.3,21.6,75.6,67.3,11.4,pol_lozano_es_esp_1999_0,Pol Lozano,1943,-0.8891128401464826,-0.7489817511640966,-0.22849220801943812,0.9980422623059498,-0.6730428464008831,1.0338013693197559,0.44395726667654734,-0.7888001363695376,1,Box-to-Box / Pressing Engine,"{""Midfielder Archetype 1 (Low xAG)"": 0.9963, ""Midfielder Archetype 2 (High xAG)"": 0.0037}",-1.603,1.187
Pontus Almqvist,se SWE,1999.0,1112,29,1,1,2.1,1.3,10,12,42,17,19,20,25.0,Parma,it Serie A,"FW,MF",Forward,0.17,0.105,0.809,0.971,3.399,1.376,1.538,1.619,20.5,37.8,24.2,6.2,75.4,74.3,100.0,78.0,pontus_almqvist_se_swe_1999_0,Pontus Almqvist,1112,0.2817586955240946,0.07325485605012072,-0.1944198338968958,-1.5489008007112608,1.3012000527308347,-0.37240258569737456,1.5153950332344226,1.3630673400745787,1,Dynamic Winger / Dribbler,"{""Forward Archetype 1 (Low PrgC)"": 0.0, ""Forward Archetype 2 (High PrgC)"": 1.0}",0.598,-0.19
Portu,es ESP,1992.0,779,27,1,2,1.6,1.7,14,16,20,13,0,4,32.0,Girona,es La Liga,"FW,MF",Forward,0.185,0.196,1.617,1.849,2.311,1.502,0.0,0.462,24.7,76.6,77.4,37.3,53.9,79.2,2.8,19.4,portu_es_esp_1992_0,Portu,779,0.3908461056797383,1.1736009039397353,1.0569655429673843,-1.0355362439323097,0.4637824019490378,-0.20819341208091618,-1.6596941478176233,-0.43196558728363504,0,Clinical Finisher / Poacher,"{""Forward Archetype 1 (Low PrgC)"": 0.3318, ""Forward Archetype 2 (High PrgC)"": 0.6682}",1.696,-0.979
Przemysław Frankowski,pl POL,1995.0,1387,18,4,2,0.7,2.5,20,117,33,32,19,6,29.0,Lens,fr Ligue 1,DF,Defender,0.045,0.162,1.298,7.592,2.141,2.076,1.233,0.389,56.4,92.8,89.7,98.7,82.1,69.9,72.3,58.0,przemys_aw_frankowski_pl_pol_1995_0,Przemysław Frankowski,1387,-0.6273030557729373,0.7624826003326265,0.5629161181905213,2.322382491354155,0.3329358940143821,0.5398706010607268,0.8857447079932823,-0.545221770254378,0,Ball-Playing Defender,"{""Defender Archetype 1 (Low PrgC)"": 0.0, ""Defender Archetype 2 (High xAG)"": 1.0, ""Defender Archetype 3 (Low npxG)"": 0.0}",0.06,2.369
Quentin Merlin,fr FRA,2002.0,1589,27,1,3,2.1,3.0,25,86,40,22,14,4,22.0,Marseille,fr Ligue 1,DF,Defender,0.119,0.17,1.416,4.871,2.266,1.246,0.793,0.227,95.1,94.2,91.9,83.6,85.0,21.7,27.7,38.1,quentin_merlin_fr_fra_2002_0,Quentin Merlin,1589,-0.08913849900509453,0.8592163188284169,0.7456679430296116,0.7314201234777021,0.4291465616133937,-0.5418247489524504,-0.02260330219065808,-0.7965574091757529,0,Ball-Playing Defender,"{""Defender Archetype 1 (Low PrgC)"": 0.0, ""Defender Archetype 2 (High xAG)"": 1.0, ""Defender Archetype 3 (Low npxG)"": 0.0}",0.702,0.428
Rabby Nzingoula,cg CGO,2005.0,1689,27,1,0,1.0,1.6,8,40,25,64,29,25,18.0,Montpellier,fr Ligue 1,MF,Midfielder,0.053,0.085,0.426,2.131,1.332,3.41,1.545,1.332,29.3,45.9,10.0,5.1,47.7,96.4,92.4,82.4,rabby_nzingoula_cg_cgo_2005_0,Rabby Nzingoula,1689,-0.5691231036899274,-0.16857944018935483,-0.7875888924847911,-0.8706515001832618,-0.2897395466864208,2.278402645539737,1.5298460243055305,0.9177998809978223,1,Box-to-Box / Pressing Engine,"{""Midfielder Archetype 1 (Low xAG)"": 0.9997, ""Midfielder Archetype 2 (High xAG)"": 0.0003}",-1.33,1.379
Radu Drăgușin,ro ROU,2002.0,1252,16,0,0,0.1,0.4,4,37,7,10,15,0,22.0,Tottenham,eng Premier League,DF,Defender,0.007,0.029,0.288,2.66,0.503,0.719,1.078,0.0,7.9,43.2,36.4,27.9,23.8,1.9,57.7,4.3,radu_dr_gu_in_ro_rou_2002_0,Radu Drăgușin,1252,-0.903657828167235,-0.8457154696598869,-1.001315602889829,-0.5613464312355791,-0.9278086942030657,-1.228636133840335,0.5657584771330305,-1.1487375945779261,1,Stopper / Defensive Destroyer,"{""Defender Archetype 1 (Low PrgC)"": 0.9512, ""Defender Archetype 2 (High xAG)"": 0.0005, ""Defender Archetype 3 (Low npxG)"": 0.0483}",-1.989,-1.074
Rafa Mir,es ESP,1997.0,753,20,1,2,3.0,0.7,4,20,10,12,5,2,27.0,Valencia,es La Liga,"FW,MF",Forward,0.359,0.084,0.478,2.39,1.195,1.434,0.598,0.239,74.7,25.7,5.8,56.3,24.8,76.1,88.7,4.9,rafa_mir_es_esp_1997_0,Rafa Mir,753,1.6562600634852067,-0.18067115500132863,-0.7070541900133275,-0.7192148029101997,-0.39518643837493755,-0.2968142359374175,-0.4251666248858135,-0.7779399544408362,0,Clinical Finisher / Poacher,"{""Forward Archetype 1 (Low PrgC)"": 0.8045, ""Forward Archetype 2 (High PrgC)"": 0.1955}",-0.193,-1.742
Rafael Leão,pt POR,1999.0,2323,34,8,8,7.6,8.4,58,93,123,16,6,59,25.0,Milan,it Serie A,FW,Forward,0.294,0.325,2.247,3.603,4.765,0.62,0.232,2.286,59.2,95.3,93.1,83.1,90.1,26.8,39.4,92.5,rafael_le_o_pt_por_1999_0,Rafael Leão,2323,1.18354795281075,2.7334321146843537,2.0326744382947313,-0.009976525720145351,2.3525902282528333,-1.3576576273961236,-1.180747015175182,2.397887532423696,1,Dynamic Winger / Dribbler,"{""Forward Archetype 1 (Low PrgC)"": 0.0002, ""Forward Archetype 2 (High PrgC)"": 0.9998}",5.13,0.073
Rafael Tolói,it ITA,1990.0,468,11,0,0,0.1,0.2,3,26,5,10,8,2,33.0,Atalanta,it Serie A,DF,Defender,0.019,0.038,0.577,5.0,0.962,1.923,1.538,0.385,23.9,51.5,63.8,85.4,48.3,62.7,88.2,57.6,rafael_tol_i_it_ita_1990_0,Rafael Tolói,468,-0.81638790004272,-0.7368900363521228,-0.5537285064618873,0.8068461232777984,-0.5745231227794952,0.340473747383599,1.5153950332344226,-0.5514275884993503,1,Stopper / Defensive Destroyer,"{""Defender Archetype 1 (Low PrgC)"": 0.2374, ""Defender Archetype 2 (High xAG)"": 0.0134, ""Defender Archetype 3 (Low npxG)"": 0.7492}",-1.837,1.075
Rafik Messali,fr FRA,2003.0,456,13,0,1,0.3,1.0,11,21,13,15,10,4,21.0,Toulouse,fr Ligue 1,DF,Defender,0.059,0.197,2.171,4.145,2.566,2.961,1.974,0.789,71.2,96.3,99.2,72.5,91.0,95.9,96.6,84.4,rafik_messali_fr_fra_2003_0,Rafik Messali,456,-0.5254881396276698,1.185692618751709,1.9149698731441307,0.3069296129748332,0.6600521638510214,1.6932445586048974,2.415485334234872,0.07536005424284374,0,Ball-Playing Defender,"{""Defender Archetype 1 (Low PrgC)"": 0.0, ""Defender Archetype 2 (High xAG)"": 1.0, ""Defender Archetype 3 (Low npxG)"": 0.0}",0.44,2.944
Raheem Sterling,eng ENG,1994.0,499,17,0,2,1.4,0.5,8,18,27,9,1,10,29.0,Arsenal,eng Premier League,"FW,MF",Forward,0.253,0.09,1.443,3.246,4.87,1.623,0.18,1.804,46.6,28.9,68.7,76.5,90.9,84.9,29.4,85.1,raheem_sterling_eng_eng_1994_0,Raheem Sterling,499,0.8853756983853237,-0.10812086612948604,0.7874840385436409,-0.2187135949343659,2.433407189036003,-0.05050047551273013,-1.2880972345605566,1.650086433904544,1,Dynamic Winger / Dribbler,"{""Forward Archetype 1 (Low PrgC)"": 0.0002, ""Forward Archetype 2 (High PrgC)"": 0.9998}",2.718,-0.162
Ramon Hendriks,nl NED,2001.0,1154,25,0,1,0.6,1.0,6,36,8,20,19,5,23.0,Stuttgart,de Bundesliga,DF,Defender,0.047,0.078,0.468,2.808,0.624,1.56,1.482,0.39,59.0,72.4,55.9,33.1,31.0,41.3,85.7,58.2,ramon_hendriks_nl_ned_2001_0,Ramon Hendriks,1154,-0.6127580677521849,-0.2532214438731714,-0.7225416327963012,-0.4748111756509726,-0.8346767679672225,-0.13260506232095917,1.3997871046655572,-0.543670315693135,1,Stopper / Defensive Destroyer,"{""Defender Archetype 1 (Low PrgC)"": 0.0, ""Defender Archetype 2 (High xAG)"": 0.0084, ""Defender Archetype 3 (Low npxG)"": 0.9916}",-1.688,0.01
Ramy Bensebaini,dz ALG,1995.0,2022,31,1,6,1.3,3.2,15,128,26,51,33,5,29.0,Dortmund,de Bundesliga,DF,Defender,0.058,0.142,0.668,5.697,1.157,2.27,1.469,0.223,70.1,88.6,67.4,91.8,54.4,78.7,85.2,37.6,ramy_bensebaini_dz_alg_1995_0,Ramy Bensebaini,2022,-0.532760633638046,0.5206483040931507,-0.4127927771368259,1.2143804012674668,-0.4244344813250371,0.7927005985336862,1.372949549819214,-0.8027632274207251,0,Ball-Playing Defender,"{""Defender Archetype 1 (Low PrgC)"": 0.0, ""Defender Archetype 2 (High xAG)"": 0.9998, ""Defender Archetype 3 (Low npxG)"": 0.0002}",-1.154,1.606
Ramón Terrats,es ESP,2000.0,1350,26,4,1,2.3000000000000003,2.8,17,43,9,23,10,26,23.0,"Villarreal, Getafe",es La Liga,"MF,FW",Midfielder,0.153,0.187,1.133,2.867,0.6,1.533,0.667,1.733,76.0,83.3,55.9,16.1,10.8,30.8,38.5,91.2,ram_n_terrats_es_esp_2000_0,Ramón Terrats,1350,0.15812629734769815,1.064775470631971,0.30737331227145415,-0.4403140129517036,-0.8531492161462327,-0.16779274238162897,-0.2827211414706046,1.539933160056287,0,Deep-Lying Playmaker,"{""Midfielder Archetype 1 (Low xAG)"": 0.0, ""Midfielder Archetype 2 (High xAG)"": 1.0}",1.026,-0.167
Randal Kolo Muani,fr FRA,1998.0,1518,26,10,2,7.8,2.5,22,25,29,15,4,25,25.0,"Juventus, Paris S-G","it Serie A, fr Ligue 1",FW,Forward,0.462,0.148,1.304,1.482,1.719,0.889,0.237,1.482,86.5,57.0,58.6,22.8,40.1,41.9,40.8,72.7,randal_kolo_muani_fr_fra_1998_0,Randal Kolo Muani,1518,2.405326946553961,0.5931985929649934,0.5722085838603056,-1.25012028987522,0.008128680200119044,-1.0070840741990819,-1.170424878695819,1.1505180651842803,0,Clinical Finisher / Poacher,"{""Forward Archetype 1 (Low PrgC)"": 0.9976, ""Forward Archetype 2 (High PrgC)"": 0.0024}",2.261,-2.201
Randy Nteka,ao ANG,1997.0,1129,24,3,0,2.6,0.5,9,8,10,16,4,5,26.0,Rayo Vallecano,es La Liga,FW,Forward,0.207,0.04,0.717,0.638,0.797,1.275,0.319,0.399,31.0,7.1,18.8,1.1,11.4,68.3,56.2,14.4,randy_nteka_ao_ang_1997_0,Randy Nteka,1129,0.5508409739080159,-0.7127066067281752,-0.3369043075002546,-1.743605125776626,-0.7015212040101905,-0.504030574072472,-1.0011418404342665,-0.5297072246419474,0,Clinical Finisher / Poacher,"{""Forward Archetype 1 (Low PrgC)"": 0.9742, ""Forward Archetype 2 (High PrgC)"": 0.0258}",-0.483,-2.204
Rani Khedira,de GER,1994.0,2723,32,1,1,1.4,0.6,12,80,12,68,44,5,30.0,Union Berlin,de Bundesliga,MF,Midfielder,0.046,0.02,0.397,2.644,0.397,2.248,1.454,0.165,24.6,6.7,8.8,12.3,4.8,68.0,90.5,6.1,rani_khedira_de_ger_1994_0,Rani Khedira,2723,-0.6200305617625611,-0.9545409029676508,-0.832502476555415,-0.5707015940014827,-1.0093953403270275,0.764029155521289,1.3419831403811247,-0.8927475919728222,1,Box-to-Box / Pressing Engine,"{""Midfielder Archetype 1 (Low xAG)"": 0.9999, ""Midfielder Archetype 2 (High xAG)"": 0.0001}",-2.414,0.177
Raoul Bellanova,it ITA,2000.0,2489,35,0,9,1.1,4.8,35,87,87,24,18,21,24.0,"Torino, Atalanta",it Serie A,DF,Defender,0.04,0.174,1.266,3.146,3.146,0.868,0.651,0.759,49.7,94.7,88.6,44.1,95.9,5.2,16.4,82.2,raoul_bellanova_it_ita_2000_0,Raoul Bellanova,2489,-0.6636655258248185,0.9075831780763117,0.5133563012850052,-0.27718336222126244,1.1064696615104352,-1.034452269801825,-0.3157519782045661,0.02881641740555207,0,Ball-Playing Defender,"{""Defender Archetype 1 (Low PrgC)"": 0.0, ""Defender Archetype 2 (High xAG)"": 1.0, ""Defender Archetype 3 (Low npxG)"": 0.0}",1.183,-0.066
Raphaël Guerreiro,pt POR,1993.0,1572,23,4,4,2.9,2.9,27,85,39,19,10,10,30.0,Bayern Munich,de Bundesliga,"DF,MF",Defender,0.166,0.166,1.546,4.866,2.233,1.088,0.573,0.573,98.7,93.3,94.3,83.4,84.2,13.2,10.3,74.3,rapha_l_guerreiro_pt_por_1993_0,Raphaël Guerreiro,1572,0.25266871948258957,0.8108494595805217,0.9470046992082707,0.7284966351133568,0.4037469453672547,-0.7477378396778502,-0.47677730728262835,-0.25975413098565614,0,Ball-Playing Defender,"{""Defender Archetype 1 (Low PrgC)"": 0.0, ""Defender Archetype 2 (High xAG)"": 1.0, ""Defender Archetype 3 (Low npxG)"": 0.0}",1.274,0.123
Raphinha,br BRA,1996.0,2839,36,18,9,17.6,12.7,91,135,94,36,11,52,27.0,Barcelona,es La Liga,"FW,MF",Forward,0.558,0.403,2.885,4.28,2.98,1.141,0.349,1.648,93.1,97.8,98.0,90.2,67.4,60.1,60.3,79.2,raphinha_br_bra_1996_0,Raphinha,2839,3.103486371550082,3.6765858700183083,3.0207732878484572,0.38586379881214383,0.9787018949389479,-0.6786657269661656,-0.9392090215580888,1.4080595223506271,1,Dynamic Winger / Dribbler,"{""Forward Archetype 1 (Low PrgC)"": 0.0025, ""Forward Archetype 2 (High PrgC)"": 0.9975}",5.456,-0.02
Rasmus Højlund,dk DEN,2003.0,2004,32,4,0,5.3,1.8,16,18,28,3,2,9,21.0,Manchester Utd,eng Premier League,FW,Forward,0.238,0.081,0.719,0.808,1.257,0.135,0.09,0.404,42.6,24.2,19.3,3.1,27.1,1.6,13.2,14.9,rasmus_h_jlund_dk_den_2003_0,Rasmus Højlund,2004,0.7762882882296798,-0.21694629943725002,-0.3338068189436598,-1.6442065213889019,-0.3474659472458279,-1.9897326210785224,-1.47389569118909,-0.5219499518357322,0,Clinical Finisher / Poacher,"{""Forward Archetype 1 (Low PrgC)"": 0.9988, ""Forward Archetype 2 (High PrgC)"": 0.0012}",0.394,-3.039
Rasmus Kristensen,dk DEN,1997.0,2513,30,5,3,2.5,3.1,20,172,51,59,20,22,27.0,Eint Frankfurt,de Bundesliga,DF,Defender,0.09,0.111,0.716,6.16,1.827,2.113,0.716,0.788,88.4,83.7,70.1,94.9,74.9,71.3,20.9,84.2,rasmus_kristensen_dk_den_1997_0,Rasmus Kristensen,2513,-0.3000408253060059,0.1458051449219635,-0.33845305177855195,1.4850954238057976,0.09125469700566496,0.5880907552179407,-0.18156420397284775,0.07380859968160068,0,Ball-Playing Defender,"{""Defender Archetype 1 (Low PrgC)"": 0.0, ""Defender Archetype 2 (High xAG)"": 0.9989, ""Defender Archetype 3 (Low npxG)"": 0.0011}",-0.066,1.135
Rasmus Nicolaisen,dk DEN,1997.0,623,7,0,1,0.4,0.2,2,27,3,6,10,1,27.0,Toulouse,fr Ligue 1,DF,Defender,0.058,0.029,0.289,3.9,0.433,0.867,1.445,0.144,70.1,43.2,36.6,65.2,20.3,5.0,84.5,27.1,rasmus_nicolaisen_dk_den_1997_0,Rasmus Nicolaisen,623,-0.532760633638046,-0.8457154696598869,-0.9997668586115318,0.16367868312193704,-0.9816866680585122,-1.0357555172114794,1.3234032947182717,-0.9253281377589263,1,Stopper / Defensive Destroyer,"{""Defender Archetype 1 (Low PrgC)"": 0.9671, ""Defender Archetype 2 (High xAG)"": 0.0001, ""Defender Archetype 3 (Low npxG)"": 0.0328}",-2.052,-0.421
Rassoul Ndiaye,sn SEN,2001.0,1061,27,1,0,1.7,0.6,10,46,6,35,12,3,22.0,Le Havre,fr Ligue 1,MF,Midfielder,0.144,0.051,0.848,3.902,0.509,2.969,1.018,0.254,72.9,22.8,39.0,39.6,8.1,89.9,67.1,12.8,rassoul_ndiaye_sn_sen_2001_0,Rassoul Ndiaye,1061,0.09267385125431181,-0.5796977437964637,-0.13401880704329822,0.16484807846767507,-0.9231905821583133,1.7036705378821329,0.441892839380675,-0.7546681360221904,1,Box-to-Box / Pressing Engine,"{""Midfielder Archetype 1 (Low xAG)"": 0.9871, ""Midfielder Archetype 2 (High xAG)"": 0.0129}",-1.426,0.703
Rayan Aït-Nouri,dz ALG,2001.0,3109,37,4,7,2.7,5.5,46,108,89,89,26,63,23.0,Wolves,eng Premier League,DF,Defender,0.078,0.159,1.332,3.126,2.576,2.576,0.753,1.824,83.9,92.2,90.4,43.7,91.3,89.7,24.9,98.9,rayan_a_t_nouri_dz_alg_2001_0,Rayan Aït-Nouri,3109,-0.38731075343052096,0.7262074558967051,0.6155734236526321,-0.2888773156786417,0.6677490172589425,1.191494305887942,-0.10518039402556181,1.681115525129405,0,Ball-Playing Defender,"{""Defender Archetype 1 (Low PrgC)"": 0.0, ""Defender Archetype 2 (High xAG)"": 1.0, ""Defender Archetype 3 (Low npxG)"": 0.0}",1.252,1.202
Rayan Cherki,fr FRA,2003.0,2041,30,8,11,5.0,11.1,75,206,106,15,7,48,20.0,Lyon,fr Ligue 1,"FW,MF",Forward,0.22,0.489,3.307,9.084,4.674,0.661,0.309,2.117,36.0,99.8,99.8,100.0,89.6,29.2,53.8,89.0,rayan_cherki_fr_fra_2003_0,Rayan Cherki,2041,0.6453833960429073,4.716473343848054,3.6743433732899504,3.1947514192746502,2.2825488622407533,-1.304224483600292,-1.0217861133929924,2.13569171157362,1,Dynamic Winger / Dribbler,"{""Forward Archetype 1 (Low PrgC)"": 0.0, ""Forward Archetype 2 (High PrgC)"": 1.0}",6.579,2.794
Rayan Raveloson,mg MAD,1997.0,724,13,1,0,0.8,0.2,3,31,5,6,5,7,27.0,Auxerre,fr Ligue 1,"MF,DF",Midfielder,0.099,0.025,0.373,3.854,0.622,0.746,0.622,0.87,56.1,9.0,7.3,39.0,11.3,3.8,35.2,62.7,rayan_raveloson_mg_mad_1997_0,Rayan Raveloson,724,-0.23458837921261955,-0.894082328907782,-0.869672339234552,0.13678259016996475,-0.8362161386488068,-1.1934484537796655,-0.3756203697848713,0.2010278737035311,1,Box-to-Box / Pressing Engine,"{""Midfielder Archetype 1 (Low xAG)"": 0.8955, ""Midfielder Archetype 2 (High xAG)"": 0.1045}",-0.804,-1.069
Raúl,es ESP,2000.0,750,32,4,0,3.5,0.7,3,16,10,13,0,11,23.0,Osasuna,es La Liga,"FW,MF",Forward,0.42,0.084,0.36,1.92,1.2,1.56,0.0,1.32,81.6,25.7,1.8,39.5,25.5,82.7,2.8,65.0,ra_l_es_esp_2000_0,Raúl,750,2.0998821981181583,-0.18067115500132863,-0.889806014852418,-0.9940227091586132,-0.39133801167097715,-0.13260506232095917,-1.6596941478176233,0.8991824262629057,0,Clinical Finisher / Poacher,"{""Forward Archetype 1 (Low PrgC)"": 0.857, ""Forward Archetype 2 (High PrgC)"": 0.143}",0.918,-2.252
Raúl Albiol,es ESP,1985.0,1188,15,0,0,0.1,0.0,0,34,3,10,6,0,38.0,Villarreal,es La Liga,DF,Defender,0.008,0.0,0.0,2.576,0.227,0.758,0.455,0.0,8.9,4.3,1.9,24.9,8.4,2.5,4.9,4.3,ra_l_albiol_es_esp_1985_0,Raúl Albiol,1188,-0.8963853341568587,-1.1963751992071265,-1.4473539550394734,-0.6104610357565723,-1.1402418482616832,-1.1778094848638123,-0.720379728195594,-1.1487375945779261,1,Stopper / Defensive Destroyer,"{""Defender Archetype 1 (Low PrgC)"": 0.9968, ""Defender Archetype 2 (High xAG)"": 0.0001, ""Defender Archetype 3 (Low npxG)"": 0.003}",-2.01,-1.763
Raúl Asencio,es ESP,2003.0,1670,23,0,1,0.1,0.6,6,27,5,22,16,6,21.0,Real Madrid,es La Liga,DF,Defender,0.005,0.032,0.323,1.455,0.269,1.186,0.862,0.323,6.1,46.3,41.2,2.4,11.2,17.7,34.8,50.8,ra_l_asencio_es_esp_2003_0,Raúl Asencio,1670,-0.9182028161879875,-0.8094403252239655,-0.9471095531494209,-1.2659071270426818,-1.1079150639484154,-0.6200195935317162,0.11984218122455063,-0.6476177712964196,1,Stopper / Defensive Destroyer,"{""Defender Archetype 1 (Low PrgC)"": 0.9331, ""Defender Archetype 2 (High xAG)"": 0.0014, ""Defender Archetype 3 (Low npxG)"": 0.0655}",-1.823,-1.243
Raúl Jiménez,mx MEX,1991.0,2494,38,12,3,9.6,3.3,24,62,35,35,10,21,33.0,Fulham,eng Premier League,FW,Forward,0.346,0.119,0.866,2.237,1.263,1.263,0.361,0.758,71.7,44.0,29.6,50.8,27.3,67.0,61.9,39.9,ra_l_jim_nez_mx_mex_1991_0,Raúl Jiménez,2494,1.561717641350315,0.2425388634177537,-0.10614141003394542,-0.8086735468591513,-0.34284783520107537,-0.5196695429883251,-0.9144358940076177,0.027264962844309015,0,Clinical Finisher / Poacher,"{""Forward Archetype 1 (Low PrgC)"": 0.995, ""Forward Archetype 2 (High PrgC)"": 0.005}",0.783,-1.715
Raúl Moro,es ESP,2002.0,2341,33,4,5,4.1,5.7,44,81,112,22,10,57,21.0,Valladolid,es La Liga,"MF,FW",Midfielder,0.158,0.219,1.692,3.114,4.306,0.846,0.384,2.191,77.6,89.1,80.8,21.6,97.2,5.6,14.4,97.5,ra_l_moro_es_esp_2002_0,Raúl Moro,2341,0.19448876739957946,1.4517103446151323,1.1731213638396876,-0.29589368775306935,1.999304656829263,-1.0631237128142226,-0.866954066202548,2.250499349105606,0,Deep-Lying Playmaker,"{""Midfielder Archetype 1 (Low xAG)"": 0.0, ""Midfielder Archetype 2 (High xAG)"": 1.0}",3.462,0.078
Reda Belahyane,ma MAR,2004.0,1856,28,0,2,0.2,1.0,16,83,26,44,11,36,20.0,"Hellas Verona, Lazio",it Serie A,MF,Midfielder,0.01,0.048,0.776,4.025,1.261,2.134,0.533,1.746,2.7,21.4,32.3,43.0,44.9,62.0,27.4,91.5,reda_belahyane_ma_mar_2004_0,Reda Belahyane,1856,-0.8818403461361063,-0.6159728882323849,-0.24552839508070926,0.23676589223055788,-0.3443872058826596,0.6154589508206836,-0.5593543991175318,1.5601020693524468,1,Box-to-Box / Pressing Engine,"{""Midfielder Archetype 1 (Low xAG)"": 0.1259, ""Midfielder Archetype 2 (High xAG)"": 0.8741}",-0.097,0.586
Reece James,eng ENG,1999.0,1063,19,1,1,0.4,0.7,11,64,7,10,13,7,24.0,Chelsea,eng Premier League,"DF,MF",Defender,0.034,0.059,0.931,5.419,0.593,0.847,1.101,0.593,42.8,64.0,78.3,90.2,28.4,4.1,59.9,75.1,reece_james_eng_eng_1999_0,Reece James,1063,-0.7073004898870762,-0.48296402530067334,-0.005473031944615864,1.0518344482098945,-0.8585370135317775,-1.061820465404568,0.6132403049381,-0.228725039760795,1,Stopper / Defensive Destroyer,"{""Defender Archetype 1 (Low PrgC)"": 0.0, ""Defender Archetype 2 (High xAG)"": 0.7814, ""Defender Archetype 3 (Low npxG)"": 0.2186}",-0.871,0.266
Reinildo Mandava,mz MOZ,1994.0,941,19,0,0,0.1,0.1,2,34,14,18,16,4,30.0,Atlético Madrid,es La Liga,DF,Defender,0.01,0.01,0.191,3.252,1.339,1.722,1.53,0.383,11.0,18.9,21.8,47.7,58.8,51.3,87.8,57.4,reinildo_mandava_mz_moz_1994_0,Reinildo Mandava,941,-0.8818403461361063,-1.0754580510873888,-1.1515437978846745,-0.21520540889715223,-0.28435174930087626,0.07852101804305843,1.4988796148674417,-0.5545304976218364,1,Stopper / Defensive Destroyer,"{""Defender Archetype 1 (Low PrgC)"": 0.6236, ""Defender Archetype 2 (High xAG)"": 0.0038, ""Defender Archetype 3 (Low npxG)"": 0.3726}",-2.165,0.255
Reiss Nelson,eng ENG,1999.0,490,12,1,1,1.1,1.0,13,35,45,9,5,13,24.0,"Arsenal, Fulham",eng Premier League,FW,Forward,0.202,0.184,2.388,6.429,8.265,1.653,0.918,2.388,28.9,72.3,95.6,97.6,99.6,86.0,97.8,93.6,reiss_nelson_eng_eng_1999_0,Reiss Nelson,490,0.5144785038561348,1.0285003261960497,2.2510473815346614,1.6423790978075492,5.0464889210251584,-0.011403053223097192,0.23545010979341585,2.5561358976704875,1,Dynamic Winger / Dribbler,"{""Forward Archetype 1 (Low PrgC)"": 0.0, ""Forward Archetype 2 (High PrgC)"": 1.0}",4.829,2.711
Remo Freuler,ch SUI,1992.0,3204,37,1,2,1.3,1.5,36,208,39,79,38,5,32.0,Bologna,it Serie A,MF,Midfielder,0.037,0.042,1.011,5.843,1.096,2.219,1.067,0.14,18.6,17.9,50.3,78.3,34.7,67.0,69.3,4.8,remo_freuler_ch_sui_1992_0,Remo Freuler,3204,-0.6854830078559474,-0.6885231771042276,0.11842651031917402,1.2997462615063358,-0.4713852871133547,0.7262349806413101,0.5430497768784318,-0.9315339560038985,1,Box-to-Box / Pressing Engine,"{""Midfielder Archetype 1 (Low xAG)"": 0.988, ""Midfielder Archetype 2 (High xAG)"": 0.012}",-1.29,1.254
Renato Tapia,pe PER,1995.0,2424,34,1,0,0.6,0.4,8,83,17,61,27,19,29.0,Leganés,es La Liga,"MF,DF",Midfielder,0.022,0.015,0.297,3.082,0.631,2.265,1.002,0.705,7.8,3.6,4.3,20.9,12.1,68.6,65.7,48.7,renato_tapia_pe_per_1995_0,Renato Tapia,2424,-0.7945704180115913,-1.01499947702752,-0.9873769043851528,-0.3146040132848762,-0.8292889705816779,0.7861843614854143,0.40886200264671346,-0.05496212890157293,1,Box-to-Box / Pressing Engine,"{""Midfielder Archetype 1 (Low xAG)"": 0.9978, ""Midfielder Archetype 2 (High xAG)"": 0.0022}",-1.826,0.149
Renato Veiga,pt POR,2003.0,1274,20,0,1,1.1,0.1,2,47,13,26,20,4,21.0,"Chelsea, Juventus","eng Premier League, it Serie A",DF,Defender,0.078,0.007,0.141,3.32,0.918,1.837,1.413,0.283,83.9,14.0,14.8,49.5,45.9,58.0,82.1,46.5,renato_veiga_pt_por_2003_0,Renato Veiga,1274,-0.38731075343052096,-1.11173319552331,-1.2289810117995434,-0.1754459671420626,-0.6083892777743473,0.2283944701533179,1.2573416212503485,-0.7096759537461419,1,Stopper / Defensive Destroyer,"{""Defender Archetype 1 (Low PrgC)"": 0.9955, ""Defender Archetype 2 (High xAG)"": 0.0005, ""Defender Archetype 3 (Low npxG)"": 0.004}",-2.199,-0.037
Ricardo Rodríguez,ch SUI,1992.0,1274,18,0,1,0.2,0.4,7,63,19,28,8,4,31.0,Betis,es La Liga,DF,Defender,0.014,0.028,0.495,4.451,1.342,1.978,0.565,0.283,16.6,42.1,58.9,78.3,59.0,66.0,10.0,46.5,ricardo_rodr_guez_ch_sui_1992_0,Ricardo Rodríguez,1274,-0.8527503700946013,-0.8578071844718607,-0.6807255372822721,0.48584710087273647,-0.2820426932784999,0.41215235491459257,-0.49329272564960913,-0.7096759537461419,1,Stopper / Defensive Destroyer,"{""Defender Archetype 1 (Low PrgC)"": 0.1177, ""Defender Archetype 2 (High xAG)"": 0.0111, ""Defender Archetype 3 (Low npxG)"": 0.8713}",-1.248,0.174
Riccardo Calafiori,it ITA,2002.0,983,19,2,1,0.9,0.3,6,54,22,27,9,9,22.0,Arsenal,eng Premier League,DF,Defender,0.082,0.027,0.549,4.944,2.014,2.472,0.824,0.824,85.9,41.0,62.1,84.9,79.1,85.6,30.5,86.1,riccardo_calafiori_it_ita_2002_0,Riccardo Calafiori,983,-0.3582207773890159,-0.8698988992838345,-0.5970933462542137,0.7741030535971363,0.23518585573378617,1.055956575283881,0.04139394398139208,0.1296609638863505,0,Ball-Playing Defender,"{""Defender Archetype 1 (Low PrgC)"": 0.0, ""Defender Archetype 2 (High xAG)"": 0.2447, ""Defender Archetype 3 (Low npxG)"": 0.7553}",-0.777,0.894
Riccardo Orsolini,it ITA,1997.0,1878,30,15,4,7.8,3.7,30,69,61,16,8,33,27.0,Bologna,it Serie A,FW,Forward,0.374,0.177,1.438,3.307,2.923,0.767,0.383,1.581,75.6,68.8,68.5,78.0,65.6,37.0,64.7,76.5,riccardo_orsolini_it_ita_1997_0,Riccardo Orsolini,1878,1.7653474736408505,0.9438583225122331,0.7797403171521539,-0.18304703688935908,0.9348298305137986,-1.1660802581769225,-0.8690184934984206,1.3041120667473427,1,Dynamic Winger / Dribbler,"{""Forward Archetype 1 (Low PrgC)"": 0.8676, ""Forward Archetype 2 (High PrgC)"": 0.1324}",2.751,-1.043
Riccardo Sottil,it ITA,1999.0,956,24,1,1,1.1,1.2,15,21,82,6,4,12,25.0,"Fiorentina, Milan",it Serie A,"FW,MF",Forward,0.104,0.113,1.412,1.977,7.72,0.565,0.377,1.13,5.2,41.2,66.1,41.9,99.3,21.5,63.9,57.9,riccardo_sottil_it_ita_1999_0,Riccardo Sottil,956,-0.19822590916073834,0.16998857454591107,0.7394729659164221,-0.9606949418050822,4.627010410293468,-1.4293362349271175,-0.8814050572736561,0.604406059626725,1,Dynamic Winger / Dribbler,"{""Forward Archetype 1 (Low PrgC)"": 0.0, ""Forward Archetype 2 (High PrgC)"": 1.0}",3.049,-0.424
Richarlison,br BRA,1997.0,504,15,4,1,3.7,0.9,4,11,8,5,0,1,27.0,Tottenham,eng Premier League,FW,Forward,0.661,0.161,0.714,1.964,1.429,0.893,0.0,0.179,97.3,62.9,18.6,41.2,31.0,42.4,2.8,3.5,richarlison_br_bra_1997_0,Richarlison,504,3.852553254618836,0.7503908855206527,-0.3415505403351467,-0.9682960115523788,-0.21508006862958787,-1.0018710845604641,-1.6596941478176233,-0.8710272281154193,0,Clinical Finisher / Poacher,"{""Forward Archetype 1 (Low PrgC)"": 1.0, ""Forward Archetype 2 (High PrgC)"": 0.0}",1.665,-3.319
Rico Lewis,eng ENG,2004.0,1893,28,1,2,1.4,0.3,7,107,39,30,13,9,19.0,Manchester City,eng Premier League,"DF,MF",Defender,0.067,0.014,0.333,5.087,1.854,1.426,0.618,0.428,77.6,25.9,42.4,86.4,75.6,33.6,14.3,61.6,rico_lewis_eng_eng_2004_0,Rico Lewis,1893,-0.46730818754465975,-1.0270911918394936,-0.9316221103664472,0.8577148208173981,0.11203620120705157,-0.307240215214653,-0.3838780789683617,-0.48471504236589896,1,Stopper / Defensive Destroyer,"{""Defender Archetype 1 (Low PrgC)"": 0.3466, ""Defender Archetype 2 (High xAG)"": 0.1155, ""Defender Archetype 3 (Low npxG)"": 0.5379}",-0.946,-0.098
Ridgeciano Haps,sr SUR,1993.0,1369,25,1,1,1.2,0.7,7,52,26,30,7,5,31.0,Venezia,it Serie A,DF,Defender,0.079,0.046,0.46,3.419,1.709,1.972,0.46,0.329,84.5,56.1,54.6,53.2,71.5,65.6,5.1,51.6,ridgeciano_haps_sr_sur_1993_0,Ridgeciano Haps,1369,-0.3800382594201447,-0.6401563178563325,-0.7349315870226802,-0.11756089752803497,0.00043182679219811056,0.404332870456666,-0.7100575917162311,-0.6383090439289613,1,Stopper / Defensive Destroyer,"{""Defender Archetype 1 (Low PrgC)"": 0.0019, ""Defender Archetype 2 (High xAG)"": 0.0976, ""Defender Archetype 3 (Low npxG)"": 0.9005}",-0.832,-0.343
Ridle Baku,de GER,1998.0,2445,34,4,4,2.9,2.8,27,85,37,47,24,25,26.0,"Wolfsburg, RB Leipzig",de Bundesliga,"DF,MF",Defender,0.107,0.103,0.994,3.129,1.362,1.73,0.883,0.92,92.9,80.9,80.6,43.9,59.8,52.1,37.0,88.8,ridle_baku_de_ger_1998_0,Ridle Baku,2445,-0.17640842712960958,0.049071426426173126,0.09209785758811877,-0.28712322266003476,-0.26664898646265806,0.08894699732029389,0.16319515443787508,0.27860060176568385,0,Ball-Playing Defender,"{""Defender Archetype 1 (Low PrgC)"": 0.0, ""Defender Archetype 2 (High xAG)"": 0.9935, ""Defender Archetype 3 (Low npxG)"": 0.0065}",-0.083,0.046
Ritsu Doan,jp JPN,1998.0,2862,34,10,7,6.6,3.7,27,130,64,66,14,56,26.0,Freiburg,de Bundesliga,"FW,MF",Forward,0.208,0.116,0.849,4.088,2.013,2.075,0.44,1.761,31.8,42.6,28.4,87.8,47.0,94.7,74.9,83.4,ritsu_doan_jp_jpn_1998_0,Ritsu Doan,2862,0.5581134679183921,0.20626371898183246,-0.13247006276500084,0.2736018456213025,0.23441617039299417,0.5385673536510726,-0.751346137633683,1.5833738877710923,1,Dynamic Winger / Dribbler,"{""Forward Archetype 1 (Low PrgC)"": 0.0071, ""Forward Archetype 2 (High PrgC)"": 0.9929}",1.126,0.192
Robert Andrich,de GER,1994.0,1598,23,2,2,1.3,0.3,9,65,8,24,29,2,29.0,Leverkusen,de Bundesliga,"MF,DF",Midfielder,0.073,0.017,0.507,3.661,0.451,1.352,1.633,0.113,41.5,4.6,12.9,34.7,6.7,21.1,95.3,2.5,robert_andrich_de_ger_1994_0,Robert Andrich,1598,-0.4236732234824023,-0.9908160474035722,-0.6621406059427035,0.023935939306254508,-0.9678323319242546,-0.4036805235290806,1.7115156263423186,-0.973423229157461,1,Box-to-Box / Pressing Engine,"{""Midfielder Archetype 1 (Low xAG)"": 1.0, ""Midfielder Archetype 2 (High xAG)"": 0.0}",-2.195,-0.017
Robert Lewandowski,pl POL,1988.0,2667,34,27,2,24.0,2.3,19,48,27,10,3,20,35.0,Barcelona,es La Liga,FW,Forward,0.81,0.078,0.641,1.62,0.911,0.337,0.101,0.675,99.1,21.8,13.5,27.3,15.3,8.4,13.9,32.8,robert_lewandowski_pl_pol_1988_0,Robert Lewandowski,2667,4.936154862164898,-0.2532214438731714,-0.4546088726508551,-1.1694320110193026,-0.6137770751598919,-1.7264766443283275,-1.4511869909344914,-0.10150576573886444,0,Clinical Finisher / Poacher,"{""Forward Archetype 1 (Low PrgC)"": 1.0, ""Forward Archetype 2 (High PrgC)"": 0.0}",1.686,-4.321
Robert Skov,dk DEN,1996.0,852,15,2,2,0.9,2.4,19,36,25,15,8,5,28.0,Union Berlin,de Bundesliga,"DF,MF",Defender,0.095,0.254,2.007,3.803,2.641,1.585,0.845,0.528,89.6,98.3,98.1,63.1,92.1,43.3,32.6,70.7,robert_skov_dk_den_1996_0,Robert Skov,852,-0.2636783552541246,1.8749203630342146,1.6609758115033613,0.10696300885364746,0.7177785644104285,-0.10002387707959853,0.08474691719471654,-0.32956958624159344,0,Ball-Playing Defender,"{""Defender Archetype 1 (Low PrgC)"": 0.0, ""Defender Archetype 2 (High xAG)"": 1.0, ""Defender Archetype 3 (Low npxG)"": 0.0}",1.678,0.937
Roberto Férnandez,es ESP,2002.0,1497,19,6,0,3.6,0.6,8,17,7,4,3,11,22.0,Espanyol,es La Liga,FW,Forward,0.216,0.036,0.481,1.022,0.421,0.24,0.18,0.661,34.9,6.7,6.0,8.2,3.8,4.2,29.4,31.6,roberto_f_rnandez_es_esp_2002_0,Roberto Férnandez,1497,0.6162934200014022,-0.7610734659760703,-0.7024079571784354,-1.5190812193949437,-0.9909228921480173,-1.8528916430648072,-1.2880972345605566,-0.12322612959626722,0,Clinical Finisher / Poacher,"{""Forward Archetype 1 (Low PrgC)"": 0.9991, ""Forward Archetype 2 (High PrgC)"": 0.0009}",-0.263,-3.003
Roberto Navarro,es ESP,2002.0,1278,23,1,0,2.0,1.9,13,51,45,29,19,35,22.0,Mallorca,es La Liga,"MF,FW",Midfielder,0.141,0.134,0.915,3.592,3.169,2.042,1.338,2.465,71.5,66.6,43.3,32.8,90.9,57.9,83.7,98.8,roberto_navarro_es_esp_2002_0,Roberto Navarro,1278,0.07085636922318302,0.4239145855973606,-0.03025294039737391,-0.016408200121704034,1.1241724243486535,0.4955601891324759,1.1025095740599042,2.6755978988862026,0,Deep-Lying Playmaker,"{""Midfielder Archetype 1 (Low xAG)"": 0.0002, ""Midfielder Archetype 2 (High xAG)"": 0.9998}",1.293,1.276
Roberto Piccoli,it ITA,2001.0,3127,37,10,1,12.0,0.9,13,37,30,13,3,14,23.0,Cagliari,it Serie A,FW,Forward,0.345,0.026,0.374,1.065,0.863,0.374,0.086,0.403,71.2,3.3,2.2,9.5,13.3,10.6,12.4,14.6,roberto_piccoli_it_ita_2001_0,Roberto Piccoli,3127,1.554445147339939,-0.8819906140958083,-0.8681235949562547,-1.4939392194615781,-0.6507219715179124,-1.6782564901711134,-1.4821534003725805,-0.5235014063969753,0,Clinical Finisher / Poacher,"{""Forward Archetype 1 (Low PrgC)"": 0.9999, ""Forward Archetype 2 (High PrgC)"": 0.0001}",-0.07,-3.404
Robin Gosens,de GER,1994.0,2524,32,5,5,1.8,2.5,28,106,32,56,19,4,30.0,"Fiorentina, Union Berlin","it Serie A, de Bundesliga",DF,Defender,0.064,0.089,0.998,3.78,1.141,1.997,0.677,0.143,75.3,75.9,81.0,62.6,53.7,66.9,18.3,26.9,robin_gosens_de_ger_1994_0,Robin Gosens,2524,-0.4891256695757885,-0.12021258094145984,0.09829283470130828,0.09351496237766119,-0.4367494467777106,0.43691405569802694,-0.26207686851187867,-0.9268795923201694,0,Ball-Playing Defender,"{""Defender Archetype 1 (Low PrgC)"": 0.0, ""Defender Archetype 2 (High xAG)"": 0.4716, ""Defender Archetype 3 (Low npxG)"": 0.5284}",-0.707,0.169
Robin Hack,de GER,1998.0,2172,33,4,7,5.4,3.6,32,95,51,22,9,25,25.0,Gladbach,de Bundesliga,"FW,MF",Forward,0.224,0.149,1.326,3.936,2.113,0.912,0.373,1.036,37.6,57.5,60.1,86.9,48.8,44.5,63.6,53.2,robin_hack_de_ger_1998_0,Robin Hack,2172,0.6744733720844123,0.6052903077769672,0.6062809579828479,0.18472779934521977,0.3113847044722035,-0.97710938377703,-0.8896627664571466,0.45856933086987817,0,Clinical Finisher / Poacher,"{""Forward Archetype 1 (Low PrgC)"": 0.2784, ""Forward Archetype 2 (High PrgC)"": 0.7216}",1.561,-0.645
Robin Koch,de GER,1996.0,2586,30,3,0,1.7,0.2,7,93,9,24,25,1,28.0,Eint Frankfurt,de Bundesliga,DF,Defender,0.059,0.007,0.244,3.237,0.313,0.835,0.87,0.035,71.2,14.0,30.8,47.3,13.4,3.7,35.5,9.9,robin_koch_de_ger_1996_0,Robin Koch,2586,-0.5254881396276698,-1.11173319552331,-1.0694603511349137,-0.22397587399018654,-1.0740489089535634,-1.0774594343204211,0.13635759959153138,-1.0944366849344191,1,Stopper / Defensive Destroyer,"{""Defender Archetype 1 (Low PrgC)"": 0.9978, ""Defender Archetype 2 (High xAG)"": 0.0003, ""Defender Archetype 3 (Low npxG)"": 0.002}",-1.921,-1.205
Robin Le Normand,es ESP,1996.0,2151,27,1,0,1.5,0.5,3,55,11,27,10,2,27.0,Atlético Madrid,es La Liga,DF,Defender,0.063,0.021,0.126,2.301,0.46,1.13,0.418,0.084,74.2,34.5,12.7,17.2,21.7,14.5,4.0,14.8,robin_le_normand_es_esp_1996_0,Robin Le Normand,2151,-0.4963981635861648,-0.942449188155677,-1.252212175974004,-0.7712528957955376,-0.9609051638571258,-0.6930014484723644,-0.7967635381428799,-1.0184154114335098,1,Stopper / Defensive Destroyer,"{""Defender Archetype 1 (Low PrgC)"": 0.994, ""Defender Archetype 2 (High xAG)"": 0.0004, ""Defender Archetype 3 (Low npxG)"": 0.0055}",-1.618,-1.647
Rocco Reitz,de GER,2002.0,1830,27,2,1,1.7,2.1,16,91,18,52,53,17,22.0,Gladbach,de Bundesliga,MF,Midfielder,0.084,0.103,0.787,4.475,0.885,2.557,2.607,0.836,48.9,53.7,33.3,55.1,23.5,79.4,100.0,60.7,rocco_reitz_de_ger_2002_0,Rocco Reitz,1830,-0.3436757893682634,0.049071426426173126,-0.22849220801943812,0.4998798450215916,-0.6337888940204863,1.1667326051045077,3.7222678125222233,0.1482784186212672,1,Box-to-Box / Pressing Engine,"{""Midfielder Archetype 1 (Low xAG)"": 1.0, ""Midfielder Archetype 2 (High xAG)"": 0.0}",-1.838,2.28
Rodrigo Bentancur,uy URU,1997.0,1645,26,2,0,1.3,0.4,10,100,28,40,40,9,27.0,Tottenham,eng Premier League,MF,Midfielder,0.071,0.022,0.547,5.471,1.532,2.188,2.188,0.492,40.0,7.8,14.8,74.3,55.1,65.2,99.3,31.3,rodrigo_bentancur_uy_uru_1997_0,Rodrigo Bentancur,1645,-0.43821821150315476,-0.9303574733437034,-0.6001908348108085,1.0822387271990808,-0.13580247852800234,0.6858343109420232,2.8572727755516074,-0.3854219504463435,1,Box-to-Box / Pressing Engine,"{""Midfielder Archetype 1 (Low xAG)"": 1.0, ""Midfielder Archetype 2 (High xAG)"": 0.0}",-2.071,1.811
Rodrigo De Paul,ar ARG,1994.0,2106,34,3,5,1.3,5.6,42,231,85,33,6,14,30.0,Atlético Madrid,es La Liga,MF,Midfielder,0.056,0.239,1.795,9.872,3.632,1.41,0.256,0.598,31.2,92.1,85.5,98.8,94.4,23.7,6.1,41.0,rodrigo_de_paul_ar_arg_1994_0,Rodrigo De Paul,2106,-0.5473056216587986,1.6935446408546078,1.3326420245043173,3.6554931854953945,1.4805367371353924,-0.32809217376912386,-1.1312007600742398,-0.22096776695457973,0,Deep-Lying Playmaker,"{""Midfielder Archetype 1 (Low xAG)"": 0.0, ""Midfielder Archetype 2 (High xAG)"": 1.0}",2.385,2.438
Rodrigo Gomes,pt POR,2003.0,810,25,2,0,0.7,0.9,12,27,23,23,7,5,21.0,Wolves,eng Premier League,"DF,FW",Defender,0.078,0.1,1.333,3.0,2.556,2.556,0.778,0.556,83.9,80.1,90.5,39.6,90.5,89.0,26.5,73.3,rodrigo_gomes_pt_por_2003_0,Rodrigo Gomes,810,-0.38731075343052096,0.012796281990251911,0.6171221679309293,-0.3625492224601312,0.6523553104431006,1.1654293576948533,-0.05356971162874698,-0.2861288585267879,0,Ball-Playing Defender,"{""Defender Archetype 1 (Low PrgC)"": 0.0, ""Defender Archetype 2 (High xAG)"": 0.9606, ""Defender Archetype 3 (Low npxG)"": 0.0394}",0.115,0.762
Rodrigo Muniz,br BRA,2001.0,964,31,8,1,5.8,0.7,7,27,6,10,5,6,23.0,Fulham,eng Premier League,FW,Forward,0.541,0.065,0.654,2.521,0.56,0.934,0.467,0.56,92.7,15.0,15.2,61.4,6.0,45.9,78.5,24.6,rodrigo_muniz_br_bra_2001_0,Rodrigo Muniz,964,2.9798539733736855,-0.4104137364288306,-0.4344751970329892,-0.6426194077643654,-0.8839366297779164,-0.9484379407646325,-0.6956066006451229,-0.2799230402818157,0,Clinical Finisher / Poacher,"{""Forward Archetype 1 (Low PrgC)"": 0.9994, ""Forward Archetype 2 (High PrgC)"": 0.0006}",0.449,-2.66
Rodrigo Riquelme,es ESP,2000.0,516,16,0,1,0.9,0.8,15,24,43,11,2,6,24.0,Atlético Madrid,es La Liga,"MF,DF",Midfielder,0.157,0.14,2.616,4.186,7.5,1.919,0.349,1.047,77.1,69.5,97.7,47.4,100.0,52.9,10.7,73.5,rodrigo_riquelme_es_esp_2000_0,Rodrigo Riquelme,516,0.1872162733892032,0.4964648744692034,2.604161076986464,0.33090221756246097,4.457679635319207,0.33526075774498126,-0.9392090215580888,0.4756353310435516,0,Deep-Lying Playmaker,"{""Midfielder Archetype 1 (Low xAG)"": 0.0, ""Midfielder Archetype 2 (High xAG)"": 1.0}",3.817,1.462
Rodrygo,br BRA,2001.0,1928,30,6,5,3.9,3.0,49,108,113,21,11,49,23.0,Real Madrid,es La Liga,"FW,MF",Forward,0.182,0.14,2.287,5.041,5.275,0.98,0.513,2.287,23.6,54.0,94.2,94.9,93.8,48.1,82.7,92.7,rodrygo_br_bra_2001_0,Rodrygo,1928,0.36902862364860956,0.4964648744692034,2.0946242094266263,0.8308187278654261,2.7451297520568008,-0.8884885599205288,-0.6006429450349837,2.399438986984939,1,Dynamic Winger / Dribbler,"{""Forward Archetype 1 (Low PrgC)"": 0.0, ""Forward Archetype 2 (High PrgC)"": 1.0}",3.816,1.009
Rolando Mandragora,it ITA,1997.0,1856,28,4,2,1.9,4.8,31,92,11,23,15,7,27.0,Fiorentina,it Serie A,MF,Midfielder,0.092,0.233,1.503,4.461,0.533,1.115,0.727,0.339,52.8,90.9,75.3,54.9,8.8,12.3,43.9,17.7,rolando_mandragora_it_ita_1997_0,Rolando Mandragora,1856,-0.2854958372852534,1.6209943519827654,0.8804086952414832,0.4916940776014265,-0.904718133979303,-0.7125501596171807,-0.15885550371824925,-0.6227944983165308,0,Deep-Lying Playmaker,"{""Midfielder Archetype 1 (Low xAG)"": 0.0001, ""Midfielder Archetype 2 (High xAG)"": 0.9999}",0.61,0.195
Romain Del Castillo,fr FRA,1996.0,1259,26,6,4,1.5,3.4,37,61,29,31,6,19,28.0,Brest,fr Ligue 1,FW,Forward,0.107,0.243,2.645,4.361,2.073,2.216,0.429,1.358,6.0,86.8,97.1,91.4,47.7,95.6,72.9,67.4,romain_del_castillo_fr_fra_1996_0,Romain Del Castillo,1259,-0.17640842712960958,1.741911500102503,2.6490746610570874,0.43322431031452974,0.28059729084051976,0.7223252384123473,-0.7740548378882814,0.9581376995901417,1,Dynamic Winger / Dribbler,"{""Forward Archetype 1 (Low PrgC)"": 0.0, ""Forward Archetype 2 (High PrgC)"": 1.0}",2.584,1.497
Romain Faivre,fr FRA,1998.0,899,20,3,2,1.8,1.9,10,44,24,13,4,17,26.0,Brest,fr Ligue 1,"MF,FW",Midfielder,0.18,0.19,1.001,4.405,2.403,1.301,0.4,1.702,80.8,84.0,49.0,53.4,80.8,18.2,15.7,90.4,romain_faivre_fr_fra_1998_0,Romain Faivre,899,0.354483635627857,1.1010506150678925,0.10293906753620025,0.45895100792076443,0.5345934533019104,-0.4701461414214568,-0.8339232294685865,1.4918380686577521,0,Deep-Lying Playmaker,"{""Midfielder Archetype 1 (Low xAG)"": 0.0, ""Midfielder Archetype 2 (High xAG)"": 1.0}",1.878,0.07
Romain Perraud,fr FRA,1997.0,2002,28,2,2,0.6,1.6,16,62,51,36,22,11,26.0,Betis,es La Liga,DF,Defender,0.027,0.072,0.719,2.787,2.293,1.618,0.989,0.495,34.6,70.4,70.5,32.4,85.7,46.4,48.5,68.4,romain_perraud_fr_fra_1997_0,Romain Perraud,2002,-0.75820794795971,-0.3257717327450142,-0.3338068189436598,-0.4870898267812208,0.44992806581478034,-0.057016712561002145,0.38202444780036976,-0.3807675867626143,0,Ball-Playing Defender,"{""Defender Archetype 1 (Low PrgC)"": 0.0, ""Defender Archetype 2 (High xAG)"": 0.0467, ""Defender Archetype 3 (Low npxG)"": 0.9533}",-0.649,0.042
Romano Schmid,at AUT,2000.0,2834,32,5,4,3.5,6.2,68,279,107,43,11,45,24.0,Werder Bremen,de Bundesliga,MF,Midfielder,0.111,0.197,2.159,8.86,3.398,1.366,0.349,1.429,62.5,85.2,92.7,97.3,92.9,22.1,10.7,84.4,romano_schmid_at_aut_2000_0,Romano Schmid,2834,-0.1473184510881045,1.185692618751709,1.8963849418045622,3.063779140552002,1.3004303673900428,-0.38543505979391857,-0.9392090215580888,1.0682909734383985,0,Deep-Lying Playmaker,"{""Midfielder Archetype 1 (Low xAG)"": 0.0017, ""Midfielder Archetype 2 (High xAG)"": 0.9983}",2.883,2.194
Romelu Lukaku,be BEL,1993.0,2843,36,14,10,9.8,4.0,35,36,31,4,1,6,31.0,Napoli,it Serie A,FW,Forward,0.31,0.127,1.108,1.14,0.981,0.127,0.032,0.19,63.7,47.0,46.3,12.6,18.2,1.3,5.9,3.8,romelu_lukaku_be_bel_1993_0,Romelu Lukaku,2843,1.2999078569767701,0.33927258191354404,0.26865470531401986,-1.4500868939964058,-0.5598991013044454,-2.000158600355758,-1.5936324743497001,-0.8539612279417459,0,Clinical Finisher / Poacher,"{""Forward Archetype 1 (Low PrgC)"": 0.9989, ""Forward Archetype 2 (High PrgC)"": 0.0011}",0.914,-3.039
Roméo Lavia,be BEL,2004.0,797,16,0,1,0.3,0.7,7,31,3,22,16,10,20.0,Chelsea,eng Premier League,MF,Midfielder,0.034,0.079,0.79,3.501,0.339,2.484,1.807,1.129,16.3,42.6,34.0,30.3,3.6,76.8,97.2,76.6,rom_o_lavia_be_bel_2004_0,Roméo Lavia,797,-0.7073004898870762,-0.24112972906119762,-0.22384597518454596,-0.06961568835277994,-1.054037090092969,1.0715955441997342,2.07072597582415,0.6028546050654822,1,Box-to-Box / Pressing Engine,"{""Midfielder Archetype 1 (Low xAG)"": 0.9998, ""Midfielder Archetype 2 (High xAG)"": 0.0002}",-1.537,1.388
Ronald Araújo,uy URU,1999.0,754,12,1,1,1.0,0.4,4,49,6,12,9,0,25.0,Barcelona,es La Liga,DF,Defender,0.119,0.048,0.477,5.849,0.716,1.432,1.074,0.0,95.1,57.4,57.4,92.5,35.8,34.1,56.9,4.3,ronald_ara_jo_uy_uru_1999_0,Ronald Araújo,754,-0.08913849900509453,-0.6159728882323849,-0.7086029342916249,1.3032544475435497,-0.76386571661435,-0.29942073075672637,0.5575007679495402,-1.1487375945779261,1,Stopper / Defensive Destroyer,"{""Defender Archetype 1 (Low PrgC)"": 0.9652, ""Defender Archetype 2 (High xAG)"": 0.0322, ""Defender Archetype 3 (Low npxG)"": 0.0026}",-1.473,0.228
Ross Barkley,eng ENG,1993.0,581,20,3,1,1.8,0.6,9,36,15,14,10,12,30.0,Aston Villa,eng Premier League,MF,Midfielder,0.279,0.093,1.394,5.577,2.324,2.169,1.549,1.859,92.6,49.8,71.6,75.8,78.1,63.6,92.5,94.2,ross_barkley_eng_eng_1993_0,Ross Barkley,581,1.0744605426551066,-0.07184572169356465,0.7115955689070692,1.144216680523191,0.47378831137933497,0.6610726101585889,1.5381037334890209,1.7354164347729117,0,Deep-Lying Playmaker,"{""Midfielder Archetype 1 (Low xAG)"": 0.0002, ""Midfielder Archetype 2 (High xAG)"": 0.9998}",0.955,1.594
Ruben Aguilar,fr FRA,1993.0,1124,16,1,2,0.8,1.9,11,74,32,34,13,9,31.0,Lens,fr Ligue 1,"DF,MF",Defender,0.064,0.152,0.881,5.925,2.562,2.722,1.041,0.721,75.3,90.6,77.1,93.4,90.8,92.6,54.0,81.3,ruben_aguilar_fr_fra_1993_0,Ruben Aguilar,1124,-0.4891256695757885,0.6415654522128886,-0.08291024585948475,1.3476914706815908,0.6569734224878531,1.3817684276974886,0.48937466718574435,-0.030138855921684044,0,Ball-Playing Defender,"{""Defender Archetype 1 (Low PrgC)"": 0.0, ""Defender Archetype 2 (High xAG)"": 1.0, ""Defender Archetype 3 (Low npxG)"": 0.0}",0.039,2.03
Ruben Loftus-Cheek,eng ENG,1996.0,1037,19,0,0,0.7,1.9,16,51,27,19,3,11,28.0,Milan,it Serie A,MF,Midfielder,0.061,0.165,1.389,4.426,2.343,1.649,0.26,0.955,34.3,77.3,71.3,53.9,79.1,36.9,6.5,68.3,ruben_loftus_cheek_eng_eng_1996_0,Ruben Loftus-Cheek,1037,-0.5109431516069173,0.7987577447685479,0.7038518475155825,0.47122965905101266,0.4884123328543848,-0.01661604286171492,-1.1229430508907494,0.33290151140919066,0,Deep-Lying Playmaker,"{""Midfielder Archetype 1 (Low xAG)"": 0.1797, ""Midfielder Archetype 2 (High xAG)"": 0.8203}",1.267,0.465
Ruben Vargas,ch SUI,1998.0,976,19,2,1,2.7,1.5,19,27,38,9,5,18,25.0,"Sevilla, Augsburg","es La Liga, de Bundesliga","FW,MF",Forward,0.249,0.138,1.752,2.49,3.504,0.83,0.461,1.66,45.2,52.8,80.5,59.9,77.4,39.7,77.4,79.6,ruben_vargas_ch_sui_1998_0,Ruben Vargas,976,0.8562857223438186,0.4722814448452558,1.2660460205375301,-0.6607450356233031,1.3820170135140044,-1.0839756713686934,-0.7079931644203584,1.4266769770855439,1,Dynamic Winger / Dribbler,"{""Forward Archetype 1 (Low PrgC)"": 0.0399, ""Forward Archetype 2 (High PrgC)"": 0.9601}",2.605,-0.709
Rubén García,es ESP,1993.0,2413,36,5,5,3.2,3.6,49,112,37,52,15,12,31.0,Osasuna,es La Liga,"FW,MF",Forward,0.119,0.134,1.828,4.177,1.38,1.939,0.559,0.448,8.1,50.4,84.5,89.4,30.2,92.1,86.8,17.5,rub_n_garc_a_es_esp_1993_0,Rubén García,2413,-0.08913849900509453,0.4239145855973606,1.383750585688131,0.3256399385066401,-0.25279465032840054,0.3613257059380699,-0.5056792894248444,-0.4536859511410378,0,Clinical Finisher / Poacher,"{""Forward Archetype 1 (Low PrgC)"": 0.0, ""Forward Archetype 2 (High PrgC)"": 1.0}",0.62,0.499
Rubén Peña,es ESP,1991.0,775,25,0,0,0.7,0.6,13,27,18,12,6,10,33.0,Osasuna,es La Liga,"FW,DF",Forward,0.081,0.07,1.51,3.135,2.09,1.394,0.697,1.161,2.2,17.1,72.1,74.9,48.1,75.2,93.3,59.2,rub_n_pe_a_es_esp_1991_0,Rubén Peña,775,-0.36549327139939214,-0.3499551623689616,0.891249905189565,-0.2836150366228211,0.29368194163398526,-0.3489441323235948,-0.22078832259442704,0.65250115102526,0,Clinical Finisher / Poacher,"{""Forward Archetype 1 (Low PrgC)"": 0.0046, ""Forward Archetype 2 (High PrgC)"": 0.9954}",0.626,0.019
Rui Modesto,ao ANG,1999.0,608,20,0,1,0.5,0.8,14,22,16,16,8,3,24.0,Udinese,it Serie A,"DF,MF",Defender,0.074,0.118,2.072,3.257,2.368,2.368,1.184,0.444,82.1,84.4,98.7,48.1,87.0,82.1,66.7,63.7,rui_modesto_ao_ang_1999_0,Rui Modesto,608,-0.416400729472026,0.2304471486057799,1.7616441895926906,-0.21228192053280723,0.5076544663741871,0.9204188446798203,0.784587770495525,-0.45989176938601006,0,Ball-Playing Defender,"{""Defender Archetype 1 (Low PrgC)"": 0.0, ""Defender Archetype 2 (High xAG)"": 1.0, ""Defender Archetype 3 (Low npxG)"": 0.0}",0.35,1.299
Ryan Christie,sct SCO,1995.0,2117,29,2,3,1.8,3.5,41,137,34,54,30,23,29.0,Bournemouth,eng Premier League,MF,Midfielder,0.077,0.149,1.743,5.824,1.445,2.296,1.275,0.978,44.1,73.5,83.4,77.9,51.3,70.6,81.0,69.6,ryan_christie_sct_sco_1995_0,Ryan Christie,2117,-0.39458324744089723,0.6052903077769672,1.252107322032854,1.2886370057218253,-0.20276510317691437,0.8265850311847012,0.9724506544199307,0.3685849663177809,1,Box-to-Box / Pressing Engine,"{""Midfielder Archetype 1 (Low xAG)"": 0.9578, ""Midfielder Archetype 2 (High xAG)"": 0.0422}",0.369,2.067
Ryan Gravenberch,nl NED,2002.0,3160,37,0,4,1.1,3.1,26,181,70,69,60,37,22.0,Liverpool,eng Premier League,MF,Midfielder,0.031,0.088,0.741,5.155,1.994,1.965,1.709,1.054,12.9,47.5,30.5,70.0,68.7,54.1,96.2,74.0,ryan_gravenberch_nl_ned_2002_0,Ryan Gravenberch,3160,-0.7291179719182049,-0.13230429575343364,-0.2997344448211175,0.8974742625724881,0.21979214891794446,0.3952101385890851,1.8684121008286358,0.4864955129722532,1,Box-to-Box / Pressing Engine,"{""Midfielder Archetype 1 (Low xAG)"": 0.9994, ""Midfielder Archetype 2 (High xAG)"": 0.0006}",-0.79,1.7
Ryan Manning,ie IRL,1996.0,1462,24,0,1,0.3,3.2,34,35,14,28,17,11,28.0,Southampton,eng Premier League,"DF,MF",Defender,0.018,0.197,2.093,2.155,0.862,1.724,1.047,0.677,22.7,96.3,98.8,14.3,43.2,51.5,55.1,79.6,ryan_manning_ie_irl_1996_0,Ryan Manning,1462,-0.8236603940530962,1.185692618751709,1.7941678194369355,-0.8566187560344066,-0.6514916568587045,0.0811275128623673,0.5017612309609799,-0.09840285661637832,0,Ball-Playing Defender,"{""Defender Archetype 1 (Low PrgC)"": 0.0, ""Defender Archetype 2 (High xAG)"": 1.0, ""Defender Archetype 3 (Low npxG)"": 0.0}",0.525,0.595
Ryan Sessegnon,eng ENG,2000.0,580,16,4,2,1.6,1.1,12,22,18,27,3,8,24.0,Fulham,eng Premier League,"FW,DF",Forward,0.248,0.171,1.862,3.414,2.793,4.19,0.466,1.241,44.8,65.7,85.6,79.9,63.3,100.0,78.2,61.6,ryan_sessegnon_eng_eng_2000_0,Ryan Sessegnon,580,0.8490132283334424,0.8713080336403907,1.4364078911502418,-0.12048438589237973,0.8347707362108266,3.294935625070193,-0.6976710279409954,0.7766175159247044,1,Dynamic Winger / Dribbler,"{""Forward Archetype 1 (Low PrgC)"": 0.0, ""Forward Archetype 2 (High PrgC)"": 1.0}",1.636,1.786
Ryan Yates,eng ENG,1997.0,1915,35,2,1,2.3,1.2,18,53,18,42,26,9,26.0,Nott'ham Forest,eng Premier League,MF,Midfielder,0.108,0.056,0.846,2.491,0.846,1.974,1.222,0.423,60.7,26.5,38.8,9.6,22.1,54.2,77.4,25.2,ryan_yates_eng_eng_1997_0,Ryan Yates,1915,-0.1691359331192333,-0.5192391697365947,-0.137116295599893,-0.6601603379504343,-0.663806622311378,0.40693936527597485,0.8630360077386835,-0.4924723151721142,1,Box-to-Box / Pressing Engine,"{""Midfielder Archetype 1 (Low xAG)"": 0.9971, ""Midfielder Archetype 2 (High xAG)"": 0.0029}",-1.234,-0.062
Rémy Cabella,fr FRA,1990.0,1011,23,1,2,4.0,2.3,26,77,45,39,8,19,34.0,Lille,fr Ligue 1,"FW,MF",Forward,0.356,0.205,2.315,6.855,4.006,3.472,0.712,1.691,73.7,79.2,94.5,98.9,83.1,99.6,95.1,80.9,r_my_cabella_fr_fra_1990_0,Rémy Cabella,1011,1.6344425814540777,1.282426337247499,2.137989049218953,1.8914603064497284,1.7683990545916353,2.3592039849383113,-0.18982191315633815,1.4747720684840788,1,Dynamic Winger / Dribbler,"{""Forward Archetype 1 (Low PrgC)"": 0.0, ""Forward Archetype 2 (High PrgC)"": 1.0}",3.171,2.765
Rémy Labeau Lascary,gp GLP,2003.0,637,14,2,1,2.5,1.1,7,7,17,16,1,12,21.0,Lens,fr Ligue 1,"FW,MF",Forward,0.353,0.155,0.989,0.989,2.402,2.261,0.141,1.695,72.7,60.1,40.1,7.1,56.5,95.8,21.4,81.2,r_my_labeau_lascary_gp_glp_2003_0,Rémy Labeau Lascary,637,1.612625099422949,0.67784059664881,0.08435413619663187,-1.5383762425996195,0.5338237679611184,0.7809713718467965,-1.3686098990995876,1.480977886729051,0,Clinical Finisher / Poacher,"{""Forward Archetype 1 (Low PrgC)"": 0.0037, ""Forward Archetype 2 (High PrgC)"": 0.9963}",1.926,-1.148
Rúben Dias,pt POR,1997.0,2271,27,0,0,1.5,0.3,5,160,43,17,20,2,27.0,Manchester City,eng Premier League,DF,Defender,0.059,0.012,0.198,6.341,1.704,0.674,0.793,0.079,71.2,22.7,22.8,95.5,71.1,1.2,27.7,14.0,r_ben_dias_pt_por_1997_0,Rúben Dias,2271,-0.5254881396276698,-1.0512746214634412,-1.140702587936593,1.5909257025950803,-0.003416599911762442,-1.2872822672747843,-0.02260330219065808,-1.026172684239725,1,Stopper / Defensive Destroyer,"{""Defender Archetype 1 (Low PrgC)"": 0.9664, ""Defender Archetype 2 (High xAG)"": 0.0156, ""Defender Archetype 3 (Low npxG)"": 0.018}",-1.246,-0.2
Răzvan Marin,ro ROU,1996.0,1406,33,3,2,0.8,3.6,34,84,22,22,2,13,28.0,Cagliari,it Serie A,MF,Midfielder,0.051,0.23,2.176,5.377,1.408,1.408,0.128,0.832,28.2,90.3,92.9,73.1,49.8,23.5,1.7,60.2,r_zvan_marin_ro_rou_1996_0,Răzvan Marin,1406,-0.5836680917106799,1.584719207546844,1.922713594535618,1.027277145949398,-0.2312434607862219,-0.3306986685884328,-1.3954474539459314,0.14207260037629496,0,Deep-Lying Playmaker,"{""Midfielder Archetype 1 (Low xAG)"": 0.0033, ""Midfielder Archetype 2 (High xAG)"": 0.9967}",1.941,0.8
Saba Goglichidze,ge GEO,2004.0,2539,33,0,1,0.3,0.3,3,45,12,64,33,4,20.0,Empoli,it Serie A,DF,Defender,0.011,0.011,0.106,1.595,0.425,2.269,1.17,0.142,12.6,20.6,10.2,4.4,19.9,78.6,65.2,26.7,saba_goglichidze_ge_geo_2004_0,Saba Goglichidze,2539,-0.8745678521257301,-1.063366336275415,-1.2831870615399517,-1.1840494528410266,-0.987844150784849,0.791397351124032,0.7556857883533087,-0.9284310468814124,1,Stopper / Defensive Destroyer,"{""Defender Archetype 1 (Low PrgC)"": 0.9771, ""Defender Archetype 2 (High xAG)"": 0.0003, ""Defender Archetype 3 (Low npxG)"": 0.0226}",-2.592,-0.386
Sacha Boey,fr FRA,2000.0,593,13,0,2,0.1,1.2,3,39,18,20,2,6,23.0,Bayern Munich,de Bundesliga,DF,Defender,0.015,0.182,0.455,5.919,2.732,3.035,0.304,0.911,18.2,95.5,53.8,93.2,92.6,96.1,1.5,88.6,sacha_boey_fr_fra_2000_0,Sacha Boey,593,-0.845477876084225,1.004316896572102,-0.7426753084141672,1.3441832846443769,0.7878199304225091,1.7896848669193257,-1.0321082498723553,0.26463751071449637,0,Ball-Playing Defender,"{""Defender Archetype 1 (Low PrgC)"": 0.0, ""Defender Archetype 2 (High xAG)"": 1.0, ""Defender Archetype 3 (Low npxG)"": 0.0}",0.416,1.783
Sael Kumbedi,fr FRA,2005.0,951,14,0,0,0.3,0.3,5,37,23,28,8,9,19.0,Lyon,fr Ligue 1,DF,Defender,0.028,0.028,0.473,3.502,2.177,2.65,0.757,0.852,36.0,42.1,56.8,55.9,83.3,91.4,25.3,87.0,sael_kumbedi_fr_fra_2005_0,Sael Kumbedi,951,-0.7509354539493337,-0.8578071844718607,-0.7147979114048144,-0.06903099067991104,0.3606445662828975,1.2879346142023695,-0.09692268484207144,0.17310169160115607,0,Ball-Playing Defender,"{""Defender Archetype 1 (Low PrgC)"": 0.0, ""Defender Archetype 2 (High xAG)"": 0.0068, ""Defender Archetype 3 (Low npxG)"": 0.9932}",-0.921,0.665
Saidou Sow,gn GUI,2002.0,1817,21,1,1,0.8999999999999999,0.6000000000000001,4,31,2,26,28,5,22.0,"Strasbourg, Nantes",fr Ligue 1,DF,Defender,0.045,0.03,0.198,1.535,0.099,1.288,1.387,0.248,56.4,44.4,22.8,3.7,2.9,23.7,80.5,41.4,saidou_sow_gn_gui_2002_0,Saidou Sow,1817,-0.6273030557729373,-0.8336237548479131,-1.140702587936593,-1.219131313213165,-1.2387615718830713,-0.48708835774696424,1.2036665115576612,-0.7639768633896487,1,Stopper / Defensive Destroyer,"{""Defender Archetype 1 (Low PrgC)"": 0.9383, ""Defender Archetype 2 (High xAG)"": 0.0002, ""Defender Archetype 3 (Low npxG)"": 0.0614}",-2.318,-0.946
Salih Özcan,tr TUR,1998.0,744,22,0,0,0.4,1.2000000000000002,10,53,10,13,18,6,26.0,"Wolfsburg, Dortmund",de Bundesliga,MF,Midfielder,0.048,0.145,1.21,6.411,1.21,1.573,2.177,0.726,26.2,71.1,61.0,85.9,41.6,32.5,99.2,50.8,salih__zcan_tr_tur_1998_0,Salih Özcan,744,-0.6054855737418086,0.556923448529072,0.42662662170035204,1.6318545396959074,-0.3836411582630562,-0.11566284599545171,2.8345640752970085,-0.022381583115468767,1,Box-to-Box / Pressing Engine,"{""Midfielder Archetype 1 (Low xAG)"": 1.0, ""Midfielder Archetype 2 (High xAG)"": 0.0}",-0.772,2.26
Sam Beukema,nl NED,1998.0,3012,35,0,1,1.5,0.9,10,153,27,54,30,1,25.0,Bologna,it Serie A,DF,Defender,0.045,0.027,0.299,4.572,0.807,1.614,0.896,0.03,56.4,41.0,38.3,80.3,40.9,46.1,39.0,9.2,sam_beukema_nl_ned_1998_0,Sam Beukema,3012,-0.6273030557729373,-0.8698988992838345,-0.984279415828558,0.5565955192898815,-0.6938243506022695,-0.062229702199619874,0.1900327092842188,-1.1021939577406346,1,Stopper / Defensive Destroyer,"{""Defender Archetype 1 (Low PrgC)"": 0.9731, ""Defender Archetype 2 (High xAG)"": 0.0008, ""Defender Archetype 3 (Low npxG)"": 0.0261}",-1.795,-0.067
Sam Morsy,eg EGY,1991.0,2751,33,1,1,0.4,1.2,24,120,22,68,29,17,32.0,Ipswich Town,eng Premier League,MF,Midfielder,0.013,0.039,0.785,3.926,0.72,2.225,0.949,0.556,3.7,15.8,33.0,40.5,16.6,67.3,63.0,37.0,sam_morsy_eg_egy_1991_0,Sam Morsy,2751,-0.8600228641049775,-0.724798321540149,-0.23158969657603287,0.17888082261653024,-0.7607869752511817,0.734054465099237,0.299447355965466,-0.2861288585267879,1,Box-to-Box / Pressing Engine,"{""Midfielder Archetype 1 (Low xAG)"": 0.9946, ""Midfielder Archetype 2 (High xAG)"": 0.0054}",-1.367,0.581
Sammie Szmodics,ie IRL,1995.0,992,20,4,0,3.4,0.2,5,19,16,16,6,4,28.0,Ipswich Town,eng Premier League,"FW,MF",Forward,0.308,0.018,0.454,1.724,1.452,1.452,0.544,0.363,62.3,2.2,4.7,30.5,32.3,76.9,85.6,12.2,sammie_szmodics_ie_irl_1995_0,Sammie Szmodics,992,1.2853628689560177,-0.9787243325915984,-0.7442240526924645,-1.1086234530409302,-0.1973773057913698,-0.27335578256363774,-0.5366456988629333,-0.5855595888466975,0,Clinical Finisher / Poacher,"{""Forward Archetype 1 (Low PrgC)"": 0.9116, ""Forward Archetype 2 (High PrgC)"": 0.0884}",-0.519,-1.921
Samu Costa,pt POR,2000.0,2649,32,0,2,1.8,1.2,15,116,24,90,32,13,23.0,Mallorca,es La Liga,MF,Midfielder,0.061,0.041,0.51,3.941,0.815,3.058,1.087,0.442,34.3,17.1,13.1,40.8,20.7,92.4,70.8,26.5,samu_costa_pt_por_2000_0,Samu Costa,2649,-0.5109431516069173,-0.7006148919162014,-0.6574943731078114,0.18765128770956455,-0.6876668678759329,1.8196595573413772,0.5843383227958836,-0.4629946785084962,1,Box-to-Box / Pressing Engine,"{""Midfielder Archetype 1 (Low xAG)"": 0.9997, ""Midfielder Archetype 2 (High xAG)"": 0.0003}",-1.757,1.009
Samuel Chukwueze,ng NGA,1999.0,925,26,3,2,2.7,3.0,27,36,48,17,2,26,25.0,Milan,it Serie A,"FW,MF",Forward,0.263,0.292,2.627,3.503,4.67,1.654,0.195,2.53,50.9,93.3,96.9,81.2,89.4,86.3,31.7,95.6,samuel_chukwueze_ng_nga_1999_0,Samuel Chukwueze,925,0.9581006384890863,2.3344055258892182,2.6211972640477343,-0.06844629300704189,2.2794701208775847,-0.010099805813442905,-1.257130825122468,2.776442445367001,1,Dynamic Winger / Dribbler,"{""Forward Archetype 1 (Low PrgC)"": 0.0, ""Forward Archetype 2 (High PrgC)"": 1.0}",5.048,0.911
Samuel Essende,cd COD,1998.0,1636,30,7,2,4.2,1.3,11,21,33,7,0,14,26.0,Augsburg,de Bundesliga,FW,Forward,0.231,0.072,0.605,1.155,1.815,0.385,0.0,0.77,39.7,18.4,12.0,13.1,43.2,11.6,2.8,40.4,samuel_essende_cd_cod_1998_0,Samuel Essende,1636,0.7253808301570461,-0.3257717327450142,-0.5103636666695607,-1.4413164289033713,0.08201847291615984,-1.663920768664915,-1.6596941478176233,0.04588241757922568,0,Clinical Finisher / Poacher,"{""Forward Archetype 1 (Low PrgC)"": 0.9971, ""Forward Archetype 2 (High PrgC)"": 0.0029}",0.679,-2.715
Samuel Gigot,fr FRA,1993.0,683,15,2,0,1.3,0.0,0,12,7,4,13,1,30.0,Lazio,it Serie A,DF,Defender,0.171,0.0,0.0,1.581,0.922,0.527,1.713,0.132,98.9,4.3,1.9,4.1,46.0,0.4,93.2,24.5,samuel_gigot_fr_fra_1993_0,Samuel Gigot,683,0.2890311895344709,-1.1963751992071265,-1.4473539550394734,-1.1922352202611923,-0.6053105364111789,-1.4788596364939854,1.8766698100121262,-0.943945592493843,1,Stopper / Defensive Destroyer,"{""Defender Archetype 1 (Low PrgC)"": 0.9932, ""Defender Archetype 2 (High xAG)"": 0.0068, ""Defender Archetype 3 (Low npxG)"": 0.0}",-2.184,-1.61
Samuel Lino,br BRA,1999.0,1552,31,3,4,6.0,2.9,22,73,72,33,8,27,24.0,Atlético Madrid,es La Liga,"MF,DF",Midfielder,0.348,0.168,1.276,4.233,4.175,1.914,0.464,1.566,96.7,78.4,64.5,48.3,96.2,52.7,21.1,88.7,samuel_lino_br_bra_1999_0,Samuel Lino,1552,1.5762626293710678,0.8350328892044693,0.528843744067979,0.3583830081873022,1.8984758771854986,0.32874452069670895,-0.7017998825327407,1.280840248328697,0,Deep-Lying Playmaker,"{""Midfielder Archetype 1 (Low xAG)"": 0.0, ""Midfielder Archetype 2 (High xAG)"": 1.0}",2.646,0.251
Samuel Mbangula,be BEL,2004.0,709,23,3,3,0.6,1.4,15,17,25,15,3,9,20.0,Juventus,it Serie A,FW,Forward,0.076,0.178,1.904,2.158,3.173,1.904,0.381,1.142,1.3,69.8,86.7,48.6,71.4,91.4,64.5,58.5,samuel_mbangula_be_bel_2004_0,Samuel Mbangula,709,-0.40185574145127345,0.9559500373242069,1.5014551508387313,-0.8548646630157997,1.1272511657118218,0.31571204660016466,-0.8731473480901658,0.6230235143616417,1,Dynamic Winger / Dribbler,"{""Forward Archetype 1 (Low PrgC)"": 0.0192, ""Forward Archetype 2 (High PrgC)"": 0.9808}",1.899,0.335
Samuele Birindelli,it ITA,1999.0,1468,21,3,0,2.1,1.4,18,35,40,22,10,5,25.0,Monza,it Serie A,"DF,MF",Defender,0.129,0.086,1.104,2.146,2.452,1.349,0.613,0.307,95.7,74.7,85.4,13.9,88.2,28.0,13.8,49.3,samuele_birindelli_it_ita_1999_0,Samuele Birindelli,1468,-0.016413558901331914,-0.15648772537738123,0.26245972820083036,-0.8618810350902273,0.5723080350007229,-0.4075902657580441,-0.39420021544772466,-0.6724410442763085,0,Ball-Playing Defender,"{""Defender Archetype 1 (Low PrgC)"": 0.0, ""Defender Archetype 2 (High xAG)"": 1.0, ""Defender Archetype 3 (Low npxG)"": 0.0}",0.169,-0.782
Samuele Ricci,it ITA,2001.0,2825,34,1,1,1.3,0.6,15,116,43,35,25,6,22.0,Torino,it Serie A,MF,Midfielder,0.041,0.019,0.478,3.696,1.37,1.115,0.796,0.191,21.4,5.6,11.2,35.3,48.9,12.3,50.3,8.0,samuele_ricci_it_ita_2001_0,Samuele Ricci,2825,-0.6563930318144423,-0.9666326177796246,-0.7070541900133275,0.044400357856668356,-0.2604915037363213,-0.7125501596171807,-0.0164100203030403,-0.8524097733805027,1,Box-to-Box / Pressing Engine,"{""Midfielder Archetype 1 (Low xAG)"": 0.9872, ""Midfielder Archetype 2 (High xAG)"": 0.0128}",-1.287,-0.59
Samuele Vignato,it ITA,2004.0,470,17,0,0,0.3,0.0,1,17,5,6,0,4,20.0,Monza,it Serie A,MF,Midfielder,0.057,0.0,0.191,3.255,0.957,1.149,0.0,0.766,31.8,0.8,1.3,24.4,27.7,12.8,0.5,55.1,samuele_vignato_it_ita_2004_0,Samuele Vignato,470,-0.5400331276484224,-1.1963751992071265,-1.1515437978846745,-0.2134513158785453,-0.5783715494834557,-0.66823974768893,-1.6596941478176233,0.039676599334253465,1,Box-to-Box / Pressing Engine,"{""Midfielder Archetype 1 (Low xAG)"": 0.9859, ""Midfielder Archetype 2 (High xAG)"": 0.0141}",-0.794,-1.444
Sander Berge,no NOR,1998.0,2224,31,0,0,0.4,0.6,18,124,29,50,21,11,26.0,Fulham,eng Premier League,MF,Midfielder,0.016,0.024,0.728,5.018,1.174,2.023,0.85,0.445,5.1,8.6,28.9,67.4,40.0,56.6,54.1,26.9,sander_berge_no_nor_1998_0,Sander Berge,2224,-0.8382053820738488,-0.9061740437197559,-0.3198681204389834,0.8173706813894396,-0.4113498305315716,0.47079848834904214,0.09506905367407952,-0.458340314824767,1,Box-to-Box / Pressing Engine,"{""Midfielder Archetype 1 (Low xAG)"": 0.9913, ""Midfielder Archetype 2 (High xAG)"": 0.0087}",-1.25,0.689
Sandi Lovrić,si SVN,1998.0,2308,36,2,3,2.6,3.4,32,120,60,46,22,21,26.0,Udinese,it Serie A,MF,Midfielder,0.101,0.133,1.248,4.679,2.34,1.794,0.858,0.819,57.1,66.0,63.0,60.4,78.9,46.3,55.0,59.0,sandi_lovri__si_svn_1998_0,Sandi Lovrić,2308,-0.22004339119186703,0.4118228707853868,0.4854789042756524,0.6191581702868608,0.48610327683200844,0.1723548315381775,0.11158447204106026,0.12190369108013524,0,Deep-Lying Playmaker,"{""Midfielder Archetype 1 (Low xAG)"": 0.6856, ""Midfielder Archetype 2 (High xAG)"": 0.3144}",0.557,0.842
Sandro Ramírez,es ESP,1995.0,2034,31,9,3,3.3,3.4,28,52,52,27,16,16,29.0,Las Palmas,es La Liga,"FW,MF",Forward,0.146,0.15,1.239,2.301,2.301,1.195,0.708,0.708,12.9,58.0,54.5,52.5,53.4,63.3,94.7,37.0,sandro_ram_rez_es_esp_1995_0,Sandro Ramírez,2034,0.10721883927506433,0.617382022588941,0.47154020577097616,-0.7712528957955376,0.45608554854111705,-0.6082903668448262,-0.1980796223398285,-0.05030776521784377,0,Clinical Finisher / Poacher,"{""Forward Archetype 1 (Low PrgC)"": 0.4356, ""Forward Archetype 2 (High PrgC)"": 0.5644}",0.828,-0.561
Sandro Tonali,it ITA,2000.0,2630,36,4,2,4.4,2.2,28,128,37,51,34,20,24.0,Newcastle Utd,eng Premier League,MF,Midfielder,0.151,0.075,0.958,4.38,1.266,1.745,1.163,0.684,75.0,39.6,45.8,52.4,45.1,42.5,75.5,46.6,sandro_tonali_it_ita_2000_0,Sandro Tonali,2630,0.14358130932694563,-0.2894965883090928,0.036343063569413164,0.4443335660990401,-0.340538779178699,0.1084957084651105,0.7412347972822008,-0.08754267468767693,1,Box-to-Box / Pressing Engine,"{""Midfielder Archetype 1 (Low xAG)"": 0.9795, ""Midfielder Archetype 2 (High xAG)"": 0.0205}",-0.495,0.405
Santi Comesaña,es ESP,1996.0,2560,35,4,2,4.6,2.0,27,154,39,85,19,18,27.0,Villarreal,es La Liga,MF,Midfielder,0.162,0.07,0.949,5.414,1.371,2.988,0.668,0.633,78.4,36.4,45.1,73.9,49.1,90.5,38.6,43.4,santi_comesa_a_es_esp_1996_0,Santi Comesaña,2560,0.2235787434410845,-0.3499551623689616,0.022404365064736767,1.0489109598455495,-0.25972181839552927,1.7284322386655673,-0.280656714174732,-0.16666685731107278,1,Box-to-Box / Pressing Engine,"{""Midfielder Archetype 1 (Low xAG)"": 0.9636, ""Midfielder Archetype 2 (High xAG)"": 0.0364}",-0.399,1.146
Santiago Bueno,uy URU,1998.0,1687,29,0,0,0.4,0.0,0,28,1,41,15,0,25.0,Wolves,eng Premier League,DF,Defender,0.021,0.0,0.0,1.494,0.053,2.187,0.8,0.0,26.7,4.3,1.9,3.1,1.6,74.9,28.5,4.3,santiago_bueno_uy_uru_1998_0,Santiago Bueno,1687,-0.8018429120219674,-1.1963751992071265,-1.4473539550394734,-1.243103917800792,-1.2741670975595076,0.6845310635323684,-0.008152311119549924,-1.1487375945779261,1,Stopper / Defensive Destroyer,"{""Defender Archetype 1 (Low PrgC)"": 0.9852, ""Defender Archetype 2 (High xAG)"": 0.0005, ""Defender Archetype 3 (Low npxG)"": 0.0143}",-2.638,-0.932
Santiago Castro,ar ARG,2004.0,2294,36,8,4,6.9,2.9,28,39,17,18,3,18,19.0,Bologna,it Serie A,FW,Forward,0.271,0.114,1.099,1.53,0.667,0.706,0.118,0.706,53.9,41.6,45.7,24.8,8.2,33.0,16.7,36.6,santiago_castro_ar_arg_2004_0,Santiago Castro,2294,1.0162805905720964,0.18208028935788487,0.25471600680934325,-1.2220548015775097,-0.8015802983131626,-1.2455783501658428,-1.4160917269046573,-0.05341067434032988,0,Clinical Finisher / Poacher,"{""Forward Archetype 1 (Low PrgC)"": 0.9984, ""Forward Archetype 2 (High PrgC)"": 0.0016}",0.785,-2.303
Santiago Giménez,mx MEX,2001.0,669,14,5,2,4.0,0.9,6,6,13,5,1,7,23.0,Milan,it Serie A,FW,Forward,0.538,0.121,0.807,0.807,1.749,0.673,0.135,0.942,92.5,44.7,23.9,2.9,41.4,30.9,20.0,48.3,santiago_gim_nez_mx_mex_2001_0,Santiago Giménez,669,2.9580364913425568,0.26672229304170125,-0.19751732245349055,-1.644791219061771,0.031219240423881845,-1.288585514684439,-1.3809964628748232,0.31273260211303094,0,Clinical Finisher / Poacher,"{""Forward Archetype 1 (Low PrgC)"": 0.9999, ""Forward Archetype 2 (High PrgC)"": 0.0001}",1.718,-3.213
Santiago Mouriño,uy URU,2002.0,1849,25,0,1,0.9,0.9,7,46,14,43,29,4,22.0,Alavés,es La Liga,DF,Defender,0.044,0.044,0.341,2.239,0.681,2.093,1.412,0.195,55.3,54.7,42.9,15.8,33.4,70.6,82.0,33.9,santiago_mouri_o_uy_uru_2002_0,Santiago Mouriño,1849,-0.6345755497833137,-0.6643397474802801,-0.9192321561400681,-0.8075041515134135,-0.7908047035420732,0.562025807024852,1.2552771939544758,-0.8462039551355305,1,Stopper / Defensive Destroyer,"{""Defender Archetype 1 (Low PrgC)"": 0.1602, ""Defender Archetype 2 (High xAG)"": 0.0052, ""Defender Archetype 3 (Low npxG)"": 0.8346}",-2.162,-0.008
Santiago Pierotti,ar ARG,2001.0,1937,36,4,2,3.1,2.4,25,38,43,46,14,22,23.0,Lecce,it Serie A,FW,Forward,0.144,0.112,1.162,1.766,1.998,2.137,0.65,1.022,12.5,40.6,50.1,33.3,46.1,95.1,90.9,52.3,santiago_pierotti_ar_arg_2001_0,Santiago Pierotti,1937,0.09267385125431181,0.15789685973393727,0.3522868963420779,-1.084066150780434,0.22287089028111284,0.619368693049647,-0.31781640550043866,0.4368489670124754,0,Clinical Finisher / Poacher,"{""Forward Archetype 1 (Low PrgC)"": 0.1024, ""Forward Archetype 2 (High PrgC)"": 0.8976}",0.467,-0.212
Saïd Benrahma,dz ALG,1995.0,735,13,1,3,2.0,2.1,14,32,41,9,3,8,28.0,Lyon,fr Ligue 1,"FW,MF",Forward,0.245,0.257,1.714,3.918,5.02,1.102,0.367,0.98,44.1,90.0,79.2,86.7,91.8,56.8,63.0,50.3,sa_d_benrahma_dz_alg_1995_0,Saïd Benrahma,735,0.8271957463023136,1.9111955074701361,1.2071937379622297,0.17420324123357853,2.5488599901548166,-0.7294923759426882,-0.9020493302323821,0.37168787544026705,1,Dynamic Winger / Dribbler,"{""Forward Archetype 1 (Low PrgC)"": 0.0002, ""Forward Archetype 2 (High PrgC)"": 0.9998}",3.352,0.157
Saúl Coco,gq EQG,1999.0,2845,32,2,0,1.2,0.0,1,70,17,46,38,7,25.0,Torino,it Serie A,DF,Defender,0.038,0.0,0.032,2.214,0.538,1.455,1.202,0.221,47.0,4.3,4.0,15.0,25.5,35.2,68.7,37.2,sa_l_coco_gq_eqg_1999_0,Saúl Coco,2845,-0.6782105138455711,-1.1963751992071265,-1.3977941381339574,-0.8221215933351376,-0.9008697072753425,-0.26944604033467434,0.8217474618212316,-0.8058661365432113,1,Stopper / Defensive Destroyer,"{""Defender Archetype 1 (Low PrgC)"": 0.9951, ""Defender Archetype 2 (High xAG)"": 0.0001, ""Defender Archetype 3 (Low npxG)"": 0.0048}",-2.372,-0.812
Saúl Ñíguez,es ESP,1994.0,1553,24,1,6,2.8,2.5,22,66,13,47,22,12,29.0,Sevilla,es La Liga,MF,Midfielder,0.162,0.145,1.275,3.825,0.753,2.724,1.275,0.695,78.4,71.1,64.3,38.3,18.2,84.2,81.0,47.6,sa_l___guez_es_esp_1994_0,Saúl Ñíguez,1553,0.2235787434410845,0.556923448529072,0.5272949997896814,0.11982635765676482,-0.7353873590050426,1.3843749225167978,0.9724506544199307,-0.0704766745140035,1,Box-to-Box / Pressing Engine,"{""Midfielder Archetype 1 (Low xAG)"": 0.9711, ""Midfielder Archetype 2 (High xAG)"": 0.0289}",-0.345,1.143
Saša Lukić,rs SRB,1996.0,2344,30,0,2,1.2,2.7,26,98,39,68,28,8,27.0,Fulham,eng Premier League,MF,Midfielder,0.046,0.104,0.998,3.763,1.497,2.611,1.075,0.307,24.6,54.5,48.7,37.0,53.9,81.3,69.8,15.9,sa_a_luki__rs_srb_1996_0,Saša Lukić,2344,-0.6200305617625611,0.06116314123814692,0.09829283470130828,0.08357510193888884,-0.16274146545572551,1.2371079652258472,0.5595651952454125,-0.6724410442763085,1,Box-to-Box / Pressing Engine,"{""Midfielder Archetype 1 (Low xAG)"": 0.989, ""Midfielder Archetype 2 (High xAG)"": 0.011}",-0.866,1.056
Scott McKenna,sct SCO,1996.0,2466,29,0,0,1.1,0.7,4,45,11,21,9,3,27.0,Las Palmas,es La Liga,DF,Defender,0.04,0.026,0.146,1.642,0.401,0.766,0.328,0.109,49.7,39.8,15.5,4.8,18.5,2.7,2.0,20.0,scott_mckenna_sct_sco_1996_0,Scott McKenna,2466,-0.6636655258248185,-0.8819906140958083,-1.2212372904080564,-1.1565686622161855,-1.0063165989638592,-1.1673835055865769,-0.9825619947714131,-0.9796290474024333,1,Stopper / Defensive Destroyer,"{""Defender Archetype 1 (Low PrgC)"": 0.9787, ""Defender Archetype 2 (High xAG)"": 0.0008, ""Defender Archetype 3 (Low npxG)"": 0.0205}",-1.511,-2.09
Scott McTominay,sct SCO,1996.0,2957,36,12,4,7.5,2.7,26,113,56,43,24,39,27.0,"Manchester Utd, Napoli","eng Premier League, it Serie A",MF,Midfielder,0.228,0.082,0.791,3.439,1.704,1.309,0.73,1.187,89.2,44.1,34.3,29.7,61.9,18.4,44.3,77.8,scott_mctominay_sct_sco_1996_0,Scott McTominay,2957,0.7035633481259174,-0.20485458462527623,-0.2222972309062486,-0.10586694407065567,-0.003416599911762442,-0.4597201621442213,-0.15266222183063147,0.6928389696175794,1,Box-to-Box / Pressing Engine,"{""Midfielder Archetype 1 (Low xAG)"": 0.0101, ""Midfielder Archetype 2 (High xAG)"": 0.9899}",0.435,-0.625
Sead Kolašinac,ba BIH,1993.0,1903,23,0,2,0.8,1.8,17,142,52,41,25,3,31.0,Atalanta,it Serie A,DF,Defender,0.038,0.085,0.804,6.716,2.459,1.939,1.182,0.142,47.0,74.1,74.5,96.7,88.4,63.4,66.3,26.7,sead_kola_inac_ba_bih_1993_0,Sead Kolašinac,1903,-0.6782105138455711,-0.16857944018935483,-0.20216355528838267,1.8101873299209421,0.5776958323862676,0.3613257059380699,0.7804589159037798,-0.9284310468814124,0,Ball-Playing Defender,"{""Defender Archetype 1 (Low PrgC)"": 0.0, ""Defender Archetype 2 (High xAG)"": 0.5893, ""Defender Archetype 3 (Low npxG)"": 0.4107}",-0.734,1.626
Sean Longstaff,eng ENG,1997.0,798,25,0,0,0.6,0.2,4,40,4,27,7,2,26.0,Newcastle Utd,eng Premier League,MF,Midfielder,0.068,0.023,0.451,4.511,0.451,3.045,0.789,0.226,37.3,8.2,10.3,56.1,6.7,91.9,49.3,10.8,sean_longstaff_eng_eng_1997_0,Sean Longstaff,798,-0.4600356935342835,-0.9182657585317296,-0.7488702855273567,0.5209289612448746,-0.9678323319242546,1.8027173410158697,-0.030861011374148452,-0.798108863736996,1,Box-to-Box / Pressing Engine,"{""Midfielder Archetype 1 (Low xAG)"": 0.999, ""Midfielder Archetype 2 (High xAG)"": 0.001}",-1.904,0.774
Sebastiaan Bornauw,be BEL,1999.0,788,15,2,1,1.2,0.5,1,21,3,9,12,0,25.0,Wolfsburg,de Bundesliga,DF,Defender,0.137,0.057,0.114,2.398,0.343,1.028,1.371,0.0,96.3,62.6,10.9,21.2,15.2,10.6,79.7,4.3,sebastiaan_bornauw_be_bel_1999_0,Sebastiaan Bornauw,788,0.04176639318167818,-0.5071474549246209,-1.2707971073135726,-0.714537221527248,-1.0509583487298007,-0.8259326842571161,1.1706356748236997,-1.1487375945779261,1,Stopper / Defensive Destroyer,"{""Defender Archetype 1 (Low PrgC)"": 0.0, ""Defender Archetype 2 (High xAG)"": 0.928, ""Defender Archetype 3 (Low npxG)"": 0.072}",-1.988,-1.124
Sebastian Nanasi,se SWE,2002.0,2107,31,6,4,6.5,4.9,37,126,53,20,7,19,22.0,Strasbourg,fr Ligue 1,"MF,FW",Midfielder,0.278,0.209,1.58,5.382,2.264,0.854,0.299,0.812,92.4,88.1,77.8,73.3,76.1,6.1,8.4,58.7,sebastian_nanasi_se_swe_2002_0,Sebastian Nanasi,2107,1.0671880486447303,1.3307931964953943,0.9996620046703815,1.0302006343137426,0.4276071909318094,-1.0526977335369871,-1.0424303863517181,0.11104350915143403,0,Deep-Lying Playmaker,"{""Midfielder Archetype 1 (Low xAG)"": 0.0, ""Midfielder Archetype 2 (High xAG)"": 1.0}",2.216,-0.25
Sebastian Walukiewicz,pl POL,2000.0,1841,31,0,0,0.4,0.4,5,88,27,39,19,6,24.0,"Torino, Empoli",it Serie A,DF,Defender,0.02,0.02,0.244,4.302,1.32,1.907,0.929,0.293,25.1,33.2,30.8,75.8,58.0,61.8,41.4,48.1,sebastian_walukiewicz_pl_pol_2000_0,Sebastian Walukiewicz,1841,-0.8091154060323437,-0.9545409029676508,-1.0694603511349137,0.3987271476152607,-0.29897577077592596,0.3196217888291281,0.2581588100480144,-0.6941614081337113,1,Stopper / Defensive Destroyer,"{""Defender Archetype 1 (Low PrgC)"": 0.72, ""Defender Archetype 2 (High xAG)"": 0.0034, ""Defender Archetype 3 (Low npxG)"": 0.2766}",-1.697,0.236
Sebastiano Esposito,it ITA,2002.0,2331,33,8,0,4.2,2.1,36,93,31,57,12,29,22.0,Empoli,it Serie A,"FW,MF",Forward,0.162,0.081,1.39,3.591,1.197,2.201,0.463,1.12,18.6,24.2,65.2,82.7,25.1,95.3,77.7,57.2,sebastiano_esposito_it_ita_2002_0,Sebastiano Esposito,2331,0.2235787434410845,-0.21694629943725002,0.7054005917938797,-0.016992897794572935,-0.3936470676933534,0.7027765272675307,-0.7038643098286133,0.5888915140142948,0,Clinical Finisher / Poacher,"{""Forward Archetype 1 (Low PrgC)"": 0.0022, ""Forward Archetype 2 (High PrgC)"": 0.9978}",0.472,0.144
Sebastiano Luperto,it ITA,1996.0,3240,36,1,3,2.2,1.3,8,96,22,48,33,1,27.0,Cagliari,it Serie A,DF,Defender,0.061,0.036,0.222,2.667,0.611,1.333,0.917,0.028,72.8,49.9,26.6,28.5,30.2,26.3,40.5,8.7,sebastiano_luperto_it_ita_1996_0,Sebastiano Luperto,3240,-0.5109431516069173,-0.7610734659760703,-1.1035327252574558,-0.5572535475254966,-0.8446826773975198,-0.42844222431251494,0.23338568249754327,-1.1052968668631207,1,Stopper / Defensive Destroyer,"{""Defender Archetype 1 (Low PrgC)"": 0.7333, ""Defender Archetype 2 (High xAG)"": 0.0068, ""Defender Archetype 3 (Low npxG)"": 0.2599}",-1.843,-0.927
Seko Fofana,ci CIV,1995.0,844,16,1,1,1.8,1.2,13,72,32,11,7,12,29.0,Rennes,fr Ligue 1,MF,Midfielder,0.192,0.128,1.386,7.678,3.412,1.173,0.746,1.28,83.2,64.0,71.0,95.0,93.4,13.8,44.9,80.6,seko_fofana_ci_civ_1995_0,Seko Fofana,844,0.4417535637523722,0.35136429672551783,0.6992056146806902,2.3726664912208864,1.3112059621611318,-0.6369618098572237,-0.11963138509666996,0.8371242438131834,0,Deep-Lying Playmaker,"{""Midfielder Archetype 1 (Low xAG)"": 0.0008, ""Midfielder Archetype 2 (High xAG)"": 0.9992}",1.796,1.305
Sekou Mara,fr FRA,2002.0,768,25,1,1,2.0,1.0,5,11,9,9,3,11,22.0,Strasbourg,fr Ligue 1,"FW,MF",Forward,0.234,0.117,0.586,1.289,1.055,1.055,0.352,1.289,41.2,43.1,10.9,17.1,21.7,51.0,60.8,63.4,sekou_mara_fr_fra_2002_0,Sekou Mara,768,0.7471983121881749,0.21835543379380626,-0.5397898079572109,-1.36296694073893,-0.5029423860858306,-0.7907450041964467,-0.933015739670471,0.8510873348643707,0,Clinical Finisher / Poacher,"{""Forward Archetype 1 (Low PrgC)"": 0.8713, ""Forward Archetype 2 (High PrgC)"": 0.1287}",0.601,-1.854
Selim Amallah,ma MAR,1996.0,1376,24,3,1,2.7,1.1,13,57,24,30,14,33,27.0,Valladolid,es La Liga,MF,Midfielder,0.177,0.072,0.85,3.728,1.57,1.962,0.916,2.158,80.3,37.4,39.2,36.1,56.7,53.9,60.1,97.2,selim_amallah_ma_mar_1996_0,Selim Amallah,1376,0.33266615359672824,-0.3257717327450142,-0.13092131848670346,0.06311068338847525,-0.10655443557790278,0.3913003963601217,0.23132125520167066,2.199301348584585,1,Box-to-Box / Pressing Engine,"{""Midfielder Archetype 1 (Low xAG)"": 0.0006, ""Midfielder Archetype 2 (High xAG)"": 0.9994}",0.594,0.397
Senne Lynen,be BEL,1999.0,2733,32,0,1,1.1,0.6,8,91,9,72,65,12,25.0,Werder Bremen,de Bundesliga,MF,Midfielder,0.036,0.02,0.263,2.997,0.296,2.371,2.141,0.395,17.6,6.7,3.0,19.6,2.3,74.0,99.0,22.2,senne_lynen_be_bel_1999_0,Senne Lynen,2733,-0.6927555018663236,-0.9545409029676508,-1.0400342098472635,-0.3643033154787382,-1.0871335597470289,0.9243285869087837,2.7602446926455952,-0.5359130428869197,1,Box-to-Box / Pressing Engine,"{""Midfielder Archetype 1 (Low xAG)"": 1.0, ""Midfielder Archetype 2 (High xAG)"": 0.0}",-2.918,0.923
Senny Mayulu,fr FRA,2006.0,808,20,2,2,2.9,2.1,12,46,29,25,5,15,18.0,Paris S-G,fr Ligue 1,MF,Midfielder,0.323,0.234,1.337,5.124,3.23,2.785,0.557,1.671,96.0,91.2,67.7,69.3,91.5,85.8,29.6,90.0,senny_mayulu_fr_fra_2006_0,Senny Mayulu,808,1.3944502791116615,1.633086066794739,0.6233171450441188,0.8793486347135497,1.1711232301369712,1.463873014505718,-0.5098081440165896,1.4437429772592176,0,Deep-Lying Playmaker,"{""Midfielder Archetype 1 (Low xAG)"": 0.0, ""Midfielder Archetype 2 (High xAG)"": 1.0}",2.517,1.326
Sepp van den Berg,nl NED,2001.0,2586,31,0,0,2.0,0.8,6,79,12,39,21,4,22.0,Brentford,eng Premier League,DF,Defender,0.07,0.028,0.209,2.749,0.418,1.357,0.731,0.139,79.4,42.1,24.9,31.1,19.4,28.8,22.4,25.9,sepp_van_den_berg_nl_ned_2001_0,Sepp van den Berg,2586,-0.4454907055135309,-0.8578071844718607,-1.1236664008753219,-0.5093083383502414,-0.9932319481703937,-0.3971642864808086,-0.15059779453475886,-0.9330854105651416,1,Stopper / Defensive Destroyer,"{""Defender Archetype 1 (Low PrgC)"": 0.9881, ""Defender Archetype 2 (High xAG)"": 0.0006, ""Defender Archetype 3 (Low npxG)"": 0.0114}",-1.741,-1.078
Serge Gnabry,de GER,1995.0,1242,27,7,5,6.8,5.1,24,48,44,20,6,18,29.0,Bayern Munich,de Bundesliga,"FW,MF",Forward,0.493,0.37,1.739,3.478,3.188,1.449,0.435,1.304,89.4,96.8,79.6,80.9,71.8,76.7,74.1,64.5,serge_gnabry_de_ger_1995_0,Serge Gnabry,1242,2.630774260875625,3.2775592812231733,1.2459123449196645,-0.08306373482876594,1.1387964458237032,-0.2772655247926009,-0.7616682741130459,0.8743591532830167,1,Dynamic Winger / Dribbler,"{""Forward Archetype 1 (Low PrgC)"": 0.0239, ""Forward Archetype 2 (High PrgC)"": 0.9761}",4.029,-0.342
Sergi,es ESP,1992.0,2957,36,2,0,1.5,0.4,5,77,3,40,39,4,32.0,Leganés,es La Liga,DF,Defender,0.046,0.012,0.152,2.344,0.091,1.217,1.187,0.122,57.8,22.7,16.2,19.0,2.5,20.3,67.3,22.7,sergi_es_esp_1992_0,Sergi,2957,-0.6200305617625611,-1.0512746214634412,-1.2119448247382723,-0.7461108958621723,-1.244919054609408,-0.5796189238324287,0.790781052383143,-0.9594601381062735,1,Stopper / Defensive Destroyer,"{""Defender Archetype 1 (Low PrgC)"": 0.9963, ""Defender Archetype 2 (High xAG)"": 0.0, ""Defender Archetype 3 (Low npxG)"": 0.0037}",-2.344,-0.979
Sergi Altimira,es ESP,2001.0,1972,32,0,1,1.6,1.7,22,99,25,61,24,16,22.0,Betis,es La Liga,MF,Midfielder,0.073,0.078,1.004,4.518,1.141,2.784,1.095,0.73,41.5,41.6,49.7,56.6,36.8,85.6,71.6,51.7,sergi_altimira_es_esp_2001_0,Sergi Altimira,1972,-0.4236732234824023,-0.2532214438731714,0.10758530037109255,0.5250218449549572,-0.4367494467777106,1.4625697670960631,0.6008537411628644,-0.016175764870496545,1,Box-to-Box / Pressing Engine,"{""Midfielder Archetype 1 (Low xAG)"": 0.9989, ""Midfielder Archetype 2 (High xAG)"": 0.0011}",-0.823,1.342
Sergi Cardona,es ESP,1999.0,2945,35,1,7,2.4,5.8,45,77,52,71,40,10,25.0,Villarreal,es La Liga,DF,Defender,0.073,0.177,1.375,2.353,1.589,2.17,1.222,0.306,81.7,95.0,91.3,19.4,66.8,73.8,70.9,49.2,sergi_cardona_es_esp_1999_0,Sergi Cardona,2945,-0.4236732234824023,0.9438583225122331,0.6821694276194192,-0.7408486168063514,-0.0919304141028531,0.6623758575682431,0.8630360077386835,-0.6739924988375515,0,Ball-Playing Defender,"{""Defender Archetype 1 (Low PrgC)"": 0.0, ""Defender Archetype 2 (High xAG)"": 0.9999, ""Defender Archetype 3 (Low npxG)"": 0.0001}",-0.162,0.649
Sergi Darder,es ESP,1993.0,2744,38,2,6,2.1,3.7,54,142,37,40,16,34,30.0,Mallorca,es La Liga,"MF,FW",Midfielder,0.069,0.121,1.771,4.657,1.214,1.312,0.525,1.115,38.3,61.5,84.1,59.7,42.1,18.6,26.0,75.8,sergi_darder_es_esp_1993_0,Sergi Darder,2744,-0.4527631995239072,0.26672229304170125,1.29547216182518,0.6062948214837435,-0.38056241689988785,-0.4558104199152579,-0.5758698174845126,0.5811342412080794,0,Deep-Lying Playmaker,"{""Midfielder Archetype 1 (Low xAG)"": 0.1749, ""Midfielder Archetype 2 (High xAG)"": 0.8251}",0.934,0.423
Sergi Gómez,es ESP,1992.0,664,12,0,0,0.3,0.0,0,8,0,8,7,0,32.0,Espanyol,es La Liga,DF,Defender,0.041,0.0,0.0,1.084,0.0,1.084,0.949,0.0,51.2,4.3,1.9,0.4,0.7,12.8,43.6,4.3,sergi_g_mez_es_esp_1992_0,Sergi Gómez,664,-0.6563930318144423,-1.1963751992071265,-1.4473539550394734,-1.4828299636770677,-1.3149604206214884,-0.752950829316468,0.299447355965466,-1.1487375945779261,1,Stopper / Defensive Destroyer,"{""Defender Archetype 1 (Low PrgC)"": 0.9993, ""Defender Archetype 2 (High xAG)"": 0.0001, ""Defender Archetype 3 (Low npxG)"": 0.0007}",-2.478,-1.758
Sergi Roberto,es ESP,1992.0,696,13,0,1,0.7,0.7,15,36,10,14,9,3,32.0,Como,it Serie A,MF,Midfielder,0.091,0.091,1.94,4.655,1.293,1.81,1.164,0.388,52.1,48.8,88.7,59.5,46.5,47.9,75.8,21.4,sergi_roberto_es_esp_1992_0,Sergi Roberto,696,-0.2927683312956296,-0.09602915131751225,1.5572099448574368,0.6051254261380057,-0.3197572749773126,0.1932067900926484,0.7432992245780731,-0.5467732248156211,1,Box-to-Box / Pressing Engine,"{""Midfielder Archetype 1 (Low xAG)"": 0.2885, ""Midfielder Archetype 2 (High xAG)"": 0.7115}",-0.05,1.04
Sergio Akieme,es ESP,1997.0,2523,30,2,3,1.5,2.5,21,86,55,34,17,13,26.0,Reims,fr Ligue 1,DF,Defender,0.054,0.089,0.749,3.068,1.962,1.213,0.606,0.464,65.7,75.9,71.7,41.7,77.9,19.7,13.1,65.6,sergio_akieme_es_esp_1997_0,Sergio Akieme,2523,-0.5618506096795511,-0.12021258094145984,-0.2873444905947385,-0.3227897807050416,0.19516221801259748,-0.5848319134710465,-0.4086512065188328,-0.4288626781611489,0,Ball-Playing Defender,"{""Defender Archetype 1 (Low PrgC)"": 0.0, ""Defender Archetype 2 (High xAG)"": 0.1264, ""Defender Archetype 3 (Low npxG)"": 0.8736}",-0.23,-0.523
Sergio Camello,es ESP,2001.0,1134,23,3,2,4.1,2.0,19,27,20,9,4,13,23.0,Rayo Vallecano,es La Liga,FW,Forward,0.325,0.159,1.508,2.143,1.587,0.714,0.317,1.032,67.7,61.8,71.6,47.9,36.8,33.5,55.1,53.0,sergio_camello_es_esp_2001_0,Sergio Camello,1134,1.4089952671324142,0.7262074558967051,0.8881524166329703,-0.8636351281088342,-0.09346978478443728,-1.2351523708886072,-1.0052706950260117,0.45236351262490593,0,Clinical Finisher / Poacher,"{""Forward Archetype 1 (Low PrgC)"": 0.9863, ""Forward Archetype 2 (High PrgC)"": 0.0137}",1.825,-1.668
Sergio Carreira,es ESP,2000.0,1656,23,0,4,0.6,3.1,16,53,39,28,17,14,23.0,Celta Vigo,es La Liga,"MF,DF",Midfielder,0.033,0.168,0.87,2.88,2.12,1.522,0.924,0.761,15.3,78.4,40.5,16.4,71.5,30.2,60.9,54.6,sergio_carreira_es_esp_2000_0,Sergio Carreira,1656,-0.7145729838974524,0.8350328892044693,-0.09994643292075592,-0.43271294320440706,0.31677250185774825,-0.18212846388782755,0.2478366735686514,0.03191932652803818,1,Box-to-Box / Pressing Engine,"{""Midfielder Archetype 1 (Low xAG)"": 0.0032, ""Midfielder Archetype 2 (High xAG)"": 0.9968}",0.177,0.232
Sergio Gómez,es ESP,2000.0,2738,37,2,5,1.9,8.9,56,93,43,71,19,22,23.0,Real Sociedad,es La Liga,"MF,DF",Midfielder,0.062,0.293,1.841,3.057,1.413,2.334,0.625,0.723,35.2,97.9,86.4,20.2,50.1,72.3,35.7,50.5,sergio_g_mez_es_esp_2000_0,Sergio Gómez,2738,-0.5036706575965411,2.346497240701192,1.4038842613059965,-0.3292214551066003,-0.22739503408226136,0.8761084327515699,-0.36942708789725354,-0.027035946799197935,0,Deep-Lying Playmaker,"{""Midfielder Archetype 1 (Low xAG)"": 0.0, ""Midfielder Archetype 2 (High xAG)"": 1.0}",1.38,1.033
Serhou Guirassy,gn GUI,1996.0,2598,30,21,4,19.6,3.9,25,43,25,7,4,11,28.0,Dortmund,de Bundesliga,FW,Forward,0.679,0.135,0.866,1.49,0.866,0.242,0.139,0.381,98.0,51.0,29.6,23.5,13.5,4.7,20.7,13.3,serhou_guirassy_gn_gui_1996_0,Serhou Guirassy,2598,3.9834581468056087,0.4360063004093344,-0.10614141003394542,-1.2454427084922681,-0.6484129154955361,-1.8502851482454983,-1.372738753691333,-0.5576334067443225,0,Clinical Finisher / Poacher,"{""Forward Archetype 1 (Low PrgC)"": 1.0, ""Forward Archetype 2 (High PrgC)"": 0.0}",1.643,-3.885
Seydouba Cissé,gn GUI,2001.0,2435,34,3,1,3.0,1.0,17,110,26,59,12,30,23.0,Leganés,es La Liga,MF,Midfielder,0.111,0.037,0.628,4.066,0.961,2.181,0.444,1.109,62.5,14.2,21.8,43.8,28.0,64.5,19.3,75.6,seydouba_ciss__gn_gui_2001_0,Seydouba Cissé,2435,-0.1473184510881045,-0.7489817511640966,-0.47474254826872103,0.2607384968181851,-0.5752928081202874,0.676711579074442,-0.7430884284501925,0.5718255138406211,1,Box-to-Box / Pressing Engine,"{""Midfielder Archetype 1 (Low xAG)"": 0.9185, ""Midfielder Archetype 2 (High xAG)"": 0.0815}",-0.465,0.012
Shavy Babicka,ga GAB,2000.0,1186,30,4,2,3.9,1.6,13,21,36,21,3,11,24.0,Toulouse,fr Ligue 1,"MF,FW",Midfielder,0.296,0.121,0.987,1.594,2.732,1.594,0.228,0.835,93.9,61.5,47.7,2.0,86.7,33.9,4.6,60.4,shavy_babicka_ga_gab_2000_0,Shavy Babicka,1186,1.1980929408315026,0.26672229304170125,0.08125664764003712,-1.1846341505138958,0.7878199304225091,-0.0882946503927085,-1.1890047243586723,0.14672696406002414,0,Deep-Lying Playmaker,"{""Midfielder Archetype 1 (Low xAG)"": 0.0, ""Midfielder Archetype 2 (High xAG)"": 1.0}",1.287,-1.391
Sheraldo Becker,sr SUR,1995.0,995,22,2,1,2.0,2.0,8,23,51,3,1,4,29.0,Real Sociedad,es La Liga,"FW,MF",Forward,0.181,0.181,0.724,2.08,4.613,0.271,0.09,0.362,23.2,71.1,19.5,46.3,88.5,5.8,13.2,12.0,sheraldo_becker_sr_sur_1995_0,Sheraldo Becker,995,0.3617561296382333,0.9922251817601283,-0.3260630975521729,-0.9004710814995788,2.2355980564524356,-1.81249097336552,-1.47389569118909,-0.5871110434079405,0,Clinical Finisher / Poacher,"{""Forward Archetype 1 (Low PrgC)"": 0.0, ""Forward Archetype 2 (High PrgC)"": 1.0}",1.903,-1.726
Shuto Machino,jp JPN,1999.0,1953,32,11,2,4.9,3.0,27,59,30,8,7,10,24.0,Holstein Kiel,de Bundesliga,"FW,MF",Forward,0.226,0.138,1.244,2.719,1.382,0.369,0.323,0.461,38.1,52.8,54.8,65.2,30.4,10.2,57.2,19.1,shuto_machino_jp_jpn_1999_0,Shuto Machino,1953,0.6890183601051648,0.4722814448452558,0.4792839271624629,-0.5268492685363104,-0.2512552796468163,-1.6847727272193858,-0.9928841312507761,-0.4335170418448781,0,Clinical Finisher / Poacher,"{""Forward Archetype 1 (Low PrgC)"": 0.9254, ""Forward Archetype 2 (High PrgC)"": 0.0746}",0.967,-1.719
Siebe Van Der Heyden,be BEL,1998.0,969,15,1,0,1.7,0.1,3,33,11,18,19,2,26.0,"Mallorca, St. Pauli","es La Liga, de Bundesliga","DF,MF",Defender,0.158,0.009,0.279,3.065,1.022,1.672,1.765,0.186,97.9,17.1,35.6,41.6,50.4,49.1,94.7,33.0,siebe_van_der_heyden_be_bel_1998_0,Siebe Van Der Heyden,969,0.19448876739957946,-1.0875497658993627,-1.0152543013945055,-0.32454387372364857,-0.5283420023319696,0.01335864756033686,1.9840200293975006,-0.8601670461867181,1,Stopper / Defensive Destroyer,"{""Defender Archetype 1 (Low PrgC)"": 0.9962, ""Defender Archetype 2 (High xAG)"": 0.0038, ""Defender Archetype 3 (Low npxG)"": 0.0}",-2.151,-0.142
Silvan Widmer,ch SUI,1993.0,504,27,0,1,0.3,0.4,2,23,3,11,5,0,31.0,Mainz 05,de Bundesliga,DF,Defender,0.054,0.071,0.357,4.107,0.536,1.964,0.893,0.0,65.7,69.9,44.7,71.7,25.3,64.8,38.1,4.3,silvan_widmer_ch_sui_1993_0,Silvan Widmer,504,-0.5618506096795511,-0.337863447556988,-0.8944522476873101,0.2847111014058129,-0.9024090779569267,0.39390689117943056,0.18383942739660103,-1.1487375945779261,1,Stopper / Defensive Destroyer,"{""Defender Archetype 1 (Low PrgC)"": 0.0, ""Defender Archetype 2 (High xAG)"": 0.1269, ""Defender Archetype 3 (Low npxG)"": 0.8731}",-1.692,0.065
Simon Adingra,ci CIV,2002.0,1097,29,2,2,2.5,2.5,16,18,50,23,8,21,22.0,Brighton,eng Premier League,"FW,MF",Forward,0.205,0.205,1.313,1.477,4.102,1.887,0.656,1.723,29.7,79.2,59.4,22.2,84.7,90.9,91.4,81.8,simon_adingra_ci_civ_2002_0,Simon Adingra,1097,0.5362959858872633,1.282426337247499,0.5861472823649818,-1.2530437782395647,1.8422888473076762,0.2935568406360395,-0.3054298417252031,1.5244186144438565,1,Dynamic Winger / Dribbler,"{""Forward Archetype 1 (Low PrgC)"": 0.0004, ""Forward Archetype 2 (High PrgC)"": 0.9996}",2.394,0.04
Simon Sohm,ch SUI,2001.0,2989,37,4,0,3.1,2.1,20,140,69,28,26,15,23.0,Parma,it Serie A,MF,Midfielder,0.093,0.063,0.602,4.215,2.078,0.843,0.783,0.452,53.7,31.8,19.6,47.6,70.5,5.5,48.8,28.3,simon_sohm_ch_sui_2001_0,Simon Sohm,2989,-0.27822334327487713,-0.43459716605277815,-0.5150098995044529,0.3478584500756609,0.28444571754448017,-1.0670334550431857,-0.04324757514938401,-0.4474801328960656,1,Box-to-Box / Pressing Engine,"{""Midfielder Archetype 1 (Low xAG)"": 0.9067, ""Midfielder Archetype 2 (High xAG)"": 0.0933}",-0.355,-0.481
Sinaly Diomande,ci CIV,2001.0,1945,23,3,2,1.1,0.6,4,72,8,39,30,8,23.0,Auxerre,fr Ligue 1,DF,Defender,0.051,0.028,0.185,3.332,0.37,1.805,1.388,0.37,62.4,42.1,20.9,50.0,16.6,55.6,80.7,56.1,sinaly_diomande_ci_civ_2001_0,Sinaly Diomande,1945,-0.5836680917106799,-0.8578071844718607,-1.1608362635544587,-0.16842959506763502,-1.030176844528414,0.1866905530443761,1.2057309388535336,-0.574699406917996,1,Stopper / Defensive Destroyer,"{""Defender Archetype 1 (Low PrgC)"": 0.6139, ""Defender Archetype 2 (High xAG)"": 0.0017, ""Defender Archetype 3 (Low npxG)"": 0.3844}",-2.216,0.011
Sirlord Conteh,de GER,1996.0,892,29,1,1,2.1,2.6,14,19,29,9,1,6,28.0,Heidenheim,de Bundesliga,"FW,MF",Forward,0.212,0.262,1.413,1.917,2.926,0.908,0.101,0.605,33.4,90.5,66.3,39.2,65.9,44.1,13.9,27.7,sirlord_conteh_de_ger_1996_0,Sirlord Conteh,892,0.5872034439598972,1.971654081530005,0.7410217101947196,-0.9957768021772201,0.937138886536175,-0.9823223734156478,-1.4511869909344914,-0.21010758502587834,1,Dynamic Winger / Dribbler,"{""Forward Archetype 1 (Low PrgC)"": 0.2151, ""Forward Archetype 2 (High PrgC)"": 0.7849}",2.337,-1.18
Sofiane Diop,fr FRA,2000.0,1064,28,6,4,6.0,2.9,24,64,26,23,17,10,24.0,Nice,fr Ligue 1,"MF,FW",Midfielder,0.508,0.245,2.03,5.414,2.199,1.945,1.438,0.846,99.8,93.1,90.9,73.9,73.5,53.4,89.6,61.7,sofiane_diop_fr_fra_2000_0,Sofiane Diop,1064,2.7398616710312687,1.7660949297264505,1.6965969299042005,1.0489109598455495,0.3775776437803234,0.3691451903959965,1.3089523036471633,0.16379296423369774,0,Deep-Lying Playmaker,"{""Midfielder Archetype 1 (Low xAG)"": 0.0, ""Midfielder Archetype 2 (High xAG)"": 1.0}",2.217,0.951
Son Heung-min,kr KOR,1992.0,2110,30,7,9,5.7,8.2,50,111,96,17,5,29,32.0,Tottenham,eng Premier League,FW,Forward,0.243,0.35,2.133,4.735,4.095,0.725,0.213,1.237,43.7,96.2,91.9,93.1,84.5,34.5,35.0,61.3,son_heung_min_kr_kor_1992_0,Son Heung-min,2110,0.8126507582815611,3.0357249849836974,1.8561175905688305,0.6519012399675229,1.836901049922131,-1.2208166493824086,-1.2199711337967611,0.7704116976797322,1,Dynamic Winger / Dribbler,"{""Forward Archetype 1 (Low PrgC)"": 0.0001, ""Forward Archetype 2 (High PrgC)"": 0.9999}",4.226,0.328
Sorba Thomas,wls WAL,1999.0,1321,25,1,3,1.5,3.7,36,34,41,14,9,9,24.0,Nantes,fr Ligue 1,"FW,MF",Forward,0.102,0.252,2.453,2.316,2.793,0.954,0.613,0.613,4.5,88.8,96.0,53.2,63.3,47.1,89.2,28.2,sorba_thomas_wls_wal_1999_0,Sorba Thomas,1321,-0.21277089718149086,1.850736933410267,2.351715759623991,-0.7624824307025032,0.8347707362108266,-0.922372992571544,-0.39420021544772466,-0.1976959485359339,1,Dynamic Winger / Dribbler,"{""Forward Archetype 1 (Low PrgC)"": 0.0001, ""Forward Archetype 2 (High PrgC)"": 0.9999}",2.349,0.035
Souleymane Touré,fr FRA,2003.0,733,12,1,0,0.4,0.0,2,26,6,7,9,5,21.0,Udinese,it Serie A,DF,Defender,0.049,0.0,0.246,3.192,0.737,0.859,1.105,0.614,60.3,4.3,31.3,45.1,37.6,4.6,60.2,76.8,souleymane_tour__fr_fra_2003_0,Souleymane Touré,733,-0.5982130797314323,-1.1963751992071265,-1.0663628625783188,-0.2502872692692899,-0.7477023244577161,-1.0461814964887148,0.6214980141215903,-0.19614449397469083,1,Stopper / Defensive Destroyer,"{""Defender Archetype 1 (Low PrgC)"": 0.1069, ""Defender Archetype 2 (High xAG)"": 0.0261, ""Defender Archetype 3 (Low npxG)"": 0.867}",-1.654,-0.822
Soungoutou Magassa,fr FRA,2003.0,1025,21,0,1,0.5,0.9,7,63,6,47,21,15,20.0,Monaco,fr Ligue 1,MF,Midfielder,0.044,0.079,0.615,5.532,0.527,4.127,1.844,1.317,23.1,42.6,20.7,75.3,8.5,99.2,97.3,81.9,soungoutou_magassa_fr_fra_2003_0,Soungoutou Magassa,1025,-0.6345755497833137,-0.24112972906119762,-0.4948762238865869,1.1179052852440876,-0.9093362460240554,3.212831038261963,2.1471097857714354,0.8945280625791763,1,Box-to-Box / Pressing Engine,"{""Midfielder Archetype 1 (Low xAG)"": 1.0, ""Midfielder Archetype 2 (High xAG)"": 0.0}",-1.784,3.146
Stanislav Lobotka,sk SVK,1994.0,2636,32,0,1,0.3,1.2,17,118,30,47,21,8,29.0,Napoli,it Serie A,MF,Midfielder,0.01,0.041,0.58,4.029,1.024,1.605,0.717,0.273,2.7,17.1,17.9,43.1,30.3,34.3,43.1,14.4,stanislav_lobotka_sk_svk_1994_0,Stanislav Lobotka,2636,-0.8818403461361063,-0.7006148919162014,-0.5490822736269951,0.2391046829220335,-0.5268026316503854,-0.0739589288865099,-0.17949977667697517,-0.7251904993585723,1,Box-to-Box / Pressing Engine,"{""Midfielder Archetype 1 (Low xAG)"": 0.9892, ""Midfielder Archetype 2 (High xAG)"": 0.0108}",-1.274,-0.069
Stanko Jurić,hr CRO,1996.0,1729,26,0,0,0.8,0.5,4,57,5,48,24,6,27.0,Valladolid,es La Liga,MF,Midfielder,0.042,0.026,0.208,2.967,0.26,2.499,1.249,0.312,22.0,9.4,2.0,18.4,2.0,77.8,80.3,16.6,stanko_juri__hr_cro_1996_0,Stanko Jurić,1729,-0.6491205378040661,-0.8819906140958083,-1.1252151451536192,-0.381844245664807,-1.1148422320155442,1.091144255344551,0.9187755447272438,-0.6646837714700933,1,Box-to-Box / Pressing Engine,"{""Midfielder Archetype 1 (Low xAG)"": 0.9996, ""Midfielder Archetype 2 (High xAG)"": 0.0004}",-2.376,0.26
Stanley N'Soki,fr FRA,1999.0,1308,22,0,0,0.1,0.4,7,52,10,22,26,11,25.0,Hoffenheim,de Bundesliga,DF,Defender,0.007,0.028,0.482,3.578,0.688,1.514,1.789,0.757,7.9,42.1,57.8,57.5,34.1,38.2,95.1,82.0,stanley_n_soki_fr_fra_1999_0,Stanley N'Soki,1308,-0.903657828167235,-0.8578071844718607,-0.700859212900138,-0.02459396754186968,-0.7854169061565287,-0.192554443165063,2.0335662844984426,0.02571350828306596,1,Stopper / Defensive Destroyer,"{""Defender Archetype 1 (Low PrgC)"": 0.0012, ""Defender Archetype 2 (High xAG)"": 0.0083, ""Defender Archetype 3 (Low npxG)"": 0.9905}",-1.976,0.566
Stefan Bajcetic,es ESP,2004.0,969,14,1,0,0.3,0.2,7,39,8,29,15,11,19.0,Las Palmas,es La Liga,"MF,DF",Midfielder,0.028,0.019,0.65,3.622,0.743,2.693,1.393,1.022,11.1,5.6,23.4,33.7,17.6,83.3,87.9,71.6,stefan_bajcetic_es_esp_2004_0,Stefan Bajcetic,969,-0.7509354539493337,-0.9666326177796246,-0.4406701741461787,0.0011327300643647954,-0.7430842124129635,1.3439742528175103,1.2160530753328966,0.4368489670124754,1,Box-to-Box / Pressing Engine,"{""Midfielder Archetype 1 (Low xAG)"": 0.9991, ""Midfielder Archetype 2 (High xAG)"": 0.0009}",-1.665,1.117
Stefan Bell,de GER,1991.0,1436,18,0,1,0.8,1.0,5,38,8,22,28,2,32.0,Mainz 05,de Bundesliga,DF,Defender,0.05,0.063,0.313,2.382,0.501,1.379,1.755,0.125,61.2,65.4,40.3,20.6,23.7,30.3,94.3,23.2,stefan_bell_de_ger_1991_0,Stefan Bell,1436,-0.590940585721056,-0.43459716605277815,-0.9625969959323947,-0.7238923842931514,-0.92934806488465,-0.3684928434684111,1.9633757564387746,-0.9548057744225444,1,Stopper / Defensive Destroyer,"{""Defender Archetype 1 (Low PrgC)"": 0.0, ""Defender Archetype 2 (High xAG)"": 0.001, ""Defender Archetype 3 (Low npxG)"": 0.9989}",-2.24,-0.207
Stefan Lainer,at AUT,1992.0,757,21,1,0,0.3,1.0,9,25,25,22,12,5,31.0,Gladbach,de Bundesliga,DF,Defender,0.036,0.119,1.07,2.972,2.972,2.616,1.427,0.594,45.2,84.6,84.4,38.6,94.4,90.8,83.2,75.3,stefan_lainer_at_aut_1992_0,Stefan Lainer,757,-0.6927555018663236,0.2425388634177537,0.2098024227387195,-0.37892075730046226,0.9725444122126111,1.2436242022741193,1.2862436033925648,-0.22717358519955194,0,Ball-Playing Defender,"{""Defender Archetype 1 (Low PrgC)"": 0.0, ""Defender Archetype 2 (High xAG)"": 0.7563, ""Defender Archetype 3 (Low npxG)"": 0.2437}",-0.369,1.429
Stefan Posch,at AUT,1997.0,1101,19,0,0,0.5,0.7,10,59,16,44,9,4,27.0,"Bologna, Atalanta",it Serie A,DF,Defender,0.041,0.057,0.817,4.823,1.308,3.597,0.736,0.327,51.2,62.6,74.8,83.0,57.6,98.9,22.9,51.3,stefan_posch_at_aut_1997_0,Stefan Posch,1101,-0.6563930318144423,-0.5071474549246209,-0.18202987967051695,0.7033546351799919,-0.3082119948654311,2.5221099111451153,-0.1402756580553959,-0.6414119530514474,0,Ball-Playing Defender,"{""Defender Archetype 1 (Low PrgC)"": 0.0, ""Defender Archetype 2 (High xAG)"": 0.0167, ""Defender Archetype 3 (Low npxG)"": 0.9833}",-1.26,1.625
Stefan de Vrij,nl NED,1992.0,1636,25,3,0,1.1,0.0,1,76,11,18,22,3,32.0,Inter,it Serie A,DF,Defender,0.061,0.0,0.055,4.181,0.605,0.99,1.21,0.165,72.8,4.3,4.8,73.1,29.7,8.6,69.3,30.5,stefan_de_vrij_nl_ned_1992_0,Stefan de Vrij,1636,-0.5109431516069173,-1.1963751992071265,-1.3621730197331177,0.3279787291981162,-0.8493007894422723,-0.8754560858239845,0.8382628801882124,-0.8927475919728222,1,Stopper / Defensive Destroyer,"{""Defender Archetype 1 (Low PrgC)"": 0.9935, ""Defender Archetype 2 (High xAG)"": 0.0002, ""Defender Archetype 3 (Low npxG)"": 0.0063}",-2.15,-0.558
Stefano Sabelli,it ITA,1993.0,2058,34,0,2,0.1,1.9,18,88,36,58,22,4,31.0,Genoa,it Serie A,DF,Defender,0.004,0.083,0.787,3.848,1.574,2.536,0.962,0.175,5.5,73.6,73.5,64.2,66.2,88.2,45.3,32.0,stefano_sabelli_it_ita_1993_0,Stefano Sabelli,2058,-0.9254753101983638,-0.19276286981330243,-0.22849220801943812,0.13327440413275082,-0.10347569421473442,1.1393644095017648,0.3262849108118097,-0.8772330463603916,0,Ball-Playing Defender,"{""Defender Archetype 1 (Low PrgC)"": 0.0, ""Defender Archetype 2 (High xAG)"": 0.0769, ""Defender Archetype 3 (Low npxG)"": 0.9231}",-1.183,0.927
Stephan El Shaarawy,it ITA,1992.0,1098,31,3,4,2.7,1.2,15,49,42,16,10,17,31.0,Roma,it Serie A,"DF,MF",Defender,0.221,0.098,1.23,4.016,3.443,1.311,0.82,1.393,99.6,79.7,87.8,68.7,96.9,25.3,30.1,96.5,stephan_el_shaarawy_it_ita_1992_0,Stephan El Shaarawy,1098,0.6526558900532835,-0.01138714763369568,0.4576015072662996,0.231503613174737,1.335066207725687,-0.45711366732491243,0.03313623479790171,1.0124386092336486,0,Ball-Playing Defender,"{""Defender Archetype 1 (Low PrgC)"": 0.0, ""Defender Archetype 2 (High xAG)"": 1.0, ""Defender Archetype 3 (Low npxG)"": 0.0}",1.464,0.12
Stephy Mavididi,eng ENG,1998.0,1615,30,4,1,1.8,2.6,22,57,91,34,11,35,26.0,Leicester City,eng Premier League,FW,Forward,0.1,0.145,1.226,3.176,5.071,1.895,0.613,1.95,4.1,55.4,53.7,75.6,92.6,91.1,89.2,87.6,stephy_mavididi_eng_eng_1998_0,Stephy Mavididi,1615,-0.2273158852022433,0.556923448529072,0.4514065301531101,-0.2596424320351933,2.5881139425352138,0.3039828199132749,-0.39420021544772466,1.8765987998460296,1,Dynamic Winger / Dribbler,"{""Forward Archetype 1 (Low PrgC)"": 0.0016, ""Forward Archetype 2 (High PrgC)"": 0.9984}",2.304,0.877
Steven Skrzybski,de GER,1992.0,1323,24,6,3,2.7,2.9,22,64,17,19,11,13,31.0,Holstein Kiel,de Bundesliga,"MF,FW",Midfielder,0.184,0.197,1.497,4.354,1.156,1.293,0.748,0.884,81.4,85.2,75.0,51.6,38.3,17.6,45.3,63.7,steven_skrzybski_de_ger_1992_0,Steven Skrzybski,1323,0.38357361166936205,1.185692618751709,0.8711162295716993,0.42913142660444714,-0.4252041666658293,-0.4805721206986922,-0.11550253050492477,0.22274823756093387,0,Deep-Lying Playmaker,"{""Midfielder Archetype 1 (Low xAG)"": 0.0091, ""Midfielder Archetype 2 (High xAG)"": 0.9909}",1.107,0.155
Stoichkov,es ESP,1993.0,699,16,0,1,1.1,1.2,7,26,9,14,1,6,30.0,Alavés,es La Liga,"MF,FW",Midfielder,0.142,0.155,0.901,3.348,1.159,1.803,0.129,0.773,72.0,74.6,42.0,26.5,38.8,47.3,1.8,55.6,stoichkov_es_esp_1993_0,Stoichkov,699,0.07812886323355928,0.67784059664881,-0.0519353602935372,-0.15907443230173157,-0.4228951106434529,0.18408405822506724,-1.3933830266500589,0.050536781262954855,0,Deep-Lying Playmaker,"{""Midfielder Archetype 1 (Low xAG)"": 0.2786, ""Midfielder Archetype 2 (High xAG)"": 0.7214}",0.583,-0.506
Strahinja Pavlović,rs SRB,2001.0,1864,24,2,1,1.8,1.1,6,94,40,52,16,4,23.0,Milan,it Serie A,DF,Defender,0.087,0.053,0.29,4.539,1.931,2.511,0.773,0.193,87.6,60.0,36.8,79.8,77.3,87.1,26.1,33.6,strahinja_pavlovi__rs_srb_2001_0,Strahinja Pavlović,1864,-0.3218583073371347,-0.5555143141725161,-0.9982181143332343,0.5373004960852054,0.17130197244804268,1.106783224260404,-0.06389184810810994,-0.8493068642580166,1,Stopper / Defensive Destroyer,"{""Defender Archetype 1 (Low PrgC)"": 0.0, ""Defender Archetype 2 (High xAG)"": 0.7003, ""Defender Archetype 3 (Low npxG)"": 0.2997}",-1.207,0.549
Suat Serdar,de GER,1997.0,1376,22,2,1,1.9,1.0,10,56,18,35,8,19,27.0,Hellas Verona,it Serie A,MF,Midfielder,0.124,0.065,0.654,3.663,1.177,2.289,0.523,1.243,67.1,33.1,23.7,34.8,40.3,69.7,25.9,79.3,suat_serdar_de_ger_1997_0,Suat Serdar,1376,-0.05277602895321322,-0.4104137364288306,-0.4344751970329892,0.025105334651992307,-0.40904077450919524,0.8174622993171207,-0.5799986720762578,0.7797204250471905,1,Box-to-Box / Pressing Engine,"{""Midfielder Archetype 1 (Low xAG)"": 0.8909, ""Midfielder Archetype 2 (High xAG)"": 0.1091}",-0.202,0.107
Suso,es ESP,1993.0,606,16,0,2,0.7,1.6,22,43,20,10,4,14,30.0,Sevilla,es La Liga,"FW,MF",Forward,0.104,0.238,3.267,6.386,2.97,1.485,0.594,2.079,5.2,85.8,99.3,97.3,67.0,78.7,88.2,88.5,suso_es_esp_1993_0,Suso,606,-0.19822590916073834,1.6814529260426339,3.6123936021580554,1.6172370978741837,0.9710050415310271,-0.2303486180450414,-0.4334243340693039,2.076736438246384,1,Dynamic Winger / Dribbler,"{""Forward Archetype 1 (Low PrgC)"": 0.0, ""Forward Archetype 2 (High PrgC)"": 1.0}",3.839,2.275
Sávio,br BRA,2004.0,1766,29,1,8,5.0,6.9,46,67,137,23,6,52,20.0,Manchester City,eng Premier League,"FW,MF",Forward,0.255,0.352,2.344,3.414,6.982,1.172,0.306,2.65,47.9,96.5,95.1,79.9,98.7,61.2,52.4,96.7,s_vio_br_bra_2004_0,Sávio,1766,0.8999206864060763,3.0599084146076447,2.1829026332895767,-0.12048438589237973,4.058982628788903,-0.6382650572668783,-1.0279793952806102,2.9626169927161676,1,Dynamic Winger / Dribbler,"{""Forward Archetype 1 (Low PrgC)"": 0.0, ""Forward Archetype 2 (High PrgC)"": 1.0}",6.026,1.026
Tajon Buchanan,ca CAN,1999.0,511,19,1,2,0.9,0.6,6,7,25,13,1,13,25.0,"Inter, Villarreal","it Serie A, es La Liga",MF,Midfielder,0.159,0.106,1.057,1.233,4.403,2.29,0.176,2.29,77.9,55.2,52.3,0.7,97.7,70.0,3.4,98.2,tajon_buchanan_ca_can_1999_0,Tajon Buchanan,511,0.20176126140995573,0.08534657086209452,0.1896687471208534,-1.395710010419592,2.0739641348860953,0.8187655467267749,-1.296354943744047,2.4040933506686684,0,Deep-Lying Playmaker,"{""Midfielder Archetype 1 (Low xAG)"": 0.0, ""Midfielder Archetype 2 (High xAG)"": 1.0}",2.254,-0.14
Takefusa Kubo,jp JPN,2001.0,2372,36,5,0,3.6,4.5,45,110,133,31,17,75,23.0,Real Sociedad,es La Liga,"MF,FW",Midfielder,0.137,0.171,1.707,4.174,5.046,1.176,0.645,2.846,70.2,79.1,81.9,47.0,98.8,13.9,37.0,99.0,takefusa_kubo_jp_jpn_2001_0,Takefusa Kubo,2372,0.04176639318167818,0.8713080336403907,1.1963525280141483,0.3238858454880337,2.5688718090154117,-0.6330520676282606,-0.32813854197980163,3.266702086719807,0,Deep-Lying Playmaker,"{""Midfielder Archetype 1 (Low xAG)"": 0.0, ""Midfielder Archetype 2 (High xAG)"": 1.0}",3.588,1.047
Takuma Asano,jp JPN,1994.0,1054,21,2,1,2.7,0.7,6,20,28,13,6,6,29.0,Mallorca,es La Liga,"FW,MF",Forward,0.231,0.06,0.512,1.708,2.391,1.11,0.512,0.512,39.7,12.5,6.9,29.7,55.7,58.2,82.5,21.7,takuma_asano_jp_jpn_1994_0,Takuma Asano,1054,0.7253808301570461,-0.47087231048869954,-0.6543968845512167,-1.1179786158068339,0.5253572292124054,-0.7190663966654527,-0.6027073723308564,-0.35439285922148234,0,Clinical Finisher / Poacher,"{""Forward Archetype 1 (Low PrgC)"": 0.8286, ""Forward Archetype 2 (High PrgC)"": 0.1714}",0.073,-1.69
Takumi Minamino,jp JPN,1995.0,2231,31,6,3,8.9,6.6,40,114,51,33,10,12,29.0,Monaco,fr Ligue 1,"MF,FW",Midfielder,0.359,0.266,1.614,4.599,2.057,1.331,0.403,0.484,97.2,95.7,78.6,57.9,70.0,20.1,16.3,31.0,takumi_minamino_jp_jpn_1995_0,Takumi Minamino,2231,1.6562600634852067,2.0200209407779,1.0523193101324924,0.5723823564573436,0.2682823253878463,-0.4310487191318238,-0.8277299475809687,-0.3978335869362879,0,Deep-Lying Playmaker,"{""Midfielder Archetype 1 (Low xAG)"": 0.0, ""Midfielder Archetype 2 (High xAG)"": 1.0}",2.264,-0.298
Tammy Abraham,eng ENG,1997.0,1184,29,3,4,5.4,2.2,14,27,8,17,2,4,26.0,"Roma, Milan",it Serie A,FW,Forward,0.41,0.167,1.064,2.052,0.608,1.292,0.152,0.304,80.5,64.9,43.3,44.6,7.3,69.2,23.9,8.3,tammy_abraham_eng_eng_1997_0,Tammy Abraham,1184,2.0271572580143955,0.8229411743924955,0.2005099570689352,-0.9168426163399098,-0.846991733419896,-0.4818753681083465,-1.3459011988449892,-0.6770954079600376,0,Clinical Finisher / Poacher,"{""Forward Archetype 1 (Low PrgC)"": 0.9933, ""Forward Archetype 2 (High PrgC)"": 0.0067}",0.969,-2.116
Tamás Nikitscher,hu HUN,1999.0,858,13,0,0,0.1,0.0,2,13,2,17,11,5,24.0,Valladolid,es La Liga,"MF,DF",Midfielder,0.01,0.0,0.21,1.364,0.21,1.783,1.154,0.524,2.7,0.8,2.2,1.0,1.2,45.8,75.0,34.0,tam_s_nikitscher_hu_hun_1999_0,Tamás Nikitscher,858,-0.8818403461361063,-1.1963751992071265,-1.1221176565970246,-1.3191146152737574,-1.153326499055149,0.1580191100319786,0.7226549516193471,-0.3357754044865657,1,Box-to-Box / Pressing Engine,"{""Midfielder Archetype 1 (Low xAG)"": 0.997, ""Midfielder Archetype 2 (High xAG)"": 0.003}",-2.303,-0.728
Tanguy Coulibaly,fr FRA,2001.0,1485,25,3,0,3.5,1.3,18,20,48,32,11,29,23.0,Montpellier,fr Ligue 1,"FW,MF",Forward,0.212,0.079,1.091,1.212,2.909,1.939,0.667,1.758,33.4,22.6,44.8,14.7,65.0,92.1,92.0,83.1,tanguy_coulibaly_fr_fra_2001_0,Tanguy Coulibaly,1485,0.5872034439598972,-0.24112972906119762,0.24232605258296425,-1.4079886615498403,0.9240542357427092,0.3613257059380699,-0.2827211414706046,1.5787195240873633,1,Dynamic Winger / Dribbler,"{""Forward Archetype 1 (Low PrgC)"": 0.005, ""Forward Archetype 2 (High PrgC)"": 0.995}",1.165,-0.518
Tanguy Ndombele,fr FRA,1996.0,1131,18,1,2,2.4,2.4,18,61,22,35,14,25,27.0,Nice,fr Ligue 1,MF,Midfielder,0.191,0.191,1.432,4.854,1.751,2.785,1.114,1.989,82.9,84.2,72.9,64.8,63.0,85.8,72.6,95.9,tanguy_ndombele_fr_fra_1996_0,Tanguy Ndombele,1131,0.4344810697419959,1.1131423298798662,0.7704478514823696,0.7214802630389295,0.032758611105465865,1.463873014505718,0.6400778597844439,1.937105527734509,0,Deep-Lying Playmaker,"{""Midfielder Archetype 1 (Low xAG)"": 0.0043, ""Midfielder Archetype 2 (High xAG)"": 0.9957}",1.351,1.873
Tanguy Nianzou,fr FRA,2002.0,518,6,0,0,0.2,0.0,0,10,4,7,8,3,22.0,Sevilla,es La Liga,DF,Defender,0.035,0.0,0.0,1.737,0.695,1.216,1.39,0.521,44.1,4.3,1.9,5.5,34.4,20.1,80.9,70.2,tanguy_nianzou_fr_fra_2002_0,Tanguy Nianzou,518,-0.7000279958766998,-1.1963751992071265,-1.4473539550394734,-1.1010223832936337,-0.7800291087709841,-0.5809221712420833,1.2098597934452788,-0.34042976817029486,1,Stopper / Defensive Destroyer,"{""Defender Archetype 1 (Low PrgC)"": 0.8462, ""Defender Archetype 2 (High xAG)"": 0.0016, ""Defender Archetype 3 (Low npxG)"": 0.1521}",-2.257,-0.895
Tanner Tessmann,us USA,2001.0,1234,25,1,0,1.0,0.6,7,56,11,25,19,10,22.0,Lyon,fr Ligue 1,MF,Midfielder,0.073,0.044,0.511,4.084,0.802,1.823,1.386,0.729,41.5,18.7,13.3,44.3,19.8,48.4,87.3,51.4,tanner_tessmann_us_usa_2001_0,Tanner Tessmann,1234,-0.4236732234824023,-0.6643397474802801,-0.655945628829514,0.2712630549298264,-0.69767277730623,0.21014900641815587,1.2016020842617883,-0.017727219431739598,1,Box-to-Box / Pressing Engine,"{""Midfielder Archetype 1 (Low xAG)"": 0.9996, ""Midfielder Archetype 2 (High xAG)"": 0.0004}",-1.464,0.484
Tariq Lamptey,gh GHA,2000.0,860,15,2,2,0.4,0.8,5,14,32,17,7,10,23.0,Brighton,eng Premier League,DF,Defender,0.042,0.084,0.523,1.465,3.349,1.779,0.733,1.047,52.5,73.8,60.4,2.5,96.5,54.3,22.6,92.3,tariq_lamptey_gh_gha_2000_0,Tariq Lamptey,860,-0.6491205378040661,-0.18067115500132863,-0.6373606974899455,-1.260060150313992,1.2627157856912303,0.1528061203933609,-0.1464689399430137,0.4756353310435516,0,Ball-Playing Defender,"{""Defender Archetype 1 (Low PrgC)"": 0.0, ""Defender Archetype 2 (High xAG)"": 0.9756, ""Defender Archetype 3 (Low npxG)"": 0.0244}",0.105,-0.294
Taylor Harwood-Bellis,eng ENG,2002.0,2825,34,1,0,1.8,1.0,14,125,29,28,30,3,22.0,Southampton,eng Premier League,DF,Defender,0.057,0.032,0.446,3.982,0.924,0.892,0.956,0.096,68.8,46.3,53.1,67.8,46.3,6.3,44.7,16.5,taylor_harwood_bellis_eng_eng_2002_0,Taylor Harwood-Bellis,2825,-0.5400331276484224,-0.8094403252239655,-0.7566140069188435,0.2116238922971923,-0.6037711657295947,-1.0031743319701187,0.31389834703657415,-0.999797956698593,1,Stopper / Defensive Destroyer,"{""Defender Archetype 1 (Low PrgC)"": 0.9773, ""Defender Archetype 2 (High xAG)"": 0.001, ""Defender Archetype 3 (Low npxG)"": 0.0217}",-1.458,-0.637
Teddy Teuma,mt MLT,1993.0,750,17,1,0,0.6,1.1,13,47,9,18,12,3,30.0,Reims,fr Ligue 1,MF,Midfielder,0.072,0.132,1.56,5.64,1.08,2.16,1.44,0.36,40.6,65.5,77.1,76.1,33.5,62.9,89.9,19.1,teddy_teuma_mt_mlt_1993_0,Teddy Teuma,750,-0.4309457174927785,0.399731155973413,0.968687119104434,1.1810526339139356,-0.4837002525660282,0.6493433834716991,1.3130811582389084,-0.5902139525304266,1,Box-to-Box / Pressing Engine,"{""Midfielder Archetype 1 (Low xAG)"": 0.9941, ""Midfielder Archetype 2 (High xAG)"": 0.0059}",-0.458,1.772
Tete Morente,es ESP,1996.0,2021,31,3,2,2.9,1.6,25,102,48,27,14,30,27.0,Lecce,it Serie A,"FW,MF",Forward,0.129,0.071,1.113,4.542,2.138,1.202,0.623,1.336,9.8,17.8,46.6,92.5,50.1,63.6,90.0,65.9,tete_morente_es_esp_1996_0,Tete Morente,2021,-0.016413558901331914,-0.337863447556988,0.2763984267055066,0.5390545891038123,0.33062683799200576,-0.5991676349772453,-0.3735559424889987,0.9240056992427945,0,Clinical Finisher / Poacher,"{""Forward Archetype 1 (Low PrgC)"": 0.0004, ""Forward Archetype 2 (High PrgC)"": 0.9996}",0.737,0.041
Teun Koopmeiners,nl NED,1998.0,1994,28,3,3,3.9,2.9,38,89,32,32,8,10,26.0,Juventus,it Serie A,"MF,FW",Midfielder,0.176,0.131,1.715,4.017,1.444,1.444,0.361,0.451,80.1,64.8,82.4,42.8,51.1,25.2,11.6,27.8,teun_koopmeiners_nl_ned_1998_0,Teun Koopmeiners,1994,0.32539365958635197,0.3876394411614392,1.2087424822405273,0.23208831084760617,-0.20353478851770657,-0.2837817618408732,-0.9144358940076177,-0.44903158745730865,0,Deep-Lying Playmaker,"{""Midfielder Archetype 1 (Low xAG)"": 0.2055, ""Midfielder Archetype 2 (High xAG)"": 0.7945}",0.926,-0.244
Theo Bair,ca CAN,1999.0,939,29,2,1,3.0,1.2,10,16,15,4,3,2,24.0,Auxerre,fr Ligue 1,FW,Forward,0.288,0.115,0.958,1.534,1.438,0.383,0.288,0.192,58.2,42.1,37.3,25.1,31.5,11.3,49.3,4.2,theo_bair_ca_can_1999_0,Theo Bair,939,1.1399129887484925,0.19417200416985866,0.036343063569413164,-1.2197160108860334,-0.2081529005624591,-1.6665272634842236,-1.065139086606317,-0.8508583188192598,0,Clinical Finisher / Poacher,"{""Forward Archetype 1 (Low PrgC)"": 0.9949, ""Forward Archetype 2 (High PrgC)"": 0.0051}",0.62,-2.497
Theo Hernández,fr FRA,1997.0,2696,33,4,3,1.9,4.7,47,132,93,36,17,24,26.0,Milan,it Serie A,DF,Defender,0.063,0.157,1.569,4.407,3.105,1.202,0.568,0.801,74.2,92.0,94.5,77.1,95.2,18.7,10.2,85.7,theo_hern_ndez_fr_fra_1997_0,Theo Hernández,2696,-0.4963981635861648,0.7020240262727576,0.9826258176091102,0.4601204032665022,1.0749125625379594,-0.5991676349772453,-0.4870994437619913,0.09397750897776042,0,Ball-Playing Defender,"{""Defender Archetype 1 (Low PrgC)"": 0.0, ""Defender Archetype 2 (High xAG)"": 0.9999, ""Defender Archetype 3 (Low npxG)"": 0.0001}",1.39,0.506
Thiago Almada,ar ARG,2001.0,951,16,1,4,2.0,2.6,22,97,38,14,7,8,23.0,Lyon,fr Ligue 1,"MF,FW",Midfielder,0.189,0.246,2.082,9.18,3.596,1.325,0.662,0.757,82.6,93.4,91.7,97.8,94.0,19.7,38.1,54.0,thiago_almada_ar_arg_2001_0,Thiago Almada,951,0.41993608172124336,1.7781866445384242,1.777131632375664,3.2508823958700708,1.452828064866877,-0.4388682035897504,-0.29304327794996754,0.02571350828306596,0,Deep-Lying Playmaker,"{""Midfielder Archetype 1 (Low xAG)"": 0.0, ""Midfielder Archetype 2 (High xAG)"": 1.0}",2.729,2.239
Thierno Barry,fr FRA,2002.0,2323,35,11,4,11.7,2.9,23,27,44,11,0,18,21.0,Villarreal,es La Liga,FW,Forward,0.453,0.112,0.891,1.046,1.705,0.426,0.0,0.697,85.1,40.6,31.9,9.1,39.7,14.0,2.8,35.1,thierno_barry_fr_fra_2002_0,Thierno Barry,2323,2.3398745004605748,0.15789685973393727,-0.06742280307651098,-1.5050484752460886,-0.002646914570970263,-1.6104876248690834,-1.6596941478176233,-0.06737376539151738,0,Clinical Finisher / Poacher,"{""Forward Archetype 1 (Low PrgC)"": 0.9999, ""Forward Archetype 2 (High PrgC)"": 0.0001}",1.52,-3.21
Thierry Correia,pt POR,1999.0,768,11,0,0,0.3,0.3,5,44,16,27,4,8,25.0,Valencia,es La Liga,DF,Defender,0.035,0.035,0.586,5.156,1.875,3.164,0.469,0.938,44.1,49.1,64.4,87.4,76.2,96.9,5.4,89.6,thierry_correia_pt_por_1999_0,Thierry Correia,768,-0.7000279958766998,-0.7731651807880441,-0.5397898079572109,0.8980589602453567,0.12819959336368544,1.9578037827647472,-0.6914777460533779,0.3065267838680587,0,Ball-Playing Defender,"{""Defender Archetype 1 (Low PrgC)"": 0.0, ""Defender Archetype 2 (High xAG)"": 0.0087, ""Defender Archetype 3 (Low npxG)"": 0.9913}",-0.692,1.327
Thijs Dallinga,nl NED,2000.0,1154,31,3,2,4.3,0.6,12,17,9,10,1,2,23.0,Bologna,it Serie A,FW,Forward,0.335,0.047,0.936,1.326,0.702,0.78,0.078,0.156,70.0,8.2,34.6,18.8,9.3,37.7,11.3,2.4,thijs_dallinga_nl_ned_2000_0,Thijs Dallinga,1154,1.4817202072361768,-0.6280646030443587,0.002270689446871025,-1.3413331268427782,-0.7746413113854393,-1.1491380418514148,-1.4986688187395611,-0.9067106830240097,0,Clinical Finisher / Poacher,"{""Forward Archetype 1 (Low PrgC)"": 0.9986, ""Forward Archetype 2 (High PrgC)"": 0.0014}",0.127,-2.852
Thilo Kehrer,de GER,1996.0,2383,27,4,0,1.5,0.3,5,139,16,37,36,1,27.0,Monaco,fr Ligue 1,DF,Defender,0.057,0.011,0.189,5.25,0.604,1.397,1.36,0.038,68.8,20.6,21.4,88.4,29.5,31.7,79.1,10.0,thilo_kehrer_de_ger_1996_0,Thilo Kehrer,2383,-0.5400331276484224,-1.063366336275415,-1.1546412864412692,0.9530205414950396,-0.8500704747830643,-0.3450343900946313,1.1479269745691014,-1.08978232125069,1,Stopper / Defensive Destroyer,"{""Defender Archetype 1 (Low PrgC)"": 0.9904, ""Defender Archetype 2 (High xAG)"": 0.0003, ""Defender Archetype 3 (Low npxG)"": 0.0093}",-2.247,0.228
Thomas Kristensen,dk DEN,2002.0,1754,24,1,0,0.9,0.3,4,76,19,31,21,10,22.0,Udinese,it Serie A,DF,Defender,0.046,0.015,0.205,3.9,0.975,1.591,1.078,0.513,57.8,27.1,23.9,65.2,48.5,43.9,57.7,69.4,thomas_kristensen_dk_den_2002_0,Thomas Kristensen,1754,-0.6200305617625611,-1.01499947702752,-1.1298613779885114,0.16367868312193704,-0.564517213349198,-0.09220439262167195,0.5657584771330305,-0.3528414046602393,1,Stopper / Defensive Destroyer,"{""Defender Archetype 1 (Low PrgC)"": 0.7197, ""Defender Archetype 2 (High xAG)"": 0.0026, ""Defender Archetype 3 (Low npxG)"": 0.2777}",-1.713,-0.088
Thomas Meunier,be BEL,1991.0,1928,30,2,0,1.9,0.7,13,136,64,53,34,14,32.0,Lille,fr Ligue 1,DF,Defender,0.089,0.033,0.607,6.349,2.988,2.474,1.587,0.654,88.0,47.3,65.0,95.6,94.5,86.0,90.4,78.7,thomas_meunier_be_bel_1991_0,Thomas Meunier,1928,-0.30731331931638217,-0.7973486104119917,-0.5072661781129659,1.595603283978032,0.9848593776652846,1.0585630701031903,1.6165519707321794,-0.1340863115249686,0,Ball-Playing Defender,"{""Defender Archetype 1 (Low PrgC)"": 0.0, ""Defender Archetype 2 (High xAG)"": 0.9744, ""Defender Archetype 3 (Low npxG)"": 0.0256}",-0.962,2.039
Thomas Müller,de GER,1989.0,1225,30,1,4,3.8,2.9,35,50,24,8,2,8,34.0,Bayern Munich,de Bundesliga,"MF,FW",Midfielder,0.279,0.213,2.571,3.673,1.763,0.588,0.147,0.588,92.6,88.7,97.3,35.0,63.5,1.5,2.7,40.3,thomas_m_ller_de_ger_1989_0,Thomas Müller,1225,1.0744605426551066,1.3791600557432895,2.5344675844630817,0.03095231138068209,0.041994835194970985,-1.3993615445050653,-1.3562233353243522,-0.23648231256701027,0,Deep-Lying Playmaker,"{""Midfielder Archetype 1 (Low xAG)"": 0.0, ""Midfielder Archetype 2 (High xAG)"": 1.0}",2.73,-0.842
Thomas Partey,gh GHA,1993.0,2797,35,4,2,2.3,2.1,20,185,36,89,35,24,31.0,Arsenal,eng Premier League,"MF,DF",Midfielder,0.074,0.068,0.644,5.953,1.158,2.864,1.126,0.772,42.4,35.1,23.1,80.4,38.6,87.9,73.8,55.4,thomas_partey_gh_gha_1993_0,Thomas Partey,2797,-0.416400729472026,-0.3741385919929092,-0.44996263981596296,1.364063005521922,-0.4236647959842451,1.5668295598684177,0.6648509873349145,0.048985326701711795,1,Box-to-Box / Pressing Engine,"{""Midfielder Archetype 1 (Low xAG)"": 0.998, ""Midfielder Archetype 2 (High xAG)"": 0.002}",-1.084,1.732
Théo Sainte-Luce,fr FRA,1998.0,1018,16,1,0,1.0,0.8,8,22,19,24,12,12,25.0,Montpellier,fr Ligue 1,DF,Defender,0.088,0.071,0.707,1.945,1.68,2.122,1.061,1.061,87.7,69.9,69.5,9.2,70.1,71.8,55.8,92.6,th_o_sainte_luce_fr_fra_1998_0,Théo Sainte-Luce,1018,-0.31458581332675845,-0.337863447556988,-0.35239175028322833,-0.979405267336889,-0.021889048090772682,0.5998199819048304,0.5306632131031962,0.4973556949009544,0,Ball-Playing Defender,"{""Defender Archetype 1 (Low PrgC)"": 0.0, ""Defender Archetype 2 (High xAG)"": 0.8208, ""Defender Archetype 3 (Low npxG)"": 0.1792}",-0.562,0.031
Tiago Tomás,pt POR,2002.0,1884,32,6,1,5.4,2.6,20,50,31,33,9,29,22.0,Wolfsburg,de Bundesliga,"FW,MF",Forward,0.258,0.124,0.955,2.389,1.481,1.576,0.43,1.385,49.0,45.8,36.8,56.1,33.9,83.6,73.2,68.5,tiago_tom_s_pt_por_2002_0,Tiago Tomás,1884,0.921738168437205,0.30299743747762264,0.03169683073452103,-0.7197995005830689,-0.175056430908399,-0.11175310376648827,-0.7719904105924088,1.0000269727437041,0,Clinical Finisher / Poacher,"{""Forward Archetype 1 (Low PrgC)"": 0.9024, ""Forward Archetype 2 (High PrgC)"": 0.0976}",1.014,-0.935
Tijjani Noslin,nl NED,1999.0,861,30,2,2,2.0,1.6,12,16,13,6,1,8,25.0,Lazio,it Serie A,"FW,MF",Forward,0.209,0.167,1.254,1.672,1.359,0.627,0.105,0.836,32.3,64.9,55.0,29.5,29.0,27.3,15.1,43.7,tijjani_noslin_nl_ned_1999_0,Tijjani Noslin,861,0.5653859619287684,0.8229411743924955,0.4947713699454367,-1.1390277320301165,-0.2689580424850344,-1.3485348955285428,-1.442929281751001,0.1482784186212672,0,Clinical Finisher / Poacher,"{""Forward Archetype 1 (Low PrgC)"": 0.9944, ""Forward Archetype 2 (High PrgC)"": 0.0056}",1.379,-1.852
Tijjani Reijnders,nl NED,1998.0,3128,37,10,4,7.5,3.5,47,230,111,26,38,36,26.0,Milan,it Serie A,MF,Midfielder,0.216,0.101,1.352,6.618,3.194,0.748,1.093,1.036,87.6,52.6,68.4,87.7,91.2,4.0,71.2,72.7,tijjani_reijnders_nl_ned_1998_0,Tijjani Reijnders,3128,0.6162934200014022,0.024887996802225705,0.6465483092185798,1.7528869579797837,1.1434145578684558,-1.1908419589603567,0.5967248865711192,0.45856933086987817,0,Deep-Lying Playmaker,"{""Midfielder Archetype 1 (Low xAG)"": 0.0048, ""Midfielder Archetype 2 (High xAG)"": 0.9952}",1.273,0.729
Tim Iroegbunam,eng ENG,2003.0,574,18,0,1,0.2,0.2,3,15,8,29,16,8,21.0,Everton,eng Premier League,MF,Midfielder,0.031,0.031,0.47,2.352,1.254,4.547,2.509,1.254,12.9,11.2,10.8,7.5,44.6,99.8,99.8,79.9,tim_iroegbunam_eng_eng_2003_0,Tim Iroegbunam,574,-0.7291179719182049,-0.8215320400359393,-0.7194441442397066,-0.7414333144792206,-0.34977500326820415,3.7601949503168237,3.519953937526709,0.796786425220864,1,Box-to-Box / Pressing Engine,"{""Midfielder Archetype 1 (Low xAG)"": 1.0, ""Midfielder Archetype 2 (High xAG)"": 0.0}",-2.648,2.905
Tim Kleindienst,de GER,1995.0,2737,31,16,7,11.9,6.2,29,63,45,30,12,14,28.0,Gladbach,de Bundesliga,FW,Forward,0.391,0.204,0.954,2.072,1.48,0.986,0.395,0.46,78.5,78.3,36.5,46.1,33.7,48.3,68.1,18.7,tim_kleindienst_de_ger_1995_0,Tim Kleindienst,2737,1.888979871817247,1.2703346224355252,0.030148086456223654,-0.9051486628825305,-0.1758261162491912,-0.8806690754626022,-0.8442453659479495,-0.43506849640612116,0,Clinical Finisher / Poacher,"{""Forward Archetype 1 (Low PrgC)"": 0.9591, ""Forward Archetype 2 (High PrgC)"": 0.0409}",1.335,-1.884
Tim Oermann,de GER,2003.0,2213,29,0,2,0.2,0.6,7,61,15,50,22,6,20.0,Bochum,de Bundesliga,DF,Defender,0.008,0.024,0.285,2.481,0.61,2.033,0.895,0.244,8.9,37.2,36.0,22.7,30.1,68.7,38.6,40.6,tim_oermann_de_ger_2003_0,Tim Oermann,2213,-0.8963853341568587,-0.9061740437197559,-1.0059618357247213,-0.666007314679124,-0.8454523627383119,0.48383096244558615,0.1879682819883462,-0.7701826816346209,1,Stopper / Defensive Destroyer,"{""Defender Archetype 1 (Low PrgC)"": 0.9126, ""Defender Archetype 2 (High xAG)"": 0.0007, ""Defender Archetype 3 (Low npxG)"": 0.0867}",-2.004,-0.33
Tim Siersleben,de GER,2000.0,1182,16,0,0,0.6,0.5,6,31,8,21,20,3,24.0,Heidenheim,de Bundesliga,DF,Defender,0.046,0.038,0.457,2.36,0.609,1.599,1.523,0.228,57.8,51.5,54.3,19.7,29.9,44.7,87.5,38.2,tim_siersleben_de_ger_2000_0,Tim Siersleben,1182,-0.6200305617625611,-0.7368900363521228,-0.7395778198575724,-0.7367557330962687,-0.846222048079104,-0.08177841334443649,1.4844286237963333,-0.7950059546145098,1,Stopper / Defensive Destroyer,"{""Defender Archetype 1 (Low PrgC)"": 0.8532, ""Defender Archetype 2 (High xAG)"": 0.001, ""Defender Archetype 3 (Low npxG)"": 0.1458}",-2.076,-0.197
Tim Skarke,de GER,1996.0,1164,33,0,2,2.1,1.2,16,25,26,14,5,10,27.0,Union Berlin,de Bundesliga,"FW,MF",Forward,0.162,0.093,1.237,1.933,2.01,1.082,0.387,0.773,18.6,30.7,54.3,40.1,46.6,53.9,67.0,41.0,tim_skarke_de_ger_1996_0,Tim Skarke,1164,0.2235787434410845,-0.07184572169356465,0.4684427172143814,-0.9864216394113167,0.2321071143706178,-0.7555573241357768,-0.8607607843149303,0.050536781262954855,0,Clinical Finisher / Poacher,"{""Forward Archetype 1 (Low PrgC)"": 0.9297, ""Forward Archetype 2 (High PrgC)"": 0.0703}",0.733,-1.196
Timo Becker,de GER,1997.0,2445,30,0,2,1.4,0.8,6,57,28,53,17,12,27.0,Holstein Kiel,de Bundesliga,DF,Defender,0.052,0.029,0.221,2.098,1.031,1.951,0.626,0.442,63.6,43.2,26.5,12.8,50.8,64.0,14.9,63.3,timo_becker_de_ger_1997_0,Timo Becker,2445,-0.5763955977003037,-0.8457154696598869,-1.1050814695357534,-0.8899465233879376,-0.5214148342648409,0.3769646748539231,-0.3673626606013809,-0.4629946785084962,1,Stopper / Defensive Destroyer,"{""Defender Archetype 1 (Low PrgC)"": 0.1238, ""Defender Archetype 2 (High xAG)"": 0.013, ""Defender Archetype 3 (Low npxG)"": 0.8632}",-1.462,-0.757
Timo Werner,de GER,1996.0,516,18,0,3,1.0,2.5,10,30,42,6,1,10,28.0,Tottenham,eng Premier League,"FW,MF",Forward,0.174,0.436,1.744,5.233,7.326,1.047,0.174,1.744,22.3,98.9,80.0,95.8,99.1,50.6,28.6,82.7,timo_werner_de_ger_1996_0,Timo Werner,516,0.3108486715655994,4.075612458813444,1.2536560663111511,0.943080681056267,4.323754386021383,-0.8011709834736821,-1.3004837983357922,1.5569991602299607,1,Dynamic Winger / Dribbler,"{""Forward Archetype 1 (Low PrgC)"": 0.0, ""Forward Archetype 2 (High PrgC)"": 1.0}",5.617,1.457
Timothee Pembele,fr FRA,2002.0,1113,20,1,0,1.3,0.1,3,43,27,30,11,15,21.0,Le Havre,fr Ligue 1,DF,Defender,0.105,0.008,0.243,3.477,2.183,2.426,0.889,1.213,92.5,15.2,30.3,55.1,83.4,83.6,37.7,95.2,timothee_pembele_fr_fra_2002_0,Timothee Pembele,1113,-0.1909534151503621,-1.0996414807113362,-1.071009095413211,-0.08364843250163512,0.36526267832764986,0.9960071944397776,0.17558171821311064,0.7331767882098988,0,Ball-Playing Defender,"{""Defender Archetype 1 (Low PrgC)"": 0.0, ""Defender Archetype 2 (High xAG)"": 0.9819, ""Defender Archetype 3 (Low npxG)"": 0.0181}",-0.827,0.339
Timothy Castagne,be BEL,1995.0,1649,24,0,1,0.4,1.2,9,62,17,46,22,5,28.0,Fulham,eng Premier League,DF,Defender,0.022,0.065,0.491,3.384,0.928,2.511,1.201,0.273,28.1,67.4,58.4,52.1,46.4,87.1,68.4,45.0,timothy_castagne_be_bel_1995_0,Timothy Castagne,1649,-0.7945704180115913,-0.4104137364288306,-0.6869205143954616,-0.1380253160784488,-0.6006924243664263,1.106783224260404,0.8196830345253593,-0.7251904993585723,1,Stopper / Defensive Destroyer,"{""Defender Archetype 1 (Low PrgC)"": 0.0001, ""Defender Archetype 2 (High xAG)"": 0.0196, ""Defender Archetype 3 (Low npxG)"": 0.9803}",-1.773,0.686
Timothy Weah,us USA,2000.0,1638,30,5,2,3.4,1.6,19,56,45,36,14,13,24.0,Juventus,it Serie A,"DF,FW",Defender,0.187,0.088,1.044,3.077,2.473,1.978,0.769,0.714,99.1,75.3,83.3,42.0,88.8,66.0,25.9,81.1,timothy_weah_us_usa_2000_0,Timothy Weah,1638,0.40539109370049087,-0.13230429575343364,0.16953507150298766,-0.317527501649221,0.5884714271573568,0.41215235491459257,-0.07214955729160032,-0.04099903785038544,0,Ball-Playing Defender,"{""Defender Archetype 1 (Low PrgC)"": 0.0, ""Defender Archetype 2 (High xAG)"": 1.0, ""Defender Archetype 3 (Low npxG)"": 0.0}",0.314,-0.035
Tino Kadewere,zw ZIM,1996.0,512,12,1,2,1.7,1.0,8,19,5,14,6,4,28.0,Nantes,fr Ligue 1,"MF,FW",Midfielder,0.299,0.176,1.406,3.34,0.879,2.461,1.055,0.703,94.4,80.4,72.0,26.2,23.2,76.1,69.1,48.0,tino_kadewere_zw_zim_1996_0,Tino Kadewere,512,1.2199104228626314,0.9317666077002593,0.7301805002466377,-0.16375201368468328,-0.6384070060652389,1.0416208537776823,0.5182766493279607,-0.058065038024059046,1,Box-to-Box / Pressing Engine,"{""Midfielder Archetype 1 (Low xAG)"": 0.0, ""Midfielder Archetype 2 (High xAG)"": 1.0}",0.48,0.373
Tom Bischof,de GER,2005.0,2559,31,5,2,2.2,3.6,50,138,47,95,30,29,19.0,Hoffenheim,de Bundesliga,"MF,FW",Midfielder,0.077,0.127,1.758,4.853,1.653,3.341,1.055,1.02,44.1,63.8,83.6,64.7,60.5,95.9,69.1,71.4,tom_bischof_de_ger_2005_0,Tom Bischof,2559,-0.39458324744089723,0.33927258191354404,1.2753384862073145,0.7208955653660604,-0.04267055229215912,2.1884785742735815,0.5182766493279607,0.43374605788998927,1,Box-to-Box / Pressing Engine,"{""Midfielder Archetype 1 (Low xAG)"": 0.9909, ""Midfielder Archetype 2 (High xAG)"": 0.0091}",0.239,2.291
Tom Cairney,sct SCO,1991.0,628,25,2,0,0.8,1.1,11,53,18,13,4,5,33.0,Fulham,eng Premier League,MF,Midfielder,0.115,0.158,1.576,7.596,2.58,1.863,0.573,0.717,64.3,75.4,77.6,94.7,84.7,50.6,30.8,50.1,tom_cairney_sct_sco_1991_0,Tom Cairney,628,-0.11822847504659947,0.7141157410847313,0.993467027557192,2.324721282045631,0.6708277586221109,0.26227890280433314,-0.47677730728262835,-0.036344674166656266,0,Deep-Lying Playmaker,"{""Midfielder Archetype 1 (Low xAG)"": 0.2755, ""Midfielder Archetype 2 (High xAG)"": 0.7245}",1.252,1.733
Tom Krauß,de GER,2001.0,1077,14,0,0,0.4,0.7,12,84,16,35,11,12,23.0,Bochum,de Bundesliga,MF,Midfielder,0.033,0.058,1.003,7.019,1.337,2.925,0.919,1.003,15.3,27.4,49.4,91.9,48.0,89.2,60.5,70.8,tom_krau__de_ger_2001_0,Tom Krauß,1077,-0.7145729838974524,-0.4950557401126471,0.106036556092795,1.9873507248002384,-0.2858911199824605,1.6463276518573378,0.23751453708928844,0.40737133034885714,1,Box-to-Box / Pressing Engine,"{""Midfielder Archetype 1 (Low xAG)"": 0.9878, ""Midfielder Archetype 2 (High xAG)"": 0.0122}",-0.617,2.254
Tom Louchet,fr FRA,2003.0,775,22,1,0,0.8,1.2,14,36,19,27,18,4,21.0,Nice,fr Ligue 1,"DF,MF",Defender,0.093,0.139,1.626,4.181,2.206,3.135,2.09,0.465,89.4,88.1,95.1,73.1,83.7,96.5,98.5,65.8,tom_louchet_fr_fra_2003_0,Tom Louchet,775,-0.27822334327487713,0.4843731596572296,1.0709042414720606,0.3279787291981162,0.3829654411658681,1.9200096078847682,2.654958900556093,-0.42731122359990587,0,Ball-Playing Defender,"{""Defender Archetype 1 (Low PrgC)"": 0.0, ""Defender Archetype 2 (High xAG)"": 0.9996, ""Defender Archetype 3 (Low npxG)"": 0.0004}",-0.615,2.625
Tom Rothe,de GER,2004.0,1670,26,3,3,1.8,1.3,12,50,25,45,18,5,19.0,Union Berlin,de Bundesliga,"DF,MF",Defender,0.097,0.07,0.647,2.695,1.347,2.425,0.97,0.269,90.3,69.3,66.8,29.5,59.2,83.4,46.2,44.2,tom_rothe_de_ger_2004_0,Tom Rothe,1670,-0.2491333672333721,-0.3499551623689616,-0.44531640698107083,-0.5408820126851656,-0.27819426657453955,0.9947039470301228,0.3428003291787905,-0.7313963176035445,1,Stopper / Defensive Destroyer,"{""Defender Archetype 1 (Low PrgC)"": 0.0, ""Defender Archetype 2 (High xAG)"": 0.4299, ""Defender Archetype 3 (Low npxG)"": 0.57}",-1.169,0.134
Tommaso Augello,it ITA,1994.0,2713,38,0,7,0.3,4.6,39,118,58,49,16,24,29.0,Cagliari,it Serie A,DF,Defender,0.01,0.153,1.294,3.914,1.924,1.626,0.531,0.796,11.0,90.8,89.4,65.6,77.1,46.8,7.9,85.1,tommaso_augello_it_ita_1994_0,Tommaso Augello,2713,-0.8818403461361063,0.6536571670248624,0.5567211410773318,0.17186445054210267,0.16591417506249795,-0.046590733283766984,-0.5634832537092771,0.08622023617154513,0,Ball-Playing Defender,"{""Defender Archetype 1 (Low PrgC)"": 0.0, ""Defender Archetype 2 (High xAG)"": 0.9999, ""Defender Archetype 3 (Low npxG)"": 0.0001}",0.578,0.495
Tommaso Baldanzi,it ITA,2003.0,832,31,1,1,1.4,1.0,10,23,39,12,6,17,21.0,Roma,it Serie A,"MF,FW",Midfielder,0.151,0.108,1.082,2.488,4.219,1.298,0.649,1.839,75.0,56.6,53.6,9.5,96.7,17.9,37.5,93.7,tommaso_baldanzi_it_ita_2003_0,Tommaso Baldanzi,832,0.14358130932694563,0.1095300004860421,0.22838735407828803,-0.6619144309690412,1.932342032180351,-0.4740558836504199,-0.3198808327963113,1.7043873435480508,0,Deep-Lying Playmaker,"{""Midfielder Archetype 1 (Low xAG)"": 0.0, ""Midfielder Archetype 2 (High xAG)"": 1.0}",1.857,-0.133
Tommaso Pobega,it ITA,1999.0,1178,21,2,2,2.0,1.4,12,42,12,33,14,3,25.0,Bologna,it Serie A,MF,Midfielder,0.153,0.107,0.917,3.209,0.917,2.521,1.07,0.229,76.0,55.9,43.5,23.4,24.5,78.4,69.6,11.0,tommaso_pobega_it_ita_1999_0,Tommaso Pobega,1178,0.15812629734769815,0.09743828567406831,-0.027155451840779155,-0.24034740883051756,-0.6091589631151394,1.119815698356948,0.5492430587660498,-0.7934545000532668,1,Box-to-Box / Pressing Engine,"{""Midfielder Archetype 1 (Low xAG)"": 0.9659, ""Midfielder Archetype 2 (High xAG)"": 0.0341}",-0.889,0.387
Tommy Doyle,eng ENG,2001.0,488,24,0,1,0.6,0.5,7,40,6,11,5,5,22.0,Wolves,eng Premier League,MF,Midfielder,0.111,0.092,1.291,7.377,1.107,2.029,0.922,0.922,62.5,49.3,66.0,93.9,35.5,57.0,60.7,65.3,tommy_doyle_eng_eng_2001_0,Tommy Doyle,488,-0.1473184510881045,-0.08393743650553845,0.5520749082424394,2.1966724916873277,-0.46291874836464175,0.47861797280696844,0.24370781897690622,0.28170351088817,1,Box-to-Box / Pressing Engine,"{""Midfielder Archetype 1 (Low xAG)"": 0.7998, ""Midfielder Archetype 2 (High xAG)"": 0.2002}",0.037,1.664
Tomás Conechny,ar ARG,1998.0,847,22,1,0,2.4,0.3,7,23,14,15,6,6,26.0,Alavés,es La Liga,"FW,MF",Forward,0.255,0.032,0.744,2.444,1.488,1.594,0.638,0.638,47.9,5.2,20.6,58.1,34.1,84.1,90.5,30.4,tom_s_conechny_ar_arg_1998_0,Tomás Conechny,847,0.8999206864060763,-0.8094403252239655,-0.29508821198622537,-0.6876411285752757,-0.16966863352285444,-0.0882946503927085,-0.3425895330509098,-0.1589095845048575,0,Clinical Finisher / Poacher,"{""Forward Archetype 1 (Low PrgC)"": 0.5294, ""Forward Archetype 2 (High PrgC)"": 0.4706}",-0.256,-1.17
Tomás Palacios,ar ARG,2003.0,457,10,0,0,0.0,0.0,0,24,3,11,9,8,21.0,"Monza, Inter",it Serie A,DF,Defender,0.0,0.0,0.0,4.726,0.591,2.166,1.772,1.575,2.6,4.3,1.9,82.2,28.2,73.4,94.9,97.9,tom_s_palacios_ar_arg_2003_0,Tomás Palacios,457,-0.9545652862398688,-1.1963751992071265,-1.4473539550394734,0.646638960911702,-0.8600763842133616,0.6571628679296254,1.998471020468609,1.2948033393798843,1,Stopper / Defensive Destroyer,"{""Defender Archetype 1 (Low PrgC)"": 0.0, ""Defender Archetype 2 (High xAG)"": 0.9768, ""Defender Archetype 3 (Low npxG)"": 0.0232}",-2.099,1.312
Tomáš Souček,cz CZE,1995.0,2567,35,9,1,6.7,1.0,14,74,9,46,20,6,29.0,West Ham,eng Premier League,MF,Midfielder,0.235,0.035,0.491,2.594,0.316,1.613,0.701,0.21,89.9,12.9,11.8,11.3,3.2,34.8,41.7,9.1,tom___sou_ek_cz_cze_1995_0,Tomáš Souček,2567,0.754470806198551,-0.7731651807880441,-0.6869205143954616,-0.5999364776449311,-1.071739852931187,-0.06353294960927446,-0.21253061341093665,-0.8229321367168848,1,Box-to-Box / Pressing Engine,"{""Midfielder Archetype 1 (Low xAG)"": 0.001, ""Midfielder Archetype 2 (High xAG)"": 0.999}",-1.155,-1.338
Tomáš Suslov,sk SVK,2002.0,2080,31,0,1,1.6,1.9,27,82,39,54,18,36,22.0,Hellas Verona,it Serie A,"MF,FW",Midfielder,0.069,0.082,1.168,3.548,1.688,2.337,0.779,1.558,38.3,44.1,59.4,31.7,61.2,72.6,48.3,88.4,tom___suslov_sk_svk_2002_0,Tomáš Suslov,2080,-0.4527631995239072,-0.20485458462527623,0.3615793620118622,-0.042134897727938506,-0.015731565364435936,0.8800181749805334,-0.051505284332874386,1.2684286118387524,1,Box-to-Box / Pressing Engine,"{""Midfielder Archetype 1 (Low xAG)"": 0.7218, ""Midfielder Archetype 2 (High xAG)"": 0.2782}",0.287,0.821
Tomáš Čvančara,cz CZE,2000.0,831,28,2,0,3.8,0.9,6,23,15,4,5,6,23.0,Gladbach,de Bundesliga,FW,Forward,0.412,0.097,0.65,2.491,1.625,0.433,0.542,0.65,80.7,33.9,14.6,60.1,37.9,14.2,85.3,30.8,tom____van_ara_cz_cze_2000_0,Tomáš Čvančara,831,2.041702246035148,-0.023478862445669473,-0.4406701741461787,-0.6601603379504343,-0.06422174183433774,-1.601364893001502,-0.5407745534546785,-0.14029212976994082,0,Clinical Finisher / Poacher,"{""Forward Archetype 1 (Low PrgC)"": 0.9815, ""Forward Archetype 2 (High PrgC)"": 0.0185}",0.787,-2.347
Toni Lato,es ESP,1997.0,621,14,0,0,0.0,0.4,6,26,15,17,6,0,26.0,Mallorca,es La Liga,DF,Defender,0.0,0.058,0.87,3.768,2.174,2.464,0.87,0.0,2.6,63.4,76.9,62.2,83.0,85.0,35.5,4.3,toni_lato_es_esp_1997_0,Toni Lato,621,-0.9545652862398688,-0.4950557401126471,-0.09994643292075592,0.0864985903032336,0.35833551026052113,1.0455305960066457,0.13635759959153138,-1.1487375945779261,0,Ball-Playing Defender,"{""Defender Archetype 1 (Low PrgC)"": 0.0, ""Defender Archetype 2 (High xAG)"": 0.1171, ""Defender Archetype 3 (Low npxG)"": 0.8829}",-1.106,0.812
Toni Martínez,es ESP,1997.0,1012,28,4,0,3.6,0.6,11,11,13,12,1,9,27.0,Alavés,es La Liga,FW,Forward,0.32,0.053,0.978,0.978,1.156,1.067,0.089,0.8,66.4,9.3,39.0,6.5,24.6,52.5,12.9,42.4,toni_mart_nez_es_esp_1997_0,Toni Martínez,1012,1.3726327970805328,-0.5555143141725161,0.06731794913536072,-1.544807917001178,-0.4252041666658293,-0.7751060352805934,-1.4759601184849627,0.09242605441651736,0,Clinical Finisher / Poacher,"{""Forward Archetype 1 (Low PrgC)"": 0.9964, ""Forward Archetype 2 (High PrgC)"": 0.0036}",0.619,-2.486
Tosin Adarabioyo,eng ENG,1997.0,1409,22,1,1,0.9,0.2,1,42,5,17,11,4,26.0,Chelsea,eng Premier League,DF,Defender,0.057,0.013,0.064,2.683,0.319,1.086,0.703,0.256,68.8,24.5,5.2,29.0,13.6,13.0,20.5,42.2,tosin_adarabioyo_eng_eng_1997_0,Tosin Adarabioyo,1409,-0.5400331276484224,-1.0391829066514675,-1.3482343212284413,-0.5478983847595932,-1.0694307969088108,-0.7503443344971591,-0.20840175881919148,-0.7515652268997043,1,Stopper / Defensive Destroyer,"{""Defender Archetype 1 (Low PrgC)"": 0.9876, ""Defender Archetype 2 (High xAG)"": 0.0003, ""Defender Archetype 3 (Low npxG)"": 0.0121}",-1.835,-1.338
Toti Gomes,pt POR,1999.0,2614,31,0,1,0.7,0.9,9,86,27,61,25,20,25.0,Wolves,eng Premier League,DF,Defender,0.024,0.031,0.31,2.961,0.93,2.1,0.861,0.689,30.6,45.4,40.0,38.0,46.5,70.9,34.6,80.3,toti_gomes_pt_por_1999_0,Toti Gomes,2614,-0.7800254299908388,-0.8215320400359393,-0.9672432287672866,-0.38535243170202094,-0.5991530536848422,0.5711485388924332,0.11777775392867804,-0.07978540188146183,1,Stopper / Defensive Destroyer,"{""Defender Archetype 1 (Low PrgC)"": 0.0073, ""Defender Archetype 2 (High xAG)"": 0.0086, ""Defender Archetype 3 (Low npxG)"": 0.9841}",-1.504,-0.041
Trent Alexander-Arnold,eng ENG,1998.0,2365,33,3,6,1.9,7.3,52,232,51,72,31,17,25.0,Liverpool,eng Premier League,DF,Defender,0.072,0.278,1.979,8.829,1.941,2.74,1.18,0.647,81.1,99.6,97.7,99.7,77.4,93.0,66.0,78.3,trent_alexander_arnold_eng_eng_1998_0,Trent Alexander-Arnold,2365,-0.4309457174927785,2.1651215185215857,1.6176109717110347,3.0456535126930646,0.1789988258559636,1.4052268810712687,0.7763300613120346,-0.14494649345367,0,Ball-Playing Defender,"{""Defender Archetype 1 (Low PrgC)"": 0.0, ""Defender Archetype 2 (High xAG)"": 1.0, ""Defender Archetype 3 (Low npxG)"": 0.0}",1.256,3.612
Trevoh Chalobah,eng ENG,1999.0,1970,25,3,1,2.0,1.6,7,71,15,31,29,8,25.0,"Crystal Palace, Chelsea",eng Premier League,DF,Defender,0.091,0.073,0.32,3.244,0.685,1.416,1.325,0.365,88.8,70.6,41.0,47.5,33.9,33.2,77.3,56.0,trevoh_chalobah_eng_eng_1999_0,Trevoh Chalobah,1970,-0.2927683312956296,-0.3136800179330404,-0.9517557859843129,-0.21988299028010372,-0.7877259621789049,-0.3202726893111973,1.0756720192135605,-0.5824566797242113,1,Stopper / Defensive Destroyer,"{""Defender Archetype 1 (Low PrgC)"": 0.0, ""Defender Archetype 2 (High xAG)"": 0.0761, ""Defender Archetype 3 (Low npxG)"": 0.9239}",-1.553,-0.26
Tuta,br BRA,1999.0,2274,30,2,1,1.1,0.3,4,78,11,44,40,13,25.0,Eint Frankfurt,de Bundesliga,"DF,MF",Defender,0.044,0.012,0.158,3.087,0.435,1.741,1.583,0.515,55.3,22.7,17.1,42.5,20.5,52.4,90.0,69.7,tuta_br_bra_1999_0,Tuta,2274,-0.6345755497833137,-1.0512746214634412,-1.2026523590684879,-0.3116805249205312,-0.9801472973769281,0.10328271882649277,1.608294261548689,-0.34973849553775316,1,Stopper / Defensive Destroyer,"{""Defender Archetype 1 (Low PrgC)"": 0.7383, ""Defender Archetype 2 (High xAG)"": 0.0008, ""Defender Archetype 3 (Low npxG)"": 0.2609}",-2.359,0.059
Tyler Adams,us USA,1999.0,1965,28,0,3,1.6,1.0,18,76,14,83,32,4,25.0,Bournemouth,eng Premier League,MF,Midfielder,0.073,0.046,0.824,3.481,0.641,3.802,1.466,0.183,41.5,20.1,37.0,30.0,12.7,98.2,90.9,7.5,tyler_adams_us_usa_1999_0,Tyler Adams,1965,-0.4236732234824023,-0.6401563178563325,-0.1711886697224353,-0.08130964181015925,-0.8215921171737569,2.7892756301242736,1.3667562679315959,-0.8648214098704472,1,Box-to-Box / Pressing Engine,"{""Midfielder Archetype 1 (Low xAG)"": 1.0, ""Midfielder Archetype 2 (High xAG)"": 0.0}",-2.153,1.67
Tyler Dibling,eng ENG,2006.0,1874,33,2,0,2.5,1.5,20,64,69,34,8,45,18.0,Southampton,eng Premier League,"FW,MF",Forward,0.12,0.072,0.961,3.074,3.314,1.633,0.384,2.161,8.5,18.4,37.5,73.2,73.8,85.4,65.1,90.5,tyler_dibling_eng_eng_2006_0,Tyler Dibling,1874,-0.08186600499471827,-0.3257717327450142,0.0409892964043053,-0.31928159466782796,1.2357767987635069,-0.03746800141618582,-0.866954066202548,2.203955712268314,1,Dynamic Winger / Dribbler,"{""Forward Archetype 1 (Low PrgC)"": 0.05, ""Forward Archetype 2 (High PrgC)"": 0.95}",1.537,-0.006
Tyrick Mitchell,eng ENG,1999.0,3092,37,0,5,1.3,6.4,41,70,63,91,19,16,24.0,Crystal Palace,eng Premier League,DF,Defender,0.038,0.186,1.193,2.038,1.834,2.649,0.553,0.466,47.0,95.6,86.9,10.8,75.3,91.3,9.1,66.0,tyrick_mitchell_eng_eng_1999_0,Tyrick Mitchell,3092,-0.6782105138455711,1.0526837558199973,0.4002979689692968,-0.9250283837600755,0.0966424943912097,1.2866313667927154,-0.51806585320008,-0.4257597690386628,0,Ball-Playing Defender,"{""Defender Archetype 1 (Low PrgC)"": 0.0, ""Defender Archetype 2 (High xAG)"": 1.0, ""Defender Archetype 3 (Low npxG)"": 0.0}",0.211,0.476
Tyrone Mings,eng ENG,1993.0,1120,14,0,0,0.8,0.2,3,40,7,7,7,2,31.0,Aston Villa,eng Premier League,DF,Defender,0.064,0.016,0.241,3.214,0.562,0.562,0.562,0.161,75.3,27.8,29.7,46.4,26.9,0.7,9.8,30.1,tyrone_mings_eng_eng_1993_0,Tyrone Mings,1120,-0.4891256695757885,-1.002907762215546,-1.0741065839698056,-0.2374239204661728,-0.8823972590963323,-1.4332459771560806,-0.49948600753722666,-0.8989534102177944,1,Stopper / Defensive Destroyer,"{""Defender Archetype 1 (Low PrgC)"": 0.9985, ""Defender Archetype 2 (High xAG)"": 0.0001, ""Defender Archetype 3 (Low npxG)"": 0.0014}",-1.425,-1.572
Téji Savanier,fr FRA,1991.0,2363,31,2,5,2.3,6.9,67,183,26,29,15,27,32.0,Montpellier,fr Ligue 1,MF,Midfielder,0.088,0.263,2.552,6.97,0.99,1.105,0.571,1.028,50.9,95.3,96.9,91.4,28.9,11.9,30.4,71.8,t_ji_savanier_fr_fra_1991_0,Téji Savanier,2363,-0.31458581332675845,1.983745796341979,2.5050414431754313,1.9587005388296588,-0.5529719332373166,-0.725582633713725,-0.48090616187437357,0.4461576943799337,0,Deep-Lying Playmaker,"{""Midfielder Archetype 1 (Low xAG)"": 0.0, ""Midfielder Archetype 2 (High xAG)"": 1.0}",2.264,1.53
Ulisses Garcia,ch SUI,1996.0,930,20,2,2,1.5,1.4,8,53,23,14,8,7,28.0,Marseille,fr Ligue 1,DF,Defender,0.145,0.135,0.774,5.129,2.226,1.355,0.774,0.677,97.3,87.2,72.9,86.8,84.0,28.4,26.3,79.6,ulisses_garcia_ch_sui_1996_0,Ulisses Garcia,930,0.09994634526468807,0.4360063004093344,-0.248625883637304,0.8822721230778946,0.39835914798170996,-0.39977078130011745,-0.06182742081223735,-0.09840285661637832,0,Ball-Playing Defender,"{""Defender Archetype 1 (Low PrgC)"": 0.0, ""Defender Archetype 2 (High xAG)"": 1.0, ""Defender Archetype 3 (Low npxG)"": 0.0}",0.391,0.281
Umar Sadiq,ng NGA,1997.0,1052,23,5,0,3.6,0.8999999999999999,7,12,14,12,2,16,27.0,"Valencia, Real Sociedad",es La Liga,FW,Forward,0.308,0.077,0.599,1.027,1.198,1.027,0.171,1.369,62.3,21.3,11.5,8.4,25.3,50.1,27.5,67.8,umar_sadiq_ng_nga_1997_0,Umar Sadiq,1052,1.2853628689560177,-0.2653131586851452,-0.5196561323393449,-1.516157731030599,-0.39287738235256137,-0.8272359316667707,-1.30667708022341,0.9752036997638152,0,Clinical Finisher / Poacher,"{""Forward Archetype 1 (Low PrgC)"": 0.9838, ""Forward Archetype 2 (High PrgC)"": 0.0162}",0.783,-2.355
Unai Gómez,es ESP,2003.0,1284,32,1,3,1.9,0.8,10,23,19,12,2,12,21.0,Athletic Club,es La Liga,"MF,FW",Midfielder,0.133,0.056,0.701,1.612,1.332,0.841,0.14,0.841,69.2,26.5,26.9,2.3,47.7,5.1,2.5,61.1,unai_g_mez_es_esp_2003_0,Unai Gómez,1284,0.01267641714017313,-0.5192391697365947,-0.3616842159530126,-1.1741095924022544,-0.2897395466864208,-1.0696399498624947,-1.3706743263954604,0.15603569142748247,1,Box-to-Box / Pressing Engine,"{""Midfielder Archetype 1 (Low xAG)"": 0.6956, ""Midfielder Archetype 2 (High xAG)"": 0.3044}",0.129,-1.916
Unai López,es ESP,1995.0,1707,32,3,1,1.6,1.0,19,112,22,31,21,15,28.0,Rayo Vallecano,es La Liga,MF,Midfielder,0.084,0.053,1.002,5.905,1.16,1.634,1.107,0.791,48.9,24.3,49.3,79.3,39.1,36.2,72.4,56.8,unai_l_pez_es_esp_1995_0,Unai López,1707,-0.3436757893682634,-0.5555143141725161,0.10448781181449779,1.3359975172242116,-0.4221254253026609,-0.03616475400653153,0.6256268687133355,0.07846296336532986,1,Box-to-Box / Pressing Engine,"{""Midfielder Archetype 1 (Low xAG)"": 0.9891, ""Midfielder Archetype 2 (High xAG)"": 0.0109}",-0.594,0.944
Unai Núñez,es ESP,1997.0,645,10,0,0,0.2,0.1,1,26,2,10,17,2,27.0,Athletic Club,es La Liga,DF,Defender,0.028,0.014,0.14,3.628,0.279,1.395,2.372,0.279,36.0,25.9,14.6,58.7,11.9,31.5,99.5,46.0,unai_n__ez_es_esp_1997_0,Unai Núñez,645,-0.7509354539493337,-1.0270911918394936,-1.2305297560778408,0.004640916101578717,-1.1002182105404945,-0.34764088491394024,3.2371273979921638,-0.715881771991114,1,Stopper / Defensive Destroyer,"{""Defender Archetype 1 (Low PrgC)"": 0.9208, ""Defender Archetype 2 (High xAG)"": 0.0, ""Defender Archetype 3 (Low npxG)"": 0.0792}",-3.052,0.58
Urko González,es ESP,2001.0,1419,18,0,2,0.5,0.7,10,63,18,46,8,6,23.0,"Espanyol, Real Sociedad",es La Liga,MF,Midfielder,0.032,0.044,0.634,3.996,1.142,2.918,0.507,0.381,14.1,18.7,22.3,42.4,37.0,89.1,24.2,21.0,urko_gonz_lez_es_esp_2001_0,Urko González,1419,-0.7218454779078287,-0.6643397474802801,-0.4654500825989368,0.2198096597173577,-0.4359797614369186,1.6372049199897574,-0.6130295088102193,-0.5576334067443225,1,Box-to-Box / Pressing Engine,"{""Midfielder Archetype 1 (Low xAG)"": 0.9993, ""Midfielder Archetype 2 (High xAG)"": 0.0007}",-1.213,0.648
Valentin Atangana Edoa,fr FRA,2005.0,2854,34,1,0,2.5,1.1,12,93,41,69,37,14,18.0,Reims,fr Ligue 1,MF,Midfielder,0.079,0.035,0.378,2.933,1.293,2.176,1.167,0.441,45.8,12.9,7.7,17.6,46.5,64.0,76.1,26.4,valentin_atangana_edoa_fr_fra_2005_0,Valentin Atangana Edoa,2854,-0.3800382594201447,-0.7731651807880441,-0.8619286178430652,-0.401723966542352,-0.3197572749773126,0.67019534202617,0.7494925064656911,-0.4645461330697392,1,Box-to-Box / Pressing Engine,"{""Midfielder Archetype 1 (Low xAG)"": 0.998, ""Midfielder Archetype 2 (High xAG)"": 0.002}",-1.575,0.106
Valentin Gendrey,fr FRA,2000.0,1594,24,1,1,1.3,1.9,18,54,31,32,17,3,24.0,"Lecce, Hoffenheim","it Serie A, de Bundesliga",DF,Defender,0.073,0.107,1.016,3.049,1.75,1.807,0.96,0.169,81.7,83.0,82.0,41.2,73.0,56.1,45.1,31.2,valentin_gendrey_fr_fra_2000_0,Valentin Gendrey,1594,-0.4236732234824023,0.09743828567406831,0.12617023171066108,-0.333899036489552,0.03198892576467385,0.18929704786368495,0.32215605622006455,-0.8865417737278499,0,Ball-Playing Defender,"{""Defender Archetype 1 (Low PrgC)"": 0.0, ""Defender Archetype 2 (High xAG)"": 0.6096, ""Defender Archetype 3 (Low npxG)"": 0.3904}",-0.539,0.134
Valentin Mihaila,ro ROU,2000.0,1288,21,0,3,2.4,1.2,17,41,25,29,8,10,24.0,Parma,it Serie A,"FW,MF",Forward,0.168,0.084,1.188,2.865,1.747,2.026,0.559,0.699,19.7,25.7,52.0,69.6,41.0,94.0,86.8,35.6,valentin_mihaila_ro_rou_2000_0,Valentin Mihaila,1288,0.26721370750334206,-0.18067115500132863,0.3925542475778097,-0.44148340829744137,0.02967986974229766,0.474708230578005,-0.5056792894248444,-0.06427085626903127,0,Clinical Finisher / Poacher,"{""Forward Archetype 1 (Low PrgC)"": 0.1228, ""Forward Archetype 2 (High PrgC)"": 0.8772}",0.229,-0.234
Valentin Rongier,fr FRA,1994.0,1562,25,3,1,1.0,1.1,11,110,25,50,33,11,29.0,Marseille,fr Ligue 1,"MF,DF",Midfielder,0.058,0.063,0.634,6.338,1.44,2.881,1.901,0.634,32.7,31.8,22.3,85.2,50.9,88.2,97.5,43.6,valentin_rongier_fr_fra_1994_0,Valentin Rongier,1562,-0.532760633638046,-0.43459716605277815,-0.4654500825989368,1.5891716095764732,-0.20661352988087492,1.588984765832543,2.264782141636173,-0.16511540274982972,1,Box-to-Box / Pressing Engine,"{""Midfielder Archetype 1 (Low xAG)"": 1.0, ""Midfielder Archetype 2 (High xAG)"": 0.0}",-1.683,2.507
Valentin Rosier,fr FRA,1996.0,2595,32,1,2,0.9,1.1,11,74,41,72,52,23,27.0,Leganés,es La Liga,DF,Defender,0.031,0.038,0.382,2.566,1.422,2.497,1.803,0.798,39.8,51.5,47.7,24.7,60.7,86.6,95.2,85.5,valentin_rosier_fr_fra_1996_0,Valentin Rosier,2595,-0.7291179719182049,-0.7368900363521228,-0.8557336407298757,-0.616308012485262,-0.2204678660151326,1.0885377605252418,2.062468266640659,0.08932314529403125,1,Stopper / Defensive Destroyer,"{""Defender Archetype 1 (Low PrgC)"": 0.0, ""Defender Archetype 2 (High xAG)"": 0.0122, ""Defender Archetype 3 (Low npxG)"": 0.9878}",-1.934,0.943
Valentino Lazaro,at AUT,1996.0,2307,33,0,6,1.0,3.3,33,76,35,26,11,14,28.0,Torino,it Serie A,"DF,FW",Defender,0.039,0.129,1.287,2.965,1.365,1.014,0.429,0.546,48.2,86.1,89.2,38.4,59.9,9.9,4.3,72.7,valentino_lazaro_at_aut_1996_0,Valentino Lazaro,2307,-0.6709380198351949,0.36345601153749163,0.5458799311292499,-0.3830136410105451,-0.26433993044028187,-0.8441781479922782,-0.7740548378882814,-0.3016434041392185,0,Ball-Playing Defender,"{""Defender Archetype 1 (Low PrgC)"": 0.0, ""Defender Archetype 2 (High xAG)"": 0.9964, ""Defender Archetype 3 (Low npxG)"": 0.0036}",0.347,-0.566
Valentino Livramento,eng ENG,2002.0,2840,37,0,1,0.3,2.6,25,158,83,54,23,25,21.0,Newcastle Utd,eng Premier League,DF,Defender,0.01,0.082,0.792,5.007,2.63,1.711,0.729,0.792,11.0,73.4,73.7,85.6,91.8,50.8,21.7,84.8,valentino_livramento_eng_eng_2002_0,Valentino Livramento,2840,-0.8818403461361063,-0.20485458462527623,-0.2207484866279512,0.8109390069878809,0.7093120256617154,0.06418529653685984,-0.15472664912650405,0.0800144179265729,0,Ball-Playing Defender,"{""Defender Archetype 1 (Low PrgC)"": 0.0, ""Defender Archetype 2 (High xAG)"": 0.2619, ""Defender Archetype 3 (Low npxG)"": 0.7381}",-0.052,0.814
Valentín Barco,ar ARG,2004.0,1445,21,0,2,0.8,2.1,14,77,24,51,15,12,20.0,"Sevilla, Strasbourg","es La Liga, fr Ligue 1","MF,DF",Midfielder,0.05,0.131,0.872,4.796,1.495,3.176,0.934,0.747,27.4,64.8,40.6,63.7,53.7,94.4,61.4,53.2,valent_n_barco_ar_arg_2004_0,Valentín Barco,1445,-0.590940585721056,0.3876394411614392,-0.09684894436416117,0.6875677980125297,-0.1642808361373097,1.9734427516806003,0.26848094652737736,0.010198962670635404,1,Box-to-Box / Pressing Engine,"{""Midfielder Archetype 1 (Low xAG)"": 0.9938, ""Midfielder Archetype 2 (High xAG)"": 0.0062}",-0.515,1.752
Valentín Castellanos,ar ARG,1998.0,2384,29,10,3,11.3,3.6,26,66,27,13,6,16,25.0,Lazio,it Serie A,FW,Forward,0.427,0.136,0.982,2.492,1.019,0.491,0.227,0.604,82.3,51.6,39.5,60.3,20.2,17.2,38.0,27.5,valent_n_castellanos_ar_arg_1998_0,Valentín Castellanos,2384,2.150789656190792,0.4480980152213082,0.07351292624855024,-0.6595756402775653,-0.530651058354346,-1.525776543241545,-1.1910691516545449,-0.2116590395871214,0,Clinical Finisher / Poacher,"{""Forward Archetype 1 (Low PrgC)"": 0.9989, ""Forward Archetype 2 (High PrgC)"": 0.0011}",1.246,-2.484
Vanderson,br BRA,2001.0,2064,29,1,3,2.2,3.1,23,102,57,76,39,24,23.0,Monaco,fr Ligue 1,DF,Defender,0.096,0.135,1.003,4.448,2.485,3.314,1.701,1.047,89.8,87.2,81.5,78.1,89.2,98.3,92.8,92.3,vanderson_br_bra_2001_0,Vanderson,2064,-0.25640586124374837,0.4360063004093344,0.106036556092795,0.48409300785413,0.5977076512468619,2.1532908942129114,1.851896682461655,0.4756353310435516,0,Ball-Playing Defender,"{""Defender Archetype 1 (Low PrgC)"": 0.0, ""Defender Archetype 2 (High xAG)"": 0.9999, ""Defender Archetype 3 (Low npxG)"": 0.0001}",-0.365,2.451
Vedat Muriqi,xk KVX,1994.0,2058,29,7,2,7.3,2.2,26,30,23,7,7,9,30.0,Mallorca,es La Liga,FW,Forward,0.319,0.096,1.137,1.312,1.006,0.306,0.306,0.394,66.0,33.0,49.0,18.0,19.1,6.4,52.4,13.5,vedat_muriqi_xk_kvx_1994_0,Vedat Muriqi,2058,1.3653603030701567,-0.03557057725764327,0.31356828938464365,-1.349518894262944,-0.5406569677846431,-1.7668773140276148,-1.0279793952806102,-0.5374644974481627,0,Clinical Finisher / Poacher,"{""Forward Archetype 1 (Low PrgC)"": 0.9966, ""Forward Archetype 2 (High PrgC)"": 0.0034}",0.693,-2.684
Victor Bernth Kristiansen,dk DEN,2002.0,2482,30,0,1,0.3,1.4,18,70,40,87,42,8,21.0,Leicester City,eng Premier League,DF,Defender,0.011,0.051,0.653,2.538,1.45,3.155,1.523,0.29,12.6,58.6,67.0,24.1,61.9,96.8,87.5,47.7,victor_bernth_kristiansen_dk_den_2002_0,Victor Bernth Kristiansen,2482,-0.8745678521257301,-0.5796977437964637,-0.4360239413112866,-0.6326795473255931,-0.198916676472954,1.9460745560778567,1.4844286237963333,-0.6988157718174405,1,Stopper / Defensive Destroyer,"{""Defender Archetype 1 (Low PrgC)"": 0.0, ""Defender Archetype 2 (High xAG)"": 0.0132, ""Defender Archetype 3 (Low npxG)"": 0.9868}",-1.982,1.238
Victor Boniface,ng NGA,2000.0,1008,19,8,1,7.1,1.1,10,23,26,5,0,15,23.0,Leverkusen,de Bundesliga,FW,Forward,0.634,0.098,0.893,2.054,2.321,0.446,0.0,1.339,96.5,34.4,32.3,45.0,54.1,15.1,2.8,66.1,victor_boniface_ng_nga_2000_0,Victor Boniface,1008,3.656195916338677,-0.01138714763369568,-0.06432531451991623,-0.915673220994172,0.47147925535695895,-1.5844226766759946,-1.6596941478176233,0.9286600629265235,0,Clinical Finisher / Poacher,"{""Forward Archetype 1 (Low PrgC)"": 1.0, ""Forward Archetype 2 (High PrgC)"": 0.0}",2.497,-3.208
Victor Lindelöf,se SWE,1994.0,704,16,0,0,0.0,0.1,3,26,5,7,8,0,30.0,Manchester Utd,eng Premier League,DF,Defender,0.0,0.013,0.384,3.324,0.639,0.895,1.023,0.0,2.6,24.5,48.0,49.6,32.0,6.5,52.0,4.3,victor_lindel_f_se_swe_1994_0,Victor Lindelöf,704,-0.9545652862398688,-1.0391829066514675,-0.8526361521732809,-0.17310717645058674,-0.8231314878553412,-0.9992645897411554,0.45221497586003767,-1.1487375945779261,1,Stopper / Defensive Destroyer,"{""Defender Archetype 1 (Low PrgC)"": 0.9432, ""Defender Archetype 2 (High xAG)"": 0.0055, ""Defender Archetype 3 (Low npxG)"": 0.0513}",-1.961,-0.747
Viktor Tsyhankov,ua UKR,1997.0,1913,27,2,5,2.8,3.9,33,65,62,19,15,15,26.0,Girona,es La Liga,"FW,MF",Forward,0.132,0.183,1.553,3.058,2.917,0.894,0.706,0.706,10.1,71.8,74.1,72.7,65.4,42.6,94.5,36.6,viktor_tsyhankov_ua_ukr_1997_0,Viktor Tsyhankov,1913,0.005403923129796869,1.016408611384076,0.9578459091563521,-0.3286367574337314,0.9302117184690459,-1.0005678371508098,-0.2022084769315737,-0.05341067434032988,1,Dynamic Winger / Dribbler,"{""Forward Archetype 1 (Low PrgC)"": 0.0403, ""Forward Archetype 2 (High PrgC)"": 0.9597}",1.49,-0.22
Vincent Sierro,ch SUI,1995.0,2402,29,5,1,2.7,3.6,30,147,15,44,16,12,28.0,Toulouse,fr Ligue 1,MF,Midfielder,0.101,0.135,1.124,5.508,0.562,1.649,0.6,0.45,57.1,67.2,55.4,75.0,9.6,36.9,33.8,27.5,vincent_sierro_ch_sui_1995_0,Vincent Sierro,2402,-0.22004339119186703,0.4360063004093344,0.2934346137667779,1.1038725410952326,-0.8823972590963323,-0.01661604286171492,-0.42103777029406836,-0.4505830420185517,1,Box-to-Box / Pressing Engine,"{""Midfielder Archetype 1 (Low xAG)"": 0.6345, ""Midfielder Archetype 2 (High xAG)"": 0.3655}",-0.088,0.447
Vincenzo Grifo,it ITA,1993.0,2432,34,8,11,5.6,6.9,66,128,58,30,9,25,31.0,Freiburg,de Bundesliga,"FW,MF",Forward,0.207,0.255,2.442,4.737,2.146,1.11,0.333,0.925,31.0,89.7,95.8,93.3,50.3,58.2,58.5,47.7,vincenzo_grifo_it_ita_1993_0,Vincenzo Grifo,2432,0.5508409739080159,1.8870120778461885,2.3346795725627203,0.6530706353132607,0.3367843207183425,-0.7190663966654527,-0.9722398582920502,0.28635787457189915,1,Dynamic Winger / Dribbler,"{""Forward Archetype 1 (Low PrgC)"": 0.0, ""Forward Archetype 2 (High PrgC)"": 1.0}",2.827,0.37
Vinicius Júnior,br BRA,2000.0,2253,30,11,8,8.2,8.0,58,85,169,21,3,82,24.0,Real Madrid,es La Liga,FW,Forward,0.328,0.32,2.317,3.395,6.751,0.839,0.12,3.276,68.5,95.0,94.7,79.6,98.2,40.4,17.3,98.7,vinicius_j_nior_br_bra_2000_0,Vinicius Júnior,2253,1.430812749163543,2.6729735406244846,2.141086537775548,-0.13159364167689014,3.88118531506593,-1.0722464446818034,-1.4119628723129123,3.9338275480543197,1,Dynamic Winger / Dribbler,"{""Forward Archetype 1 (Low PrgC)"": 0.0, ""Forward Archetype 2 (High PrgC)"": 1.0}",6.52,0.467
Virgil van Dijk,nl NED,1991.0,3330,37,3,1,2.2,0.7,12,198,22,38,56,3,33.0,Liverpool,eng Premier League,DF,Defender,0.059,0.019,0.324,5.351,0.595,1.027,1.514,0.081,71.2,31.6,41.4,89.3,28.7,10.4,86.8,14.2,virgil_van_dijk_nl_ned_1991_0,Virgil van Dijk,3330,-0.5254881396276698,-0.9666326177796246,-0.9455608088711234,1.012075006454805,-0.8569976428501933,-0.8272359316667707,1.4658487781334804,-1.0230697751172388,1,Stopper / Defensive Destroyer,"{""Defender Archetype 1 (Low PrgC)"": 0.9896, ""Defender Archetype 2 (High xAG)"": 0.0001, ""Defender Archetype 3 (Low npxG)"": 0.0102}",-2.102,0.197
Vitaliy Mykolenko,ua UKR,1999.0,3082,35,1,2,0.5,2.6,24,110,33,63,44,8,25.0,Everton,eng Premier League,DF,Defender,0.015,0.076,0.701,3.212,0.964,1.84,1.285,0.234,18.2,72.1,69.0,46.3,48.4,58.2,74.7,39.2,vitaliy_mykolenko_ua_ukr_1999_0,Vitaliy Mykolenko,3082,-0.845477876084225,-0.277404873497119,-0.3616842159530126,-0.2385933158119106,-0.5729837520979111,0.23230421238228136,0.9930949273786567,-0.7856972272470515,1,Stopper / Defensive Destroyer,"{""Defender Archetype 1 (Low PrgC)"": 0.0, ""Defender Archetype 2 (High xAG)"": 0.0265, ""Defender Archetype 3 (Low npxG)"": 0.9735}",-1.509,0.359
Vitaly Janelt,de GER,1998.0,2254,32,1,3,0.8,2.2,14,80,17,38,27,3,26.0,Brentford,eng Premier League,MF,Midfielder,0.032,0.088,0.559,3.194,0.679,1.517,1.078,0.12,14.1,47.5,16.3,23.2,14.5,29.7,70.1,4.0,vitaly_janelt_de_ger_1998_0,Vitaly Janelt,2254,-0.7218454779078287,-0.13230429575343364,-0.58160590347124,-0.2491178739235521,-0.7923440742236574,-0.18864470093609986,0.5657584771330305,-0.9625630472287596,1,Box-to-Box / Pressing Engine,"{""Midfielder Archetype 1 (Low xAG)"": 0.98, ""Midfielder Archetype 2 (High xAG)"": 0.02}",-1.448,-0.165
Viti,es ESP,1997.0,1982,29,0,2,0.1,1.4,12,44,43,71,27,9,26.0,Las Palmas,es La Liga,DF,Defender,0.005,0.064,0.545,1.998,1.953,3.224,1.226,0.409,6.1,66.5,61.6,10.4,77.8,97.6,71.1,60.2,viti_es_esp_1997_0,Viti,1982,-0.9182028161879875,-0.42250545124080435,-0.6032883233674032,-0.948416290674834,0.18823504994546872,2.035998627344013,0.8712937169221738,-0.514192679029517,0,Ball-Playing Defender,"{""Defender Archetype 1 (Low PrgC)"": 0.0, ""Defender Archetype 2 (High xAG)"": 0.022, ""Defender Archetype 3 (Low npxG)"": 0.978}",-1.585,0.982
Vitinha,pt POR,2000.0,3370,54,7,4,3.4000000000000004,5.9,43,243,91,66,26,49,24.0,"Genoa, Paris S-G","it Serie A, fr Ligue 1",MF,Midfielder,0.091,0.158,1.148,6.49,2.43,1.763,0.694,1.309,52.1,75.4,56.6,86.6,81.1,43.7,41.0,81.8,vitinha_pt_por_2000_0,Vitinha,3370,-0.2927683312956296,0.7141157410847313,0.3306044764459146,1.678045655852556,0.555374957503297,0.13195416183888997,-0.22698160448204482,0.8821164260892318,0,Deep-Lying Playmaker,"{""Midfielder Archetype 1 (Low xAG)"": 0.1142, ""Midfielder Archetype 2 (High xAG)"": 0.8858}",1.12,1.433
Vitor Roque,br BRA,2005.0,1235,22,4,0,6.1,1.2,12,17,24,11,7,10,19.0,Betis,es La Liga,FW,Forward,0.445,0.087,0.874,1.239,1.749,0.802,0.51,0.729,84.7,27.8,30.3,15.3,41.4,38.4,82.3,37.9,vitor_roque_br_bra_2005_0,Vitor Roque,1235,2.2816945483775646,-0.14439601056540743,-0.0937514558075664,-1.3922018243823782,0.031219240423881845,-1.1204665988390172,-0.6068362269226015,-0.017727219431739598,0,Clinical Finisher / Poacher,"{""Forward Archetype 1 (Low PrgC)"": 0.9983, ""Forward Archetype 2 (High PrgC)"": 0.0017}",0.95,-2.521
Vladimír Coufal,cz CZE,1992.0,1067,22,0,0,0.3,0.7,8,39,26,22,8,5,31.0,West Ham,eng Premier League,DF,Defender,0.025,0.059,0.675,3.29,2.193,1.856,0.675,0.422,32.0,64.0,67.6,49.1,83.6,59.0,18.0,60.9,vladim_r_coufal_cz_cze_1992_0,Vladimír Coufal,1067,-0.7727529359804625,-0.48296402530067334,-0.40195156718874425,-0.19298689732813143,0.37295953173557095,0.25315617093675225,-0.26620572310362384,-0.49402376973335727,0,Ball-Playing Defender,"{""Defender Archetype 1 (Low PrgC)"": 0.0, ""Defender Archetype 2 (High xAG)"": 0.0162, ""Defender Archetype 3 (Low npxG)"": 0.9838}",-0.65,0.052
Wahbi Khazri,tn TUN,1991.0,1118,30,1,1,2.3,2.2,18,33,24,25,5,7,33.0,Montpellier,fr Ligue 1,"FW,MF",Forward,0.185,0.177,1.449,2.657,1.932,2.013,0.403,0.564,24.7,68.8,69.3,63.6,45.7,93.6,68.8,25.3,wahbi_khazri_tn_tun_1991_0,Wahbi Khazri,1118,0.3908461056797383,0.9438583225122331,0.7967765042134252,-0.5631005242541861,0.17207165778883468,0.4577660142524975,-0.8277299475809687,-0.2737172220368436,0,Clinical Finisher / Poacher,"{""Forward Archetype 1 (Low PrgC)"": 0.3393, ""Forward Archetype 2 (High PrgC)"": 0.6607}",1.043,-0.193
Waldemar Anton,de GER,1996.0,1949,26,2,2,1.7,0.8,6,117,32,34,30,20,28.0,Dortmund,de Bundesliga,DF,Defender,0.079,0.037,0.277,5.403,1.478,1.57,1.385,0.924,84.5,50.6,35.4,90.0,63.1,41.7,80.1,88.9,waldemar_anton_de_ger_1996_0,Waldemar Anton,1949,-0.3800382594201447,-0.7489817511640966,-1.0183517899511,1.0424792854439908,-0.1773654869307754,-0.11957258822441486,1.199537656965916,0.2848064200106561,1,Stopper / Defensive Destroyer,"{""Defender Archetype 1 (Low PrgC)"": 0.0, ""Defender Archetype 2 (High xAG)"": 0.1676, ""Defender Archetype 3 (Low npxG)"": 0.8324}",-1.205,0.747
Walid Cheddira,ma MAR,1998.0,652,23,1,1,1.0,1.2,7,13,8,5,1,4,26.0,"Napoli, Espanyol","it Serie A, es La Liga",FW,Forward,0.138,0.166,0.966,1.794,1.104,0.69,0.138,0.552,11.4,64.5,37.9,35.7,22.6,32.5,20.4,23.7,walid_cheddira_ma_mar_1998_0,Walid Cheddira,652,0.04903888719205444,0.8108494595805217,0.04873301779579219,-1.0676946159401028,-0.465227804387018,-1.2664303087203137,-1.3748031809872054,-0.2923346767717601,0,Clinical Finisher / Poacher,"{""Forward Archetype 1 (Low PrgC)"": 0.9921, ""Forward Archetype 2 (High PrgC)"": 0.0079}",0.716,-1.742
Waren Kamanzi,no NOR,2000.0,1022,24,1,1,1.3,1.0,12,33,29,29,9,16,23.0,Toulouse,fr Ligue 1,"DF,MF",Defender,0.114,0.088,1.057,2.906,2.554,2.554,0.793,1.409,93.9,75.3,83.6,36.2,90.4,88.6,27.7,96.7,waren_kamanzi_no_nor_2000_0,Waren Kamanzi,1022,-0.12550096905697575,-0.13230429575343364,0.1896687471208534,-0.41751080370981386,0.6508159397615163,1.1628228628755441,-0.02260330219065808,1.0372618822135373,0,Ball-Playing Defender,"{""Defender Archetype 1 (Low PrgC)"": 0.0, ""Defender Archetype 2 (High xAG)"": 0.9997, ""Defender Archetype 3 (Low npxG)"": 0.0003}",0.46,0.7
Warren Bondo,fr FRA,2003.0,1780,24,0,0,0.4,0.4,6,46,27,40,5,21,20.0,"Monza, Milan",it Serie A,MF,Midfielder,0.02,0.02,0.303,2.326,1.365,2.022,0.253,1.062,6.6,6.7,4.5,7.3,48.7,56.4,5.8,74.5,warren_bondo_fr_fra_2003_0,Warren Bondo,1780,-0.8091154060323437,-0.9545409029676508,-0.9780844387153684,-0.7566354539738135,-0.26433993044028187,0.46949524093938727,-1.1373940419618576,0.4989071494621976,1,Box-to-Box / Pressing Engine,"{""Midfielder Archetype 1 (Low xAG)"": 0.9635, ""Midfielder Archetype 2 (High xAG)"": 0.0365}",-0.781,-0.641
Warren Zaïre-Emery,fr FRA,2006.0,2050,29,1,2,1.7,1.4,18,135,49,51,23,20,18.0,Paris S-G,fr Ligue 1,"MF,DF",Midfielder,0.075,0.061,0.79,5.927,2.151,2.239,1.01,0.878,43.1,29.9,34.0,80.1,72.6,67.8,66.3,63.2,warren_za_re_emery_fr_fra_2006_0,Warren Zaïre-Emery,2050,-0.4091282354616497,-0.45878059567672574,-0.22384597518454596,1.3488608660273285,0.3406327474223029,0.7522999288343988,0.4253774210136942,0.21343951019347554,1,Box-to-Box / Pressing Engine,"{""Midfielder Archetype 1 (Low xAG)"": 0.9651, ""Midfielder Archetype 2 (High xAG)"": 0.0349}",-0.406,1.402
Welington,br BRA,2001.0,482,10,0,0,0.0,0.1,3,11,5,21,7,5,23.0,Southampton,eng Premier League,DF,Defender,0.0,0.019,0.56,2.054,0.934,3.921,1.307,0.934,2.6,31.6,63.0,11.2,46.8,99.3,76.3,89.4,welington_br_bra_2001_0,Welington,482,-0.9545652862398688,-0.9666326177796246,-0.5800571591929425,-0.915673220994172,-0.5960743123216737,2.9443620718731505,1.0385123278878536,0.30032096562308663,1,Stopper / Defensive Destroyer,"{""Defender Archetype 1 (Low PrgC)"": 0.0, ""Defender Archetype 2 (High xAG)"": 0.0221, ""Defender Archetype 3 (Low npxG)"": 0.9779}",-2.054,1.439
Wes Burns,wls WAL,1994.0,926,18,0,1,0.5,1.6,10,8,38,13,10,9,29.0,Ipswich Town,eng Premier League,"FW,DF",Forward,0.049,0.156,0.972,0.778,3.693,1.263,0.972,0.875,0.7,60.6,38.6,2.7,80.0,67.0,98.3,45.5,wes_burns_wls_wal_1994_0,Wes Burns,926,-0.5982130797314323,0.6899323114607838,0.058025483465576455,-1.661747451574971,1.52748754292371,-0.5196695429883251,0.34692918377053567,0.20878514650974636,1,Dynamic Winger / Dribbler,"{""Forward Archetype 1 (Low PrgC)"": 0.0, ""Forward Archetype 2 (High PrgC)"": 1.0}",0.759,-0.373
Wesley Fofana,fr FRA,2000.0,1172,14,0,0,0.4,0.4,6,32,19,13,14,8,23.0,Chelsea,eng Premier League,DF,Defender,0.031,0.031,0.461,2.457,1.459,0.998,1.075,0.614,39.8,45.4,54.9,22.2,62.1,9.1,57.1,76.8,wesley_fofana_fr_fra_2000_0,Wesley Fofana,1172,-0.7291179719182049,-0.8215320400359393,-0.7333828427443828,-0.6800400588279792,-0.19198950840582507,-0.8650301065467491,0.5595651952454125,-0.19614449397469083,1,Stopper / Defensive Destroyer,"{""Defender Archetype 1 (Low PrgC)"": 0.0005, ""Defender Archetype 2 (High xAG)"": 0.0209, ""Defender Archetype 3 (Low npxG)"": 0.9787}",-1.175,-0.692
Wesley Saïd,fr FRA,1995.0,905,24,3,0,3.2,1.0,9,24,16,16,2,9,29.0,Lens,fr Ligue 1,FW,Forward,0.318,0.099,0.895,2.387,1.591,1.591,0.199,0.895,65.4,35.0,32.6,55.9,37.0,83.8,33.0,46.2,wesley_sa_d_fr_fra_1995_0,Wesley Saïd,905,1.3580878090597803,0.0007045671782781161,-0.06122782596332147,-0.7209688959288066,-0.09039104342126891,-0.09220439262167195,-1.2488731159389777,0.23981423773460747,0,Clinical Finisher / Poacher,"{""Forward Archetype 1 (Low PrgC)"": 0.9834, ""Forward Archetype 2 (High PrgC)"": 0.0166}",0.865,-1.447
Weston McKennie,us USA,1998.0,2310,32,2,4,2.9,3.6,32,101,28,33,14,20,25.0,Juventus,it Serie A,"MF,DF",Midfielder,0.113,0.14,1.247,3.935,1.091,1.286,0.545,0.779,63.4,69.5,62.8,40.6,34.2,17.2,28.7,55.9,weston_mckennie_us_usa_1998_0,Weston McKennie,2310,-0.132773463067352,0.4964648744692034,0.4839301599973552,0.18414310167235087,-0.4752337138173153,-0.4896948525662731,-0.5345812715670607,0.059845508630413186,0,Deep-Lying Playmaker,"{""Midfielder Archetype 1 (Low xAG)"": 0.6577, ""Midfielder Archetype 2 (High xAG)"": 0.3423}",0.498,-0.176
Wilfred Ndidi,ng NGA,1996.0,2324,28,0,5,2.0,1.9,17,70,18,85,31,13,27.0,Leicester City,eng Premier League,MF,Midfielder,0.077,0.074,0.658,2.711,0.697,3.292,1.201,0.503,44.1,39.1,24.1,13.2,15.9,95.5,76.9,32.2,wilfred_ndidi_ng_nga_1996_0,Wilfred Ndidi,2324,-0.39458324744089723,-0.3015883031210666,-0.4282802199197997,-0.5315268499192621,-0.7784897380893997,2.124619451200514,0.8196830345253593,-0.3683559502726698,1,Box-to-Box / Pressing Engine,"{""Midfielder Archetype 1 (Low xAG)"": 0.9999, ""Midfielder Archetype 2 (High xAG)"": 0.0001}",-1.611,0.94
Wilfried Singo,ci CIV,2000.0,2096,27,1,2,1.9,1.5,7,118,35,37,43,6,23.0,Monaco,fr Ligue 1,DF,Defender,0.082,0.064,0.301,5.067,1.503,1.589,1.846,0.258,85.9,66.5,38.9,86.2,64.1,43.7,95.9,42.6,wilfried_singo_ci_civ_2000_0,Wilfried Singo,2096,-0.3582207773890159,-0.42250545124080435,-0.9811819272719632,0.8460208673600191,-0.15812335341097314,-0.0948108874409808,2.151238640363181,-0.7484623177772182,1,Stopper / Defensive Destroyer,"{""Defender Archetype 1 (Low PrgC)"": 0.0, ""Defender Archetype 2 (High xAG)"": 0.0404, ""Defender Archetype 3 (Low npxG)"": 0.9596}",-1.778,0.925
Will Hughes,eng ENG,1995.0,2108,33,0,3,1.1,3.1,33,87,20,66,22,5,29.0,Crystal Palace,eng Premier League,MF,Midfielder,0.047,0.132,1.409,3.714,0.854,2.818,0.939,0.213,25.5,65.5,72.1,35.7,22.4,87.1,62.0,9.5,will_hughes_eng_eng_1995_0,Will Hughes,2108,-0.6127580677521849,0.399731155973413,0.7348267330815301,0.054924915968309604,-0.6576491395850412,1.506880179024314,0.27880308300674006,-0.8182777730331556,1,Box-to-Box / Pressing Engine,"{""Midfielder Archetype 1 (Low xAG)"": 0.9787, ""Midfielder Archetype 2 (High xAG)"": 0.0213}",-0.648,1.173
Willi Orban,hu HUN,1992.0,2222,25,5,0,4.0,1.0,8,106,15,38,21,3,31.0,RB Leipzig,de Bundesliga,DF,Defender,0.162,0.041,0.324,4.293,0.608,1.539,0.851,0.122,98.4,53.3,41.4,75.5,29.8,39.7,33.3,22.7,willi_orban_hu_hun_1992_0,Willi Orban,2222,0.2235787434410845,-0.7006148919162014,-0.9455608088711234,0.39346486855944035,-0.846991733419896,-0.15997325792370237,0.0971334809699521,-0.9594601381062735,1,Stopper / Defensive Destroyer,"{""Defender Archetype 1 (Low PrgC)"": 0.8792, ""Defender Archetype 2 (High xAG)"": 0.1208, ""Defender Archetype 3 (Low npxG)"": 0.0}",-1.397,-0.549
William Carvalho,pt POR,1992.0,484,14,0,0,0.2,0.2,6,45,5,9,3,3,32.0,Betis,es La Liga,MF,Midfielder,0.037,0.037,1.116,8.368,0.93,1.674,0.558,0.558,18.6,14.2,54.4,96.4,25.5,38.1,29.9,37.5,william_carvalho_pt_por_1992_0,William Carvalho,484,-0.6854830078559474,-0.7489817511640966,0.28104465954039887,2.7761078855004717,-0.5991530536848422,0.015965142379645723,-0.507743716720717,-0.28302594940430176,1,Box-to-Box / Pressing Engine,"{""Midfielder Archetype 1 (Low xAG)"": 0.7188, ""Midfielder Archetype 2 (High xAG)"": 0.2812}",-0.474,1.388
William Saliba,fr FRA,2001.0,3039,35,2,0,2.3,0.9,7,138,16,62,21,12,23.0,Arsenal,eng Premier League,DF,Defender,0.068,0.027,0.207,4.087,0.474,1.836,0.622,0.355,78.2,41.0,24.6,70.8,22.5,57.9,14.6,55.0,william_saliba_fr_fra_2001_0,William Saliba,3039,-0.4600356935342835,-0.8698988992838345,-1.1267638894319165,0.27301714794843335,-0.9501295690860365,0.2270912227436636,-0.3756203697848713,-0.5979712253366419,1,Stopper / Defensive Destroyer,"{""Defender Archetype 1 (Low PrgC)"": 0.916, ""Defender Archetype 2 (High xAG)"": 0.0039, ""Defender Archetype 3 (Low npxG)"": 0.0801}",-1.586,-0.356
William Smallbone,ie IRL,2000.0,690,18,1,0,0.6,0.7,10,27,5,20,2,4,24.0,Southampton,eng Premier League,MF,Midfielder,0.078,0.091,1.304,3.522,0.652,2.609,0.261,0.522,45.0,48.8,66.7,30.7,13.6,80.9,6.6,33.7,william_smallbone_ie_irl_2000_0,William Smallbone,690,-0.38731075343052096,-0.09602915131751225,0.5722085838603056,-0.057337037222531737,-0.8131255784250438,1.234501470406538,-1.1208786235948767,-0.3388783136090518,1,Box-to-Box / Pressing Engine,"{""Midfielder Archetype 1 (Low xAG)"": 0.9935, ""Midfielder Archetype 2 (High xAG)"": 0.0065}",-0.232,0.271
Willian Pacho,ec ECU,2001.0,2132,28,0,1,0.3,0.3,3,53,3,56,40,2,22.0,Paris S-G,fr Ligue 1,DF,Defender,0.013,0.013,0.127,2.237,0.127,2.364,1.689,0.084,15.6,24.5,13.0,15.6,4.0,82.0,92.6,14.8,willian_pacho_ec_ecu_2001_0,Willian Pacho,2132,-0.8600228641049775,-1.0391829066514675,-1.2506634316957066,-0.8086735468591513,-1.2172103823408926,0.9152058550412026,1.827123554911184,-1.0184154114335098,1,Stopper / Defensive Destroyer,"{""Defender Archetype 1 (Low PrgC)"": 0.9754, ""Defender Archetype 2 (High xAG)"": 0.0002, ""Defender Archetype 3 (Low npxG)"": 0.0244}",-3.059,0.238
Williot Swedberg,se SWE,2004.0,1348,32,4,5,5.2,2.6,16,28,34,23,3,10,20.0,Celta Vigo,es La Liga,"FW,MF",Forward,0.347,0.174,1.068,1.869,2.27,1.536,0.2,0.668,72.1,67.0,44.1,38.1,53.0,80.8,33.3,32.2,williot_swedberg_se_swe_2004_0,Williot Swedberg,1348,1.5689901353606914,0.9075831780763117,0.20670493418212474,-1.0238422904749305,0.4322253029765621,-0.16388300015266552,-1.2468086886431047,-0.11236594766756583,0,Clinical Finisher / Poacher,"{""Forward Archetype 1 (Low PrgC)"": 0.954, ""Forward Archetype 2 (High PrgC)"": 0.046}",1.541,-1.471
Willy Kambwala,fr FRA,2004.0,1117,19,0,0,0.3,0.1,1,16,2,17,10,5,19.0,Villarreal,es La Liga,DF,Defender,0.024,0.008,0.081,1.289,0.161,1.37,0.806,0.403,30.6,15.2,6.4,1.2,5.5,30.1,29.0,59.6,willy_kambwala_fr_fra_2004_0,Willy Kambwala,1117,-0.7800254299908388,-1.0996414807113362,-1.321905668497386,-1.36296694073893,-1.1910410807539615,-0.38022207015530085,0.004234252655685634,-0.5235014063969753,1,Stopper / Defensive Destroyer,"{""Defender Archetype 1 (Low PrgC)"": 0.9847, ""Defender Archetype 2 (High xAG)"": 0.0002, ""Defender Archetype 3 (Low npxG)"": 0.0151}",-2.072,-1.405
Wilson Odobert,fr FRA,2004.0,850,16,1,0,1.6,1.0,6,27,45,14,4,12,19.0,Tottenham,eng Premier League,"FW,MF",Forward,0.169,0.106,0.635,2.859,4.765,1.482,0.424,1.271,20.0,38.1,13.3,69.4,90.1,78.5,72.6,62.7,wilson_odobert_fr_fra_2004_0,Wilson Odobert,850,0.27448620151371833,0.08534657086209452,-0.46390133832063934,-0.4449915943346553,2.3525902282528333,-0.23425836027400482,-0.7843769743676444,0.8231611527619958,1,Dynamic Winger / Dribbler,"{""Forward Archetype 1 (Low PrgC)"": 0.0015, ""Forward Archetype 2 (High PrgC)"": 0.9985}",1.534,-0.336
Wout Faes,be BEL,1998.0,2815,34,1,0,1.5,0.1,4,86,12,42,26,5,26.0,Leicester City,eng Premier League,DF,Defender,0.048,0.003,0.128,2.75,0.384,1.343,0.831,0.16,59.7,9.0,13.1,31.3,17.4,27.3,31.4,29.9,wout_faes_be_bel_1998_0,Wout Faes,2815,-0.6054855737418086,-1.1601000547712053,-1.2491146874174093,-0.5087236406773724,-1.0194012497573248,-0.41540975021597065,0.05584493505250024,-0.9005048647790375,1,Stopper / Defensive Destroyer,"{""Defender Archetype 1 (Low PrgC)"": 0.9969, ""Defender Archetype 2 (High xAG)"": 0.0001, ""Defender Archetype 3 (Low npxG)"": 0.003}",-2.051,-1.027
Woyo Coulibaly,ml MLI,1999.0,1193,18,0,1,0.1,0.9,8,44,40,19,13,8,25.0,"Leicester City, Parma","eng Premier League, it Serie A",DF,Defender,0.008,0.068,0.604,3.319,3.018,1.433,0.981,0.604,8.9,68.7,64.7,49.3,94.8,34.2,48.1,76.2,woyo_coulibaly_ml_mli_1999_0,Woyo Coulibaly,1193,-0.8963853341568587,-0.3741385919929092,-0.5119124109478581,-0.17603066481493151,1.0079499378890473,-0.29811748334707183,0.365509029433389,-0.2116590395871214,0,Ball-Playing Defender,"{""Defender Archetype 1 (Low PrgC)"": 0.0, ""Defender Archetype 2 (High xAG)"": 0.1766, ""Defender Archetype 3 (Low npxG)"": 0.8234}",-0.424,0.206
Xavi Simons,nl NED,2003.0,2150,25,10,6,5.1,6.3,51,140,85,28,12,33,21.0,RB Leipzig,de Bundesliga,MF,Midfielder,0.213,0.264,2.135,5.86,3.558,1.172,0.502,1.381,87.2,95.5,92.5,78.6,93.7,13.6,23.5,83.3,xavi_simons_nl_ned_2003_0,Xavi Simons,2150,0.5944759379702734,1.9958375111539526,1.859215079125425,1.3096861219451084,1.4235800219167773,-0.6382650572668783,-0.6233516452895823,0.9938211544987319,0,Deep-Lying Playmaker,"{""Midfielder Archetype 1 (Low xAG)"": 0.0, ""Midfielder Archetype 2 (High xAG)"": 1.0}",3.331,1.078
Yacine Adli,fr FRA,2000.0,1219,25,4,6,1.0,2.4,23,103,24,32,6,12,24.0,Fiorentina,it Serie A,MF,Midfielder,0.074,0.177,1.698,7.605,1.772,2.363,0.443,0.886,42.4,80.8,81.6,94.9,64.0,73.8,19.1,63.8,yacine_adli_fr_fra_2000_0,Yacine Adli,1219,-0.416400729472026,0.9438583225122331,1.1824138295094717,2.329983561101452,0.04892200326209991,0.9139026076315483,-0.7451528557460652,0.22585114668341996,0,Deep-Lying Playmaker,"{""Midfielder Archetype 1 (Low xAG)"": 0.7809, ""Midfielder Archetype 2 (High xAG)"": 0.2191}",1.164,2.106
Yael Mouanga,fr FRA,2005.0,946,14,0,0,0.1,0.2,2,22,4,14,10,5,19.0,Montpellier,fr Ligue 1,DF,Defender,0.01,0.019,0.19,2.093,0.381,1.332,0.951,0.476,11.0,31.6,21.6,12.6,17.0,26.2,44.3,67.0,yael_mouanga_fr_fra_2005_0,Yael Mouanga,946,-0.8818403461361063,-0.9666326177796246,-1.153092542162972,-0.8928700117522823,-1.021710305779701,-0.42974547172216926,0.3035762105572112,-0.4102452234262324,1,Stopper / Defensive Destroyer,"{""Defender Archetype 1 (Low PrgC)"": 0.8897, ""Defender Archetype 2 (High xAG)"": 0.0009, ""Defender Archetype 3 (Low npxG)"": 0.1094}",-1.917,-0.914
Yan Couto,br BRA,2002.0,895,21,0,0,0.3,0.9,12,68,46,24,10,13,22.0,Dortmund,de Bundesliga,"DF,FW",Defender,0.03,0.091,1.207,6.838,4.626,2.413,1.006,1.307,38.6,76.9,87.4,97.1,99.5,83.2,50.5,95.9,yan_couto_br_bra_2002_0,Yan Couto,895,-0.7363904659285812,-0.09602915131751225,0.4219803888654601,1.8815204460109558,2.245603965882733,0.9790649781142695,0.41711971183020385,0.8790135169667458,0,Ball-Playing Defender,"{""Defender Archetype 1 (Low PrgC)"": 0.0, ""Defender Archetype 2 (High xAG)"": 0.9978, ""Defender Archetype 3 (Low npxG)"": 0.0022}",1.015,2.576
Yan Diomandé,ci CIV,2006.0,545,10,2,1,1.4,0.9,14,16,37,14,8,23,17.0,Leganés,es La Liga,"MF,FW",Midfielder,0.231,0.149,2.312,2.642,6.11,2.312,1.321,3.798,89.5,73.5,94.2,12.1,99.8,71.6,82.9,100.0,yan_diomand__ci_civ_2006_0,Yan Diomandé,545,0.7253808301570461,0.6052903077769672,2.1333428163840606,-0.5718709893472207,3.3878170116181985,0.8474369897391721,1.06741431003007,4.743686829023194,0,Deep-Lying Playmaker,"{""Midfielder Archetype 1 (Low xAG)"": 0.0, ""Midfielder Archetype 2 (High xAG)"": 1.0}",4.262,2.106
Yangel Herrera,ve VEN,1998.0,2257,29,4,3,3.6,1.5,17,110,31,66,31,19,26.0,Girona,es La Liga,MF,Midfielder,0.144,0.06,0.678,4.386,1.236,2.632,1.236,0.758,72.9,29.0,25.7,52.6,43.3,81.8,78.4,54.2,yangel_herrera_ve_ven_1998_0,Yangel Herrera,2257,0.09267385125431181,-0.47087231048869954,-0.3973053343538521,0.44784175213625405,-0.36362933940246184,1.2644761608285902,0.8919379898808998,0.027264962844309015,1,Box-to-Box / Pressing Engine,"{""Midfielder Archetype 1 (Low xAG)"": 0.9941, ""Midfielder Archetype 2 (High xAG)"": 0.0059}",-1.002,0.963
Yanis Zouaoui,dz ALG,1994.0,976,17,0,2,0.1,2.9,28,32,33,20,8,13,30.0,Le Havre,fr Ligue 1,"DF,FW",Defender,0.009,0.267,2.582,2.951,3.043,1.844,0.738,1.199,9.8,98.9,100.0,37.7,94.9,58.6,23.3,95.1,yanis_zouaoui_dz_alg_1994_0,Yanis Zouaoui,976,-0.8891128401464826,2.032112655589874,2.5515037715243523,-0.3911994084307105,1.0271920714088498,0.23751720202089907,-0.1361468034636507,0.7114564243524961,0,Ball-Playing Defender,"{""Defender Archetype 1 (Low PrgC)"": 0.0, ""Defender Archetype 2 (High xAG)"": 1.0, ""Defender Archetype 3 (Low npxG)"": 0.0}",2.483,1.446
Yankuba Minteh,gm GAM,2004.0,1838,32,6,4,4.1,5.0,29,48,90,48,11,46,20.0,Brighton,eng Premier League,"FW,MF",Forward,0.201,0.245,1.42,2.35,4.407,2.35,0.539,2.252,28.5,87.1,67.3,54.3,86.9,96.7,84.9,92.0,yankuba_minteh_gm_gam_2004_0,Yankuba Minteh,1838,0.5072060098457585,1.7660949297264505,0.7518629201428011,-0.7426027098249584,2.0770428762492643,0.8969603913060408,-0.5469678353422963,2.345138077341432,1,Dynamic Winger / Dribbler,"{""Forward Archetype 1 (Low PrgC)"": 0.0001, ""Forward Archetype 2 (High PrgC)"": 0.9999}",3.115,0.831
Yann Aurel Bisseck,de GER,2000.0,1553,26,3,2,2.6,0.9,7,93,32,17,17,3,23.0,Inter,it Serie A,DF,Defender,0.151,0.052,0.406,5.39,1.854,0.985,0.985,0.174,97.5,59.2,50.1,89.7,75.6,8.4,48.3,31.8,yann_aurel_bisseck_de_ger_2000_0,Yann Aurel Bisseck,1553,0.14358130932694563,-0.5676060289844899,-0.8185637780507385,1.0348782156966945,0.11203620120705157,-0.8819723228722567,0.37376673861687937,-0.8787845009216348,1,Stopper / Defensive Destroyer,"{""Defender Archetype 1 (Low PrgC)"": 0.0125, ""Defender Archetype 2 (High xAG)"": 0.9873, ""Defender Archetype 3 (Low npxG)"": 0.0001}",-0.796,-0.209
Yann Gboho,fr FRA,2001.0,2333,31,5,4,5.4,3.5,30,103,116,31,6,50,23.0,Toulouse,fr Ligue 1,"MF,FW",Midfielder,0.208,0.135,1.157,3.973,4.475,1.196,0.231,1.929,86.7,67.2,58.0,41.6,98.0,14.8,4.8,95.0,yann_gboho_fr_fra_2001_0,Yann Gboho,2333,0.5581134679183921,0.4360063004093344,0.34454317495059117,0.20636161324137142,2.129381479423126,-0.6069871194351719,-1.1828114424710545,1.8440182540599257,0,Deep-Lying Playmaker,"{""Midfielder Archetype 1 (Low xAG)"": 0.0, ""Midfielder Archetype 2 (High xAG)"": 1.0}",2.697,-0.084
Yann Karamoh,fr FRA,1998.0,1046,29,0,1,1.2,0.9,9,28,37,5,3,12,26.0,Torino,it Serie A,"MF,FW",Midfielder,0.103,0.077,0.774,2.409,3.184,0.43,0.258,1.033,58.5,40.8,32.2,8.6,91.0,0.7,6.3,72.1,yann_karamoh_fr_fra_1998_0,Yann Karamoh,1046,-0.20549840317111462,-0.2653131586851452,-0.248625883637304,-0.7081055471256895,1.1357177044605349,-1.6052746352304654,-1.1270719054824945,0.4539149671861488,0,Deep-Lying Playmaker,"{""Midfielder Archetype 1 (Low xAG)"": 0.0032, ""Midfielder Archetype 2 (High xAG)"": 0.9968}",0.989,-1.402
Yannick Gerhardt,de GER,1994.0,1518,29,1,1,1.2,0.2,4,57,27,28,17,1,30.0,Wolfsburg,de Bundesliga,"MF,DF",Midfielder,0.071,0.012,0.237,3.379,1.601,1.66,1.008,0.059,40.0,2.7,2.5,27.2,58.2,37.6,65.8,1.0,yannick_gerhardt_de_ger_1994_0,Yannick Gerhardt,1518,-0.43821821150315476,-1.0512746214634412,-1.0803015610829954,-0.1409488044427936,-0.08269419001334798,-0.0022803213555163166,0.421248566421949,-1.0572017754645862,1,Box-to-Box / Pressing Engine,"{""Midfielder Archetype 1 (Low xAG)"": 0.9526, ""Midfielder Archetype 2 (High xAG)"": 0.0474}",-1.711,-0.344
Yannik Engelhardt,de GER,2001.0,1164,26,1,1,0.6,1.5,12,54,18,30,11,9,23.0,Como,it Serie A,"MF,DF",Midfielder,0.046,0.116,0.928,4.175,1.392,2.32,0.851,0.696,24.6,60.1,44.1,47.3,49.4,71.8,54.5,47.8,yannik_engelhardt_de_ger_2001_0,Yannik Engelhardt,1164,-0.6200305617625611,0.20626371898183246,-0.010119264779507997,0.3244705431609023,-0.24355842623889543,0.8578629690164076,0.0971334809699521,-0.06892521995276044,1,Box-to-Box / Pressing Engine,"{""Midfielder Archetype 1 (Low xAG)"": 0.9776, ""Midfielder Archetype 2 (High xAG)"": 0.0224}",-0.404,0.887
Yarek Gasiorowski,es ESP,2005.0,947,15,0,0,1.1,0.1,3,38,9,19,26,0,19.0,Valencia,es La Liga,DF,Defender,0.105,0.01,0.285,3.611,0.855,1.806,2.471,0.0,92.5,18.9,36.0,58.0,42.7,55.8,99.6,4.3,yarek_gasiorowski_es_esp_2005_0,Yarek Gasiorowski,947,-0.1909534151503621,-1.0754580510873888,-1.0059618357247213,-0.005298944337193629,-0.6568794542442491,0.18799380045403066,3.4415057002835505,-1.1487375945779261,1,Stopper / Defensive Destroyer,"{""Defender Archetype 1 (Low PrgC)"": 1.0, ""Defender Archetype 2 (High xAG)"": 0.0, ""Defender Archetype 3 (Low npxG)"": 0.0}",-2.942,0.765
Yaser Asprilla,co COL,2003.0,1405,27,3,1,2.1,2.8,24,77,72,22,7,29,20.0,Girona,es La Liga,"FW,MF",Forward,0.135,0.179,1.537,4.932,4.612,1.409,0.448,1.858,10.8,70.5,72.5,93.8,88.2,75.4,76.7,85.6,yaser_asprilla_co_col_2003_0,Yaser Asprilla,1405,0.027221405160925655,0.9680417521361807,0.9330660007035941,0.767086681522709,2.2348283711116435,-0.3293954211787782,-0.7348307192667022,1.733864980211669,1,Dynamic Winger / Dribbler,"{""Forward Archetype 1 (Low PrgC)"": 0.0003, ""Forward Archetype 2 (High PrgC)"": 0.9997}",2.864,0.978
Yasin Ayari,se SWE,2003.0,1965,34,2,1,2.4,2.3,30,75,30,59,20,18,20.0,Brighton,eng Premier League,MF,Midfielder,0.11,0.105,1.374,3.435,1.374,2.702,0.916,0.824,61.8,54.9,70.1,29.4,49.3,83.6,60.1,59.6,yasin_ayari_se_swe_2003_0,Yasin Ayari,1965,-0.1545909450984808,0.07325485605012072,0.680620683341122,-0.10820573476213152,-0.2574127623731529,1.3557034795044,0.23132125520167066,0.1296609638863505,1,Box-to-Box / Pressing Engine,"{""Midfielder Archetype 1 (Low xAG)"": 0.9884, ""Midfielder Archetype 2 (High xAG)"": 0.0116}",-0.09,0.939
Yassin Belkhdim,fr FRA,2002.0,1523,29,1,1,0.8,0.6,5,37,17,53,21,2,22.0,Angers,fr Ligue 1,MF,Midfielder,0.047,0.035,0.295,2.186,1.005,3.132,1.241,0.118,25.5,12.9,4.1,5.6,29.9,93.8,79.2,3.6,yassin_belkhdim_fr_fra_2002_0,Yassin Belkhdim,1523,-0.6127580677521849,-0.7731651807880441,-0.9904743929417476,-0.8384931281754686,-0.5414266531254353,1.9160998656558053,0.902260126360263,-0.9656659563512457,1,Box-to-Box / Pressing Engine,"{""Midfielder Archetype 1 (Low xAG)"": 0.9996, ""Midfielder Archetype 2 (High xAG)"": 0.0004}",-2.295,0.527
Yassine Kechta,ma MAR,2002.0,2096,31,2,0,2.5,1.2,15,97,44,60,26,13,22.0,Le Havre,fr Ligue 1,"MF,FW",Midfielder,0.107,0.052,0.644,4.165,1.889,2.576,1.116,0.558,60.4,23.5,23.1,46.6,67.0,79.9,72.8,37.5,yassine_kechta_ma_mar_2002_0,Yassine Kechta,2096,-0.17640842712960958,-0.5676060289844899,-0.44996263981596296,0.3186235664322128,0.13897518813477475,1.191494305887942,0.644206714376189,-0.28302594940430176,1,Box-to-Box / Pressing Engine,"{""Midfielder Archetype 1 (Low xAG)"": 0.9871, ""Midfielder Archetype 2 (High xAG)"": 0.0129}",-0.977,0.884
Yaya Kader Fofana,ml MLI,2004.0,634,12,1,1,0.6,1.7,7,22,19,17,3,14,20.0,Reims,fr Ligue 1,"MF,FW",Midfielder,0.085,0.241,0.994,3.123,2.697,2.413,0.426,1.987,49.4,92.5,48.2,21.7,85.8,75.3,17.9,95.7,yaya_kader_fofana_ml_mli_2004_0,Yaya Kader Fofana,634,-0.3364032953578871,1.7177280704785554,0.09209785758811877,-0.29063140869724846,0.7608809434947857,0.9790649781142695,-0.7802481197758993,1.934002618612023,0,Deep-Lying Playmaker,"{""Midfielder Archetype 1 (Low xAG)"": 0.0, ""Midfielder Archetype 2 (High xAG)"": 1.0}",1.894,0.919
Yehor Yarmoliuk,ua UKR,2004.0,1450,31,0,0,0.6,0.9,9,63,15,49,13,13,20.0,Brentford,eng Premier League,MF,Midfielder,0.037,0.056,0.559,3.91,0.931,3.041,0.807,0.807,18.6,26.5,16.3,40.0,25.8,91.7,51.2,58.2,yehor_yarmoliuk_ua_ukr_2004_0,Yehor Yarmoliuk,1450,-0.6854830078559474,-0.5192391697365947,-0.58160590347124,0.16952565985062681,-0.59838336834405,1.797504351377252,0.006298679951558228,0.10328623634521875,1,Box-to-Box / Pressing Engine,"{""Midfielder Archetype 1 (Low xAG)"": 0.9993, ""Midfielder Archetype 2 (High xAG)"": 0.0007}",-1.233,0.985
Yeray Álvarez,es ESP,1995.0,1781,21,1,0,0.5,0.2,4,105,19,25,34,6,29.0,Athletic Club,es La Liga,DF,Defender,0.025,0.01,0.202,5.306,0.96,1.263,1.718,0.303,32.0,18.9,23.3,88.9,48.1,22.2,93.4,49.1,yeray__lvarez_es_esp_1995_0,Yeray Álvarez,1781,-0.7727529359804625,-1.0754580510873888,-1.1345076108234036,0.9857636111757017,-0.5760624934610794,-0.5196695429883251,1.8869919464914888,-0.6786468625212807,1,Stopper / Defensive Destroyer,"{""Defender Archetype 1 (Low PrgC)"": 0.9676, ""Defender Archetype 2 (High xAG)"": 0.0001, ""Defender Archetype 3 (Low npxG)"": 0.0322}",-2.255,0.634
Yeremi Pino,es ESP,2002.0,1934,34,4,7,3.9,5.3,37,66,42,60,8,25,21.0,Villarreal,es La Liga,"MF,FW",Midfielder,0.181,0.247,1.722,3.071,1.954,2.792,0.372,1.163,81.1,93.7,82.8,20.4,67.4,86.2,12.4,77.1,yeremi_pino_es_esp_2002_0,Yeremi Pino,1934,0.3617561296382333,1.7902783593503981,1.2195836921886087,-0.32103568768643465,0.18900473528626074,1.4729957463732986,-0.8917271937530191,0.6556040601477461,0,Deep-Lying Playmaker,"{""Midfielder Archetype 1 (Low xAG)"": 0.0131, ""Midfielder Archetype 2 (High xAG)"": 0.9869}",1.848,0.834
Yerry Mina,co COL,1994.0,2569,31,1,0,2.3,0.3,4,76,17,66,37,3,29.0,Cagliari,it Serie A,DF,Defender,0.081,0.011,0.14,2.663,0.596,2.312,1.296,0.105,85.4,20.6,14.6,28.2,29.0,80.7,75.7,18.4,yerry_mina_co_col_1994_0,Yerry Mina,2569,-0.36549327139939214,-1.063366336275415,-1.2305297560778408,-0.5595923382169725,-0.8562279575094011,0.8474369897391721,1.0158036276332554,-0.9858348656474055,1,Stopper / Defensive Destroyer,"{""Defender Archetype 1 (Low PrgC)"": 0.9947, ""Defender Archetype 2 (High xAG)"": 0.001, ""Defender Archetype 3 (Low npxG)"": 0.0042}",-2.434,-0.097
Ylber Ramadani,al ALB,1996.0,1807,29,1,1,0.6,1.1,16,60,9,51,24,13,28.0,Lecce,it Serie A,MF,Midfielder,0.03,0.055,0.797,2.988,0.448,2.54,1.195,0.647,12.0,25.6,34.8,19.2,6.5,79.0,76.8,43.9,ylber_ramadani_al_alb_1996_0,Ylber Ramadani,1807,-0.7363904659285812,-0.5313308845485685,-0.21300476523646433,-0.36956559453455884,-0.9701413879466309,1.1445773991403825,0.8072964707501237,-0.14494649345367,1,Box-to-Box / Pressing Engine,"{""Midfielder Archetype 1 (Low xAG)"": 0.9984, ""Midfielder Archetype 2 (High xAG)"": 0.0016}",-1.538,0.66
Yoane Wissa,cd COD,1996.0,2919,35,19,4,18.5,2.6,27,67,60,22,8,15,27.0,Brentford,eng Premier League,FW,Forward,0.57,0.08,0.832,2.066,1.85,0.678,0.247,0.462,94.5,23.5,25.7,45.5,44.3,31.7,42.9,19.4,yoane_wissa_cd_cod_1996_0,Yoane Wissa,2919,3.190756299674596,-0.22903801424922382,-0.1587987154960563,-0.9086568489197444,0.10895745984388319,-1.2820692776361666,-1.1497806057370932,-0.43196558728363504,0,Clinical Finisher / Poacher,"{""Forward Archetype 1 (Low PrgC)"": 1.0, ""Forward Archetype 2 (High PrgC)"": 0.0}",1.281,-2.986
Yoann Salmier,gf GUF,1992.0,797,13,0,0,0.8,0.2,2,24,7,14,10,4,31.0,Le Havre,fr Ligue 1,DF,Defender,0.09,0.023,0.226,2.71,0.79,1.581,1.129,0.452,88.4,36.0,26.9,30.1,40.4,43.0,62.0,64.4,yoann_salmier_gf_guf_1992_0,Yoann Salmier,797,-0.3000408253060059,-0.9182657585317296,-1.0973377481442663,-0.5321115475921311,-0.7069090013957351,-0.10523686671821625,0.6710442692225326,-0.4474801328960656,1,Stopper / Defensive Destroyer,"{""Defender Archetype 1 (Low PrgC)"": 0.9661, ""Defender Archetype 2 (High xAG)"": 0.0047, ""Defender Archetype 3 (Low npxG)"": 0.0292}",-1.725,-0.574
Yoel Lago,es ESP,2004.0,583,8,0,1,0.0,0.1,1,31,1,12,4,3,20.0,Celta Vigo,es La Liga,DF,Defender,0.0,0.015,0.154,4.786,0.154,1.852,0.617,0.463,2.6,27.1,16.8,82.8,4.9,58.7,14.2,65.3,yoel_lago_es_esp_2004_0,Yoel Lago,583,-0.9545652862398688,-1.01499947702752,-1.2088473361816774,0.6817208212838396,-1.1964288781395063,0.24794318129813453,-0.38594250626423426,-0.430414132722392,1,Stopper / Defensive Destroyer,"{""Defender Archetype 1 (Low PrgC)"": 0.8737, ""Defender Archetype 2 (High xAG)"": 0.0202, ""Defender Archetype 3 (Low npxG)"": 0.106}",-1.862,0.006
Yorbe Vertessen,be BEL,2001.0,718,17,1,0,1.3,1.6,15,16,18,6,3,19,23.0,Union Berlin,de Bundesliga,"MF,FW",Midfielder,0.163,0.201,1.88,2.006,2.256,0.752,0.376,2.382,78.6,86.0,87.1,4.1,75.5,4.1,12.9,98.7,yorbe_vertessen_be_bel_2001_0,Yorbe Vertessen,718,0.23085123745146077,1.2340594779996041,1.4642852881595942,-0.9437387092918824,0.4214497082054726,-1.185628969321739,-0.8834694845695288,2.5468271703030294,0,Deep-Lying Playmaker,"{""Midfielder Archetype 1 (Low xAG)"": 0.0, ""Midfielder Archetype 2 (High xAG)"": 1.0}",2.941,-0.56
Youri Tielemans,be BEL,1997.0,3026,36,3,7,2.5,7.0,60,235,39,84,23,31,27.0,Aston Villa,eng Premier League,MF,Midfielder,0.074,0.208,1.785,6.989,1.16,2.498,0.684,0.922,42.4,87.6,84.7,91.7,39.1,77.6,40.8,65.3,youri_tielemans_be_bel_1997_0,Youri Tielemans,3026,-0.416400729472026,1.3187014816834204,1.3171545817213435,1.9698097946141693,-0.4221254253026609,1.0898410079348966,-0.24762587744077053,0.28170351088817,0,Deep-Lying Playmaker,"{""Midfielder Archetype 1 (Low xAG)"": 0.179, ""Midfielder Archetype 2 (High xAG)"": 0.821}",0.996,2.212
Youssef Maleh,ma MAR,1998.0,1510,22,0,1,0.9,0.9,12,72,10,45,16,4,25.0,Empoli,it Serie A,MF,Midfielder,0.054,0.054,0.715,4.291,0.596,2.682,0.954,0.238,29.8,25.0,28.3,50.1,10.4,82.9,63.5,11.9,youssef_maleh_ma_mar_1998_0,Youssef Maleh,1510,-0.5618506096795511,-0.5434225993605423,-0.3400017960568493,0.3922954732137025,-0.8562279575094011,1.3296385313113115,0.309769492444829,-0.7794914090020792,1,Box-to-Box / Pressing Engine,"{""Midfielder Archetype 1 (Low xAG)"": 0.9987, ""Midfielder Archetype 2 (High xAG)"": 0.0013}",-1.569,0.811
Youssouf Fofana,fr FRA,1999.0,2504,35,1,6,1.3,3.4,23,176,44,56,19,14,25.0,Milan,it Serie A,MF,Midfielder,0.047,0.122,0.827,6.326,1.581,2.013,0.683,0.503,25.5,62.2,37.1,85.1,57.5,55.9,40.6,32.2,youssouf_fofana_fr_fra_1999_0,Youssouf Fofana,2504,-0.6127580677521849,0.27881400785367505,-0.16654243688754317,1.5821552375020456,-0.09808789682918985,0.4577660142524975,-0.2496903047366431,-0.3683559502726698,1,Box-to-Box / Pressing Engine,"{""Midfielder Archetype 1 (Low xAG)"": 0.8656, ""Midfielder Archetype 2 (High xAG)"": 0.1344}",-0.236,1.187
Youssouf Ndayishimiye,bi BDI,1998.0,1932,23,3,0,0.9,0.2,5,86,17,40,21,6,25.0,Nice,fr Ligue 1,DF,Defender,0.042,0.009,0.233,4.006,0.792,1.863,0.978,0.28,52.5,17.1,28.3,68.5,40.5,59.4,47.5,46.1,youssouf_ndayishimiye_bi_bdi_1998_0,Youssouf Ndayishimiye,1932,-0.6491205378040661,-1.0875497658993627,-1.0864965381961849,0.22565663644604747,-0.7053696307141509,0.26227890280433314,0.3593157475457712,-0.714330317429871,1,Stopper / Defensive Destroyer,"{""Defender Archetype 1 (Low PrgC)"": 0.9711, ""Defender Archetype 2 (High xAG)"": 0.0005, ""Defender Archetype 3 (Low npxG)"": 0.0284}",-1.929,-0.014
Youssouf Sabaly,sn SEN,1993.0,1581,22,0,1,0.2,0.8,11,62,25,40,13,8,31.0,Betis,es La Liga,DF,Defender,0.011,0.046,0.626,3.529,1.423,2.277,0.74,0.455,12.6,56.1,66.0,56.6,60.8,79.4,23.9,64.7,youssouf_sabaly_sn_sen_1993_0,Youssouf Sabaly,1581,-0.8745678521257301,-0.6401563178563325,-0.4778400368253158,-0.05324415351244891,-0.21969818067434044,0.8018233304012674,-0.13201794887190552,-0.4428257692123364,1,Stopper / Defensive Destroyer,"{""Defender Archetype 1 (Low PrgC)"": 0.0001, ""Defender Archetype 2 (High xAG)"": 0.0088, ""Defender Archetype 3 (Low npxG)"": 0.9912}",-1.153,0.363
Yukinari Sugawara,jp JPN,2000.0,1557,30,1,1,0.5,2.2,17,72,33,31,11,9,24.0,Southampton,eng Premier League,"DF,MF",Defender,0.029,0.127,0.983,4.162,1.908,1.792,0.636,0.52,37.4,85.9,80.3,72.7,76.7,54.9,15.5,70.1,yukinari_sugawara_jp_jpn_2000_0,Yukinari Sugawara,1557,-0.7436629599389575,0.33927258191354404,0.07506167052684762,0.31686947341360583,0.15359920960982443,0.16974833671886863,-0.346718387642655,-0.3419812227315379,0,Ball-Playing Defender,"{""Defender Archetype 1 (Low PrgC)"": 0.0, ""Defender Archetype 2 (High xAG)"": 0.9178, ""Defender Archetype 3 (Low npxG)"": 0.0822}",-0.015,0.482
Yunis Abdelhamid,ma MAR,1987.0,1033,16,0,0,0.2,0.1,2,22,4,17,14,3,36.0,Saint-Étienne,fr Ligue 1,DF,Defender,0.017,0.009,0.174,1.917,0.348,1.481,1.22,0.261,21.3,17.1,19.0,8.5,15.4,36.6,70.7,43.0,yunis_abdelhamid_ma_mar_1987_0,Yunis Abdelhamid,1033,-0.8309328880634725,-1.0875497658993627,-1.17787245061573,-0.9957768021772201,-1.0471099220258402,-0.2355616076836591,0.8589071531469383,-0.743807954093489,1,Stopper / Defensive Destroyer,"{""Defender Archetype 1 (Low PrgC)"": 0.9941, ""Defender Archetype 2 (High xAG)"": 0.0001, ""Defender Archetype 3 (Low npxG)"": 0.0059}",-2.34,-0.759
Yunus Musah,us USA,2002.0,1571,29,0,2,1.9,1.8,23,84,51,27,7,21,21.0,Milan,it Serie A,"MF,FW",Midfielder,0.109,0.103,1.318,4.812,2.922,1.547,0.401,1.203,61.1,53.7,66.8,64.0,88.7,31.7,16.0,78.1,yunus_musah_us_usa_2002_0,Yunus Musah,1571,-0.16186343910885703,0.049071426426173126,0.5938910037564689,0.6969229607784332,0.9340601451730066,-0.1495472786464669,-0.8318588021727139,0.7176622425974682,0,Deep-Lying Playmaker,"{""Midfielder Archetype 1 (Low xAG)"": 0.1233, ""Midfielder Archetype 2 (High xAG)"": 0.8767}",1.27,0.463
Yuri Berchiche,es ESP,1990.0,2044,30,0,2,0.6,2.2,18,161,43,33,27,6,34.0,Athletic Club,es La Liga,DF,Defender,0.026,0.097,0.793,7.089,1.893,1.453,1.189,0.264,33.3,79.4,74.0,98.0,76.6,35.0,67.6,43.9,yuri_berchiche_es_esp_1990_0,Yuri Berchiche,2044,-0.7654804419700862,-0.023478862445669473,-0.21919974234965384,2.028279561901066,0.14205392949794313,-0.2720525351539832,0.7949099069748882,-0.7391535904097598,0,Ball-Playing Defender,"{""Defender Archetype 1 (Low PrgC)"": 0.0, ""Defender Archetype 2 (High xAG)"": 0.8001, ""Defender Archetype 3 (Low npxG)"": 0.1999}",-0.695,1.428
Yvan Neyou,cm CMR,1997.0,2312,30,1,1,0.6,0.6,13,96,24,53,26,19,27.0,Leganés,es La Liga,MF,Midfielder,0.023,0.023,0.506,3.737,0.934,2.063,1.012,0.74,8.5,8.2,12.8,36.3,26.0,59.6,66.5,52.7,yvan_neyou_cm_cmr_1997_0,Yvan Neyou,2312,-0.787297924001215,-0.9182657585317296,-0.663689350221001,0.06837296244429587,-0.5960743123216737,0.5229283847352194,0.4295062756054394,-0.0006612192580659867,1,Box-to-Box / Pressing Engine,"{""Midfielder Archetype 1 (Low xAG)"": 0.997, ""Midfielder Archetype 2 (High xAG)"": 0.003}",-1.453,0.366
Yvann Macon,fr FRA,1998.0,790,12,0,0,0.3,0.2,6,46,25,19,2,9,25.0,Saint-Étienne,fr Ligue 1,DF,Defender,0.034,0.023,0.684,5.241,2.848,2.165,0.228,1.025,42.8,36.0,68.1,88.2,93.0,73.1,0.8,91.8,yvann_macon_fr_fra_1998_0,Yvann Macon,790,-0.7073004898870762,-0.9182657585317296,-0.38801286868406787,0.9477582624392187,0.8771034299543916,0.6558596205199712,-1.1890047243586723,0.4415033306962044,0,Ball-Playing Defender,"{""Defender Archetype 1 (Low PrgC)"": 0.0, ""Defender Archetype 2 (High xAG)"": 0.0201, ""Defender Archetype 3 (Low npxG)"": 0.9799}",0.078,0.654
Yves Bissouma,ml MLI,1996.0,1408,28,2,0,0.6,0.3,6,75,15,49,18,7,27.0,Tottenham,eng Premier League,MF,Midfielder,0.038,0.019,0.384,4.794,0.959,3.132,1.151,0.447,19.7,5.6,8.0,63.5,27.9,93.8,74.8,27.4,yves_bissouma_ml_mli_1996_0,Yves Bissouma,1408,-0.6782105138455711,-0.9666326177796246,-0.8526361521732809,0.6863984026667914,-0.5768321788018715,1.9160998656558053,0.7164616697317296,-0.4552374057022809,1,Box-to-Box / Pressing Engine,"{""Midfielder Archetype 1 (Low xAG)"": 0.9997, ""Midfielder Archetype 2 (High xAG)"": 0.0003}",-2.002,1.375
Zakaria Aboukhlal,ma MAR,2000.0,1901,26,7,2,8.6,1.6,12,22,34,22,6,16,24.0,Toulouse,fr Ligue 1,"MF,FW",Midfielder,0.407,0.076,0.568,1.042,1.61,1.042,0.284,0.757,99.0,40.2,16.7,0.2,58.8,10.8,7.8,54.0,zakaria_aboukhlal_ma_mar_2000_0,Zakaria Aboukhlal,1901,2.0053397759832667,-0.277404873497119,-0.5676672049665636,-1.5073872659375642,-0.07576702194621905,-0.8076872205219541,-1.0733967957898074,0.02571350828306596,0,Deep-Lying Playmaker,"{""Midfielder Archetype 1 (Low xAG)"": 0.0, ""Midfielder Archetype 2 (High xAG)"": 1.0}",0.659,-2.633
Zeki Çelik,tr TUR,1997.0,2256,31,0,2,0.6,1.6,19,106,28,62,15,8,27.0,Roma,it Serie A,DF,Defender,0.024,0.064,0.758,4.229,1.117,2.473,0.598,0.319,30.6,66.5,72.4,74.3,53.2,85.8,12.5,50.5,zeki__elik_tr_tur_1997_0,Zeki Çelik,2256,-0.7800254299908388,-0.42250545124080435,-0.27340579209006205,0.35604421749582654,-0.45522189495672083,1.0572598226935355,-0.4251666248858135,-0.6538235895413919,0,Ball-Playing Defender,"{""Defender Archetype 1 (Low PrgC)"": 0.0001, ""Defender Archetype 2 (High xAG)"": 0.0324, ""Defender Archetype 3 (Low npxG)"": 0.9675}",-1.039,0.584
Zinedine Ferhat,dz ALG,1993.0,849,24,2,0,1.4,2.4,17,40,16,9,10,10,31.0,Angers,fr Ligue 1,"FW,MF",Forward,0.148,0.254,1.802,4.24,1.696,0.954,1.06,1.06,13.1,89.2,83.4,89.8,39.2,47.1,98.7,55.3,zinedine_ferhat_dz_alg_1993_0,Zinedine Ferhat,849,0.12176382729581685,1.8749203630342146,1.343483234452399,0.3624758918973852,-0.00957408263809919,-0.922372992571544,0.5285987858073239,0.4958042403397115,1,Dynamic Winger / Dribbler,"{""Forward Archetype 1 (Low PrgC)"": 0.0, ""Forward Archetype 2 (High PrgC)"": 1.0}",1.688,0.578
Zito Luvumbo,ao ANG,2002.0,1606,26,2,2,2.1,3.1,17,31,70,10,4,25,22.0,Cagliari,it Serie A,"FW,MF",Forward,0.118,0.174,0.953,1.737,3.923,0.56,0.224,1.401,7.6,67.0,36.1,31.4,82.0,20.6,37.5,69.2,zito_luvumbo_ao_ang_2002_0,Zito Luvumbo,1606,-0.09641099301547079,0.9075831780763117,0.028599342177926278,-1.1010223832936337,1.7045151713058915,-1.4358524719753893,-1.1972624335421627,1.024850245723593,1,Dynamic Winger / Dribbler,"{""Forward Archetype 1 (Low PrgC)"": 0.048, ""Forward Archetype 2 (High PrgC)"": 0.952}",2.125,-1.148
Zuriko Davitashvili,ge GEO,2001.0,2778,33,9,8,6.6,4.7,50,73,95,22,14,46,23.0,Saint-Étienne,fr Ligue 1,"FW,MF",Forward,0.214,0.152,1.62,2.365,3.078,0.713,0.454,1.49,34.1,58.9,77.6,55.0,70.1,33.3,77.2,73.4,zuriko_davitashvili_ge_geo_2001_0,Zuriko Davitashvili,2778,0.6017484319806498,0.6415654522128886,1.0616117758022767,-0.7338322447319238,1.0541310583365728,-1.2364556182982618,-0.7224441554914666,1.1629297016742248,1,Dynamic Winger / Dribbler,"{""Forward Archetype 1 (Low PrgC)"": 0.359, ""Forward Archetype 2 (High PrgC)"": 0.641}",2.291,-0.844
Álex Berenguer,es ESP,1995.0,2339,36,6,7,6.0,5.0,46,78,65,32,10,33,29.0,Athletic Club,es La Liga,"FW,MF",Forward,0.231,0.192,1.77,3.001,2.501,1.231,0.385,1.27,39.7,75.9,81.6,71.8,57.6,64.5,66.1,62.5,lex_berenguer_es_esp_1995_0,Álex Berenguer,2339,0.7253808301570461,1.12523404469184,1.293923417546883,-0.3619645247872623,0.6100226166995354,-0.5613734600972666,-0.8648896389066755,0.8216096982007528,1,Dynamic Winger / Dribbler,"{""Forward Archetype 1 (Low PrgC)"": 0.7194, ""Forward Archetype 2 (High PrgC)"": 0.2806}",2.281,-0.382
Álex Grimaldo,es ESP,1995.0,2636,32,2,7,2.5,8.1,73,160,86,24,16,20,28.0,Leverkusen,de Bundesliga,DF,Defender,0.085,0.277,2.492,5.463,2.936,0.819,0.546,0.683,87.2,99.5,99.9,90.6,93.9,3.3,8.8,79.8,lex_grimaldo_es_esp_1995_0,Álex Grimaldo,2636,-0.3364032953578871,2.153029803709612,2.412116786477589,1.0775611458161292,0.9448357399440958,-1.0983113928748922,-0.5325168442711882,-0.08909412924891999,0,Ball-Playing Defender,"{""Defender Archetype 1 (Low PrgC)"": 0.0, ""Defender Archetype 2 (High xAG)"": 1.0, ""Defender Archetype 3 (Low npxG)"": 0.0}",2.748,1.04
Álex Moreno,es ESP,1993.0,955,15,0,1,0.2,1.3,8,34,26,25,15,8,31.0,Nott'ham Forest,eng Premier League,"DF,MF",Defender,0.019,0.123,0.754,3.204,2.45,2.356,1.414,0.754,23.9,85.2,71.9,45.9,88.0,81.6,82.2,81.8,lex_moreno_es_esp_1993_0,Álex Moreno,955,-0.81638790004272,0.29090572266564885,-0.27960076920325155,-0.2432708971948623,0.5707686643191389,0.9047798757639671,1.259406048546221,0.021059144599336794,0,Ball-Playing Defender,"{""Defender Archetype 1 (Low PrgC)"": 0.0, ""Defender Archetype 2 (High xAG)"": 0.9753, ""Defender Archetype 3 (Low npxG)"": 0.0247}",-0.601,1.225
Álex Muñoz,es ESP,1994.0,1415,21,3,0,0.9,0.5,7,45,15,39,16,2,30.0,Las Palmas,es La Liga,DF,Defender,0.057,0.032,0.445,2.862,0.954,2.481,1.018,0.127,68.8,46.3,52.9,34.9,47.7,86.1,51.5,23.5,lex_mu_oz_es_esp_1994_0,Álex Muñoz,1415,-0.5400331276484224,-0.8094403252239655,-0.7581627511971409,-0.44323750131604833,-0.580680605505832,1.067685801970771,0.441892839380675,-0.9517028653000583,1,Stopper / Defensive Destroyer,"{""Defender Archetype 1 (Low PrgC)"": 0.3047, ""Defender Archetype 2 (High xAG)"": 0.0192, ""Defender Archetype 3 (Low npxG)"": 0.6761}",-1.869,0.142
Álex Suárez,es ESP,1993.0,2460,30,0,0,0.5,0.1,3,53,6,40,13,0,31.0,Las Palmas,es La Liga,DF,Defender,0.018,0.004,0.11,1.939,0.22,1.463,0.476,0.0,22.7,10.0,10.6,9.1,8.2,35.7,5.6,4.3,lex_su_rez_es_esp_1993_0,Álex Suárez,2460,-0.8236603940530962,-1.1480083399592313,-1.2769920844267622,-0.9829134533741029,-1.1456296456472281,-0.25902006105743886,-0.6770267549822697,-1.1487375945779261,1,Stopper / Defensive Destroyer,"{""Defender Archetype 1 (Low PrgC)"": 0.9966, ""Defender Archetype 2 (High xAG)"": 0.0001, ""Defender Archetype 3 (Low npxG)"": 0.0033}",-2.087,-1.453
Álex Valle,es ESP,2004.0,1030,15,0,0,0.3,0.7,11,44,19,26,8,9,20.0,Como,it Serie A,DF,Defender,0.026,0.061,0.961,3.845,1.66,2.272,0.699,0.786,33.3,64.6,79.4,64.0,69.1,78.9,20.3,84.1,lex_valle_es_esp_2004_0,Álex Valle,1030,-0.7654804419700862,-0.45878059567672574,0.0409892964043053,0.13152031111414414,-0.03728275490661455,0.7953070933529949,-0.21665946800268185,0.07070569055911458,0,Ball-Playing Defender,"{""Defender Archetype 1 (Low PrgC)"": 0.0, ""Defender Archetype 2 (High xAG)"": 0.1175, ""Defender Archetype 3 (Low npxG)"": 0.8825}",-0.48,0.642
Álvaro García,es ESP,1992.0,2559,36,4,5,7.6,5.0,50,71,68,33,32,10,31.0,Rayo Vallecano,es La Liga,"FW,MF",Forward,0.267,0.176,1.758,2.497,2.392,1.161,1.125,0.352,52.3,68.2,80.7,60.8,55.9,61.0,99.1,11.5,lvaro_garc_a_es_esp_1992_0,Álvaro García,2559,0.9871906145305913,0.9317666077002593,1.2753384862073145,-0.6566521519132206,0.5261269145531973,-0.6526007787730769,0.6627865600390422,-0.6026255890203711,0,Clinical Finisher / Poacher,"{""Forward Archetype 1 (Low PrgC)"": 0.0, ""Forward Archetype 2 (High PrgC)"": 1.0}",1.142,-0.373
Álvaro Morata,es ESP,1992.0,1099,16,5,0,3.9,0.8,7,26,18,16,5,6,31.0,Milan,it Serie A,"FW,MF",Forward,0.319,0.066,0.573,2.129,1.474,1.31,0.409,0.491,66.0,15.6,9.5,47.6,33.3,70.5,69.8,20.8,lvaro_morata_es_esp_1992_0,Álvaro Morata,1099,1.3653603030701567,-0.3983220216168568,-0.5599234835750768,-0.8718208955289996,-0.18044422829394374,-0.45841691473456675,-0.8153433838057333,-0.38697340500758654,0,Clinical Finisher / Poacher,"{""Forward Archetype 1 (Low PrgC)"": 0.9875, ""Forward Archetype 2 (High PrgC)"": 0.0125}",0.081,-1.85
Álvaro Rodríguez,uy URU,2004.0,852,22,2,0,1.2,0.3,5,13,6,10,3,16,20.0,Getafe,es La Liga,FW,Forward,0.127,0.032,0.528,1.373,0.634,1.056,0.317,1.69,9.4,5.2,7.1,20.2,7.8,51.2,55.1,80.6,lvaro_rodr_guez_uy_uru_2004_0,Álvaro Rodríguez,852,-0.030958546922084437,-0.8094403252239655,-0.6296169760984587,-1.313852336217937,-0.8269799145593018,-0.7894417567867921,-1.0052706950260117,1.4732206139228357,0,Clinical Finisher / Poacher,"{""Forward Archetype 1 (Low PrgC)"": 0.5405, ""Forward Archetype 2 (High PrgC)"": 0.4595}",-0.018,-1.711
Álvaro Tejero,es ESP,1996.0,1238,28,1,4,0.6,2.9,33,46,27,14,13,3,28.0,Espanyol,es La Liga,"MF,DF",Midfielder,0.044,0.211,2.399,3.344,1.963,1.018,0.945,0.218,23.1,88.6,95.1,26.4,68.1,9.7,62.6,10.0,lvaro_tejero_es_esp_1996_0,Álvaro Tejero,1238,-0.6345755497833137,1.3549766261193419,2.268083568595933,-0.16141322299320743,0.19593190335338967,-0.8389651583536605,0.2911896467819756,-0.8105205002269403,0,Deep-Lying Playmaker,"{""Midfielder Archetype 1 (Low xAG)"": 0.0, ""Midfielder Archetype 2 (High xAG)"": 1.0}",1.22,0.526
Álvaro djaló,es ESP,1999.0,659,17,1,0,0.8,0.9,4,13,22,8,1,14,24.0,Athletic Club,es La Liga,FW,Forward,0.109,0.123,0.546,1.775,3.005,1.093,0.137,1.912,6.5,45.3,8.4,34.5,67.8,55.4,20.2,87.1,lvaro_djal__es_esp_1999_0,Álvaro djaló,659,-0.16186343910885703,0.29090572266564885,-0.6017395790891058,-1.0788038717246131,0.9979440284587502,-0.7412216026295783,-1.3768676082830782,1.8176435265187936,1,Dynamic Winger / Dribbler,"{""Forward Archetype 1 (Low PrgC)"": 0.0564, ""Forward Archetype 2 (High PrgC)"": 0.9436}",1.501,-1.082
Ángel Correa,ar ARG,1995.0,805,31,4,1,4.5,2.1,14,25,30,9,4,13,29.0,Atlético Madrid,es La Liga,"FW,MF",Forward,0.503,0.235,1.565,2.795,3.354,1.006,0.447,1.453,90.6,84.9,74.7,67.4,74.9,49.2,76.4,71.6,ngel_correa_ar_arg_1995_0,Ángel Correa,805,2.7034992009793872,1.6451777816067126,0.9764308404959207,-0.48241224539826905,1.2665642123951906,-0.8546041272695136,-0.7368951465625748,1.105525882908232,1,Dynamic Winger / Dribbler,"{""Forward Archetype 1 (Low PrgC)"": 0.9796, ""Forward Archetype 2 (High PrgC)"": 0.0204}",3.405,-1.171
Éder Militão,br BRA,1998.0,938,12,1,1,0.6,0.5,6,46,7,19,12,5,26.0,Real Madrid,es La Liga,DF,Defender,0.058,0.048,0.576,4.414,0.672,1.823,1.151,0.48,70.1,57.4,63.6,77.3,33.3,57.0,63.9,67.1,der_milit_o_br_bra_1998_0,Éder Militão,938,-0.532760633638046,-0.6159728882323849,-0.5552772507401846,0.4642132869765848,-0.797731871609202,0.21014900641815587,0.7164616697317296,-0.40403940518126014,1,Stopper / Defensive Destroyer,"{""Defender Archetype 1 (Low PrgC)"": 0.0671, ""Defender Archetype 2 (High xAG)"": 0.0282, ""Defender Archetype 3 (Low npxG)"": 0.9047}",-1.454,0.41
Éderson,br BRA,1999.0,2881,37,4,1,4.1,4.3,37,216,40,52,35,23,25.0,Atalanta,it Serie A,MF,Midfielder,0.128,0.134,1.156,6.748,1.25,1.624,1.093,0.719,67.7,66.6,57.7,89.7,44.1,36.0,71.2,50.2,derson_br_bra_1999_0,Éderson,2881,-0.023686052911708177,0.4239145855973606,0.3429944306722936,1.828897655452749,-0.3528537446313725,-0.04919722810307556,0.5967248865711192,-0.03324176504417015,1,Box-to-Box / Pressing Engine,"{""Midfielder Archetype 1 (Low xAG)"": 0.8563, ""Midfielder Archetype 2 (High xAG)"": 0.1437}",0.086,1.288
Óscar Mingueza,es ESP,1999.0,2729,34,4,6,1.5,5.6,35,200,69,38,22,25,25.0,Celta Vigo,es La Liga,"MF,DF",Midfielder,0.049,0.185,1.154,6.596,2.276,1.253,0.726,0.824,26.8,82.6,57.2,87.6,76.5,16.3,43.7,59.6,scar_mingueza_es_esp_1999_0,Óscar Mingueza,2729,-0.5982130797314323,1.0405920410080234,0.3398969421156989,1.7400236091766663,0.43684341502131446,-0.5327020170848695,-0.16091993101412183,0.1296609638863505,0,Deep-Lying Playmaker,"{""Midfielder Archetype 1 (Low xAG)"": 0.0097, ""Midfielder Archetype 2 (High xAG)"": 0.9903}",0.919,1.201
Óscar Rodríguez Arnaiz,es ESP,1998.0,1330,29,1,4,2.1,2.2,19,60,24,32,20,21,26.0,Leganés,es La Liga,"MF,FW",Midfielder,0.142,0.149,1.286,4.06,1.624,2.165,1.353,1.421,72.0,73.5,65.6,43.6,59.9,63.3,84.7,84.2,scar_rodr_guez_arnaiz_es_esp_1998_0,Óscar Rodríguez Arnaiz,1330,0.07812886323355928,0.6052903077769672,0.5443311868509527,0.2572303107809712,-0.06499142717512975,0.6558596205199712,1.133475983497993,1.055879336948454,1,Box-to-Box / Pressing Engine,"{""Midfielder Archetype 1 (Low xAG)"": 0.9182, ""Midfielder Archetype 2 (High xAG)"": 0.0818}",0.455,1.246
Óscar Trejo,ar ARG,1988.0,496,19,1,0,0.6,1.0,9,37,15,8,4,8,36.0,Rayo Vallecano,es La Liga,MF,Midfielder,0.109,0.181,1.633,6.714,2.722,1.452,0.726,1.452,61.1,81.5,79.1,88.7,86.5,25.7,43.7,85.1,scar_trejo_ar_arg_1988_0,Óscar Trejo,496,-0.16186343910885703,0.9922251817601283,1.0817454514201423,1.8090179345752042,0.7801230770145879,-0.27335578256363774,-0.16091993101412183,1.1039744283469886,0,Deep-Lying Playmaker,"{""Midfielder Archetype 1 (Low xAG)"": 0.0342, ""Midfielder Archetype 2 (High xAG)"": 0.9658}",1.864,1.561
Óscar Valentín,es ESP,1994.0,1835,34,0,0,0.4,0.9,13,86,13,55,21,5,29.0,Rayo Vallecano,es La Liga,MF,Midfielder,0.02,0.044,0.638,4.218,0.638,2.698,1.03,0.245,6.6,18.7,22.9,47.8,12.4,83.4,67.7,12.4,scar_valent_n_es_esp_1994_0,Óscar Valentín,1835,-0.8091154060323437,-0.6643397474802801,-0.4592551054857472,0.34961254309426787,-0.8239011731961333,1.3504904898657824,0.4666659669311461,-0.7686312270733778,1,Box-to-Box / Pressing Engine,"{""Midfielder Archetype 1 (Low xAG)"": 0.999, ""Midfielder Archetype 2 (High xAG)"": 0.001}",-1.798,0.914
Óscar de Marcos,es ESP,1989.0,1564,26,0,4,1.0,2.6,19,102,26,32,16,4,35.0,Athletic Club,es La Liga,DF,Defender,0.058,0.15,1.093,5.87,1.496,1.841,0.921,0.23,70.1,90.2,85.2,92.9,63.6,58.3,40.8,38.6,scar_de_marcos_es_esp_1989_0,Óscar de Marcos,1564,-0.532760633638046,0.617382022588941,0.245423541139559,1.3155330986737979,-0.1635111507965177,0.23360745979193562,0.24164339168103363,-0.7919030454920237,0,Ball-Playing Defender,"{""Defender Archetype 1 (Low PrgC)"": 0.0, ""Defender Archetype 2 (High xAG)"": 0.9994, ""Defender Archetype 3 (Low npxG)"": 0.0006}",-0.214,1.163
Ümit Akdag,ro ROU,2003.0,500,9,0,0,0.1,0.1,2,29,4,8,11,1,20.0,Toulouse,fr Ligue 1,DF,Defender,0.018,0.018,0.36,5.22,0.72,1.44,1.98,0.18,22.7,30.3,45.3,87.8,36.1,34.4,96.9,32.4,mit_akdag_ro_rou_2003_0,Ümit Akdag,500,-0.8236603940530962,-0.9787243325915984,-0.889806014852418,0.9354796113089705,-0.7607869752511817,-0.28899475147949094,2.427871898010108,-0.8694757735541765,1,Stopper / Defensive Destroyer,"{""Defender Archetype 1 (Low PrgC)"": 0.97, ""Defender Archetype 2 (High xAG)"": 0.0001, ""Defender Archetype 3 (Low npxG)"": 0.0299}",-2.5,0.965
Þórir Jóhann Helgason,is ISL,2000.0,1156,21,0,4,1.2,1.1,22,38,20,10,6,8,23.0,Lecce,it Serie A,MF,Midfielder,0.093,0.086,1.713,2.958,1.557,0.779,0.467,0.623,53.7,46.3,82.3,18.1,56.1,4.3,21.2,42.5,rir_j_hann_helgason_is_isl_2000_0,Þórir Jóhann Helgason,1156,-0.27822334327487713,-0.15648772537738123,1.2056449936839326,-0.3871065247206277,-0.11656034500820009,-1.1504412892610691,-0.6956066006451229,-0.18218140292350332,0,Deep-Lying Playmaker,"{""Midfielder Archetype 1 (Low xAG)"": 0.1059, ""Midfielder Archetype 2 (High xAG)"": 0.8941}",0.667,-0.749
İlkay Gündoğan,de GER,1990.0,2223,33,1,6,3.2,3.5,44,127,64,25,13,17,33.0,Manchester City,eng Premier League,MF,Midfielder,0.13,0.142,1.781,5.142,2.591,1.012,0.526,0.688,67.8,70.1,84.6,69.8,84.9,9.3,26.3,47.0,lkay_g_ndo_an_de_ger_1990_0,İlkay Gündoğan,2223,-0.009141064890955654,0.5206483040931507,1.310959604608154,0.8898731928251915,0.679294297370824,-0.846784642811587,-0.5738053901886401,-0.08133685644270489,0,Deep-Lying Playmaker,"{""Midfielder Archetype 1 (Low xAG)"": 0.1021, ""Midfielder Archetype 2 (High xAG)"": 0.8979}",1.468,0.335
